,GeoID,N_HFood
0,36005000100,0.0
1,36005000200,0.001797123328645448
2,36005000400,0.009036509966405376
3,36005001600,0.0
4,36005001900,0.0
5,36005002000,0.0
6,36005002300,0.0
7,36005002400,0.0
8,36005002500,0.0
9,36005002701,0.0
10,36005002702,0.0
11,36005002800,0.0
12,36005003100,0.0
13,36005003300,0.0
14,36005003500,0.0
15,36005003700,0.0
16,36005003800,0.0
17,36005003900,0.0
18,36005004001,0.0
19,36005004100,0.0
20,36005004200,0.0
21,36005004300,0.0
22,36005004400,0.0
23,36005004600,0.0
24,36005004800,0.0
25,36005005001,0.0
26,36005005002,0.0
27,36005005100,0.0
28,36005005200,0.0
29,36005005300,0.0
30,36005005400,0.0
31,36005005600,0.0
32,36005005902,0.0
33,36005006000,0.0
34,36005006100,0.0
35,36005006200,0.0
36,36005006300,0.0
37,36005006400,0.0
38,36005006500,0.0
39,36005006700,0.0
40,36005006800,0.0
41,36005006900,0.0
42,36005007000,0.0
43,36005007100,0.0
44,36005007200,0.0
45,36005007300,0.0
46,36005007400,0.0
47,36005007500,0.0
48,36005007600,0.0
49,36005007700,0.0
50,36005007800,0.0
51,36005007900,0.0
52,36005008300,0.0
53,36005008400,0.0
54,36005008500,0.0
55,36005008600,0.0
56,36005008700,0.0
57,36005008900,0.0
58,36005009000,0.0
59,36005009200,0.0
60,36005009300,0.0
61,36005009600,0.0016127617309859153
62,36005009800,0.0
63,36005011000,0.22011137562790697
64,36005011502,0.0
65,36005011700,0.0
66,36005011800,0.06878196414974619
67,36005011900,0.0
68,36005012101,0.0
69,36005012102,0.0
70,36005012300,0.0
71,36005012500,0.0
72,36005012701,0.0
73,36005012901,0.0
74,36005013000,0.0011471445259433962
75,36005013100,0.0
76,36005013200,0.09297003892955169
77,36005013300,0.0
78,36005013500,0.0
79,36005013800,0.10588918467552777
80,36005014100,0.0
81,36005014300,0.0
82,36005014400,0.03448751802367942
83,36005014500,0.0
84,36005014701,0.0
85,36005014702,0.0
86,36005014900,0.0
87,36005015100,0.0
88,36005015200,0.0
89,36005015300,0.0
90,36005015500,0.0
91,36005015700,0.0
92,36005015800,0.0
93,36005015900,0.0
94,36005016000,0.0
95,36005016100,0.0
96,36005016200,0.0
97,36005016300,0.0
98,36005016400,0.0
99,36005016500,0.0
100,36005016600,0.0
101,36005016700,0.0
102,36005016900,0.0
103,36005017100,0.0
104,36005017300,0.0
105,36005017500,0.0
106,36005017701,0.0
107,36005017702,0.0
108,36005017901,0.0
109,36005017902,0.0
110,36005018101,0.0
111,36005018102,0.0
112,36005018301,0.0
113,36005018302,0.0
114,36005018400,0.0
115,36005018500,0.0
116,36005018900,0.0
117,36005019300,0.0
118,36005019400,0.0
119,36005019500,0.0
120,36005019700,0.0
121,36005019900,0.0
122,36005020000,0.0
123,36005020100,0.0
124,36005020200,0.0
125,36005020400,0.0
126,36005020501,0.0
127,36005020502,0.0
128,36005020601,0.0
129,36005020900,0.0
130,36005021001,0.0
131,36005021002,0.0
132,36005021100,0.0
133,36005021200,0.0
134,36005021301,0.0
135,36005021302,0.0
136,36005021501,0.0
137,36005021502,0.0
138,36005021601,0.0
139,36005021602,0.0
140,36005021700,0.0
141,36005021800,0.0
142,36005021900,0.0
143,36005022000,0.0
144,36005022101,0.0
145,36005022102,0.0
146,36005022200,0.0
147,36005022300,0.0
148,36005022401,0.0
149,36005022403,0.0
150,36005022404,0.0
151,36005022500,0.0
152,36005022701,0.0
153,36005022702,0.0
154,36005022703,0.0
155,36005022800,0.0
156,36005022901,0.0
157,36005022902,0.0
158,36005023000,0.0
159,36005023100,0.0
160,36005023200,0.0
161,36005023301,0.0
162,36005023302,0.0
163,36005023501,0.0
164,36005023502,0.0
165,36005023600,0.0
166,36005023702,0.0
167,36005023703,0.0
168,36005023704,0.0
169,36005023800,0.0
170,36005023900,0.0
171,36005024000,0.0
172,36005024100,0.0
173,36005024300,0.0
174,36005024400,0.0
175,36005024501,0.0
176,36005024502,0.0
177,36005024600,0.0
178,36005024700,0.0
179,36005024800,0.0
180,36005024900,0.0
181,36005025000,0.0
182,36005025100,0.0
183,36005025200,0.0
184,36005025300,0.0
185,36005025400,0.0
186,36005025500,0.0
187,36005025600,0.0
188,36005025700,0.0
189,36005026100,0.0
190,36005026300,0.0
191,36005026400,0.0
192,36005026500,0.0
193,36005026601,0.0
194,36005026602,0.0
195,36005026701,0.0
196,36005026702,0.0
197,36005026900,0.0
198,36005027300,0.0
199,36005027401,0.0
200,36005027402,0.0
201,36005027600,0.18120946751152076
202,36005027700,0.0
203,36005027900,0.0
204,36005028100,0.0
205,36005028300,0.0
206,36005028400,0.0017844445901639343
207,36005028500,0.0
208,36005028600,0.0
209,36005028700,0.0
210,36005028800,0.0
211,36005028900,0.0
212,36005029301,0.007933687769060773
213,36005029302,0.0
214,36005029500,0.0
215,36005029600,0.5161608395284327
216,36005029700,0.0
217,36005030000,0.0
218,36005030100,0.0
219,36005030200,0.0008856640059765719
220,36005030701,0.043901483204633204
221,36005030900,0.036134566854182086
222,36005031000,0.0009526835747663551
223,36005031200,0.004975210391681109
224,36005031400,0.012207424752351096
225,36005031600,0.0
226,36005031800,0.0
227,36005031900,0.0
228,36005032300,0.0
229,36005032400,0.0
230,36005032600,0.0
231,36005032800,0.0
232,36005033000,0.0
233,36005033201,0.0
234,36005033202,0.0
235,36005033400,0.0
236,36005033500,0.013208907136181575
237,36005033600,0.0
238,36005033700,0.0
239,36005033800,0.0
240,36005034000,0.0
241,36005034200,0.0
242,36005034300,0.0
243,36005034400,0.0
244,36005034500,0.0
245,36005034800,0.0
246,36005035000,0.0
247,36005035100,0.18913005688073395
248,36005035600,0.0
249,36005035800,0.0
250,36005035900,0.0
251,36005036000,0.0
252,36005036100,0.0
253,36005036300,0.0
254,36005036400,0.0
255,36005036501,0.0
256,36005036502,0.0
257,36005036700,0.0
258,36005036800,0.0
259,36005036901,0.0
260,36005036902,0.0
261,36005037000,0.0
262,36005037100,0.0
263,36005037200,0.0
264,36005037300,0.0
265,36005037400,0.0
266,36005037504,0.0
267,36005037600,0.0
268,36005037800,0.0
269,36005037900,0.0
270,36005038000,0.0
271,36005038100,0.0
272,36005038200,0.0
273,36005038301,0.0
274,36005038302,0.0
275,36005038500,0.0
276,36005038600,0.0
277,36005038700,0.0
278,36005038800,0.0
279,36005038900,0.0
280,36005039000,0.0
281,36005039100,0.0
282,36005039200,0.0
283,36005039300,0.0
284,36005039400,0.0
285,36005039500,0.0
286,36005039600,0.0
287,36005039700,0.0
288,36005039800,0.0
289,36005039901,0.0
290,36005039902,0.0
291,36005040100,0.0
292,36005040302,0.0
293,36005040303,0.0
294,36005040304,0.0
295,36005040400,0.0
296,36005040501,0.0
297,36005040502,0.0
298,36005040600,0.0
299,36005040701,0.0
300,36005040702,0.0
301,36005040800,0.0
302,36005040900,0.0
303,36005041100,0.0
304,36005041300,0.0
305,36005041400,0.0
306,36005041500,0.0
307,36005041800,0.0
308,36005041900,0.0
309,36005042000,0.0
310,36005042100,0.0
311,36005042200,0.0
312,36005042300,0.0
313,36005042400,0.0
314,36005042500,0.0
315,36005042600,0.0
316,36005042800,0.0
317,36005042901,0.0
318,36005042902,0.0
319,36005043000,0.0
320,36005043100,0.0
321,36005043400,0.0
322,36005043500,0.0
323,36005043600,0.0
324,36005044200,0.0
325,36005044400,0.0
326,36005044800,0.06782032119335347
327,36005044901,0.0
328,36005044902,0.0
329,36005045101,0.0
330,36005045102,0.0
331,36005045600,0.011735553050524308
332,36005045800,0.0
333,36005046000,0.0
334,36005046201,0.0
335,36005046202,0.0
336,36005048400,0.0
337,36005050400,0.5333333315789474
338,36005051600,0.05246616562962963
339,36047000100,0.0
340,36047000200,0.0
341,36047000301,0.0
342,36047000501,0.0
343,36047000502,0.0
344,36047000700,0.0
345,36047000900,0.0
346,36047001100,0.0
347,36047001300,0.0
348,36047001500,0.0
349,36047001800,0.0
350,36047002000,0.0
351,36047002100,0.0
352,36047002200,0.0
353,36047002300,0.0
354,36047002901,0.0
355,36047003000,0.0
356,36047003100,0.0
357,36047003300,0.0
358,36047003400,0.19673785284132844
359,36047003500,0.0
360,36047003600,0.0
361,36047003700,0.0
362,36047003800,0.0981004894281525
363,36047003900,0.0
364,36047004100,0.0
365,36047004300,0.0
366,36047004400,0.021556238184647303
367,36047004500,0.0
368,36047004600,0.044885688187919465
369,36047004700,0.0
370,36047004900,0.0
371,36047005000,0.12995702671102663
372,36047005100,0.0
373,36047005201,0.36118243498671393
374,36047005202,0.12748259149539334
375,36047005300,0.0
376,36047005400,0.0
377,36047005601,0.0
378,36047005602,0.0
379,36047005800,0.0
380,36047005900,0.00281217787835703
381,36047006000,0.0
382,36047006200,0.0
383,36047006300,0.0
384,36047006400,0.0
385,36047006500,0.0
386,36047006600,0.0
387,36047006700,0.0
388,36047006800,0.0
389,36047006900,0.0
390,36047007000,0.0
391,36047007100,0.0
392,36047007200,0.0
393,36047007400,0.0
394,36047007500,0.0
395,36047007600,0.0
396,36047007700,0.0
397,36047007800,0.0
398,36047008000,0.0
399,36047008200,0.0
400,36047008400,0.0
401,36047008500,0.0
402,36047008600,0.0
403,36047008800,0.0
404,36047009000,0.0
405,36047009200,0.0
406,36047009400,0.0
407,36047009600,0.0
408,36047009800,0.0
409,36047010000,0.0
410,36047010100,0.0
411,36047010200,0.0
412,36047010400,0.0
413,36047010600,0.0
414,36047010800,0.0
415,36047011000,0.0
416,36047011200,0.0
417,36047011400,0.0
418,36047011600,0.0
419,36047011700,0.0
420,36047011800,0.0
421,36047011900,0.0
422,36047012000,0.0
423,36047012100,0.0
424,36047012200,0.0
425,36047012600,0.0
426,36047012700,0.0
427,36047012801,0.0
428,36047012901,0.0
429,36047012902,0.0
430,36047013000,0.0
431,36047013100,0.0
432,36047013200,0.0
433,36047013300,0.0
434,36047013400,0.0
435,36047013500,0.0
436,36047013600,0.0
437,36047013700,0.0
438,36047013800,0.0
439,36047013900,0.0
440,36047014000,0.0
441,36047014100,0.0
442,36047014200,0.0
443,36047014300,0.0
444,36047014500,0.0
445,36047014700,0.0
446,36047014800,0.0
447,36047014900,0.0
448,36047015000,0.0
449,36047015100,0.0
450,36047015200,0.0
451,36047015300,0.0
452,36047015400,0.0
453,36047015500,0.0
454,36047015700,0.0
455,36047015900,0.0
456,36047016000,0.0
457,36047016100,0.0
458,36047016200,0.0
459,36047016300,0.0
460,36047016400,0.14629225257641923
461,36047016500,0.0
462,36047016600,0.0
463,36047016700,0.0001643537045563549
464,36047016800,0.09201118355982274
465,36047016900,0.09698410737349397
466,36047017000,0.0
467,36047017100,0.33750830181023717
468,36047017200,0.0
469,36047017400,0.010867203188596491
470,36047017500,0.0
471,36047017600,0.0
472,36047017700,0.0
473,36047017800,0.0
474,36047017900,0.0
475,36047018000,0.0
476,36047018100,0.0
477,36047018200,0.0
478,36047018300,0.0
479,36047018400,0.0
480,36047018501,0.0
481,36047018600,0.0
482,36047018700,0.0
483,36047018800,0.0
484,36047019000,0.0
485,36047019100,0.0
486,36047019200,0.0
487,36047019300,0.0
488,36047019400,0.0
489,36047019500,0.0
490,36047019600,0.0
491,36047019700,0.0
492,36047019800,0.0
493,36047019900,0.0
494,36047020000,0.0
495,36047020100,0.0
496,36047020200,0.0
497,36047020300,0.0
498,36047020400,0.0
499,36047020500,0.0
500,36047020600,0.0
501,36047020700,0.0
502,36047020800,0.0
503,36047021000,0.0
504,36047021100,0.0
505,36047021200,0.0
506,36047021300,0.0
507,36047021400,0.0
508,36047021500,0.0
509,36047021600,0.0
510,36047021700,0.0
511,36047021800,0.0
512,36047021900,0.0
513,36047022000,0.0
514,36047022100,0.0
515,36047022200,0.0
516,36047022400,0.0
517,36047022600,0.0
518,36047022700,0.0
519,36047022800,0.0
520,36047022900,0.0
521,36047023000,0.0
522,36047023100,0.0
523,36047023200,0.0
524,36047023300,0.0
525,36047023400,0.0
526,36047023500,0.0
527,36047023600,0.0
528,36047023800,0.0
529,36047024000,0.0
530,36047024100,0.0
531,36047024200,0.0
532,36047024300,0.0
533,36047024400,0.0
534,36047024500,0.0
535,36047024600,0.0
536,36047024700,0.0
537,36047024800,0.0
538,36047024900,0.0
539,36047025000,0.0
540,36047025100,0.0
541,36047025200,0.0
542,36047025300,0.0
543,36047025400,0.0
544,36047025500,0.0
545,36047025600,0.0
546,36047025700,0.0
547,36047025800,0.0
548,36047025901,0.0
549,36047025902,0.0
550,36047026000,0.0
551,36047026100,0.0
552,36047026200,0.0
553,36047026300,0.0
554,36047026400,0.0
555,36047026500,0.0
556,36047026600,0.0
557,36047026700,0.0
558,36047026800,0.0
559,36047026900,0.0
560,36047027000,0.0
561,36047027100,0.0
562,36047027200,0.0
563,36047027300,0.0
564,36047027400,0.0
565,36047027500,0.0
566,36047027600,0.0
567,36047027700,0.0
568,36047027800,0.0
569,36047027900,0.0
570,36047028000,0.0
571,36047028100,0.0
572,36047028200,2.683413970588235e-05
573,36047028300,0.0
574,36047028400,0.0
575,36047028501,0.0
576,36047028502,0.0
577,36047028600,0.02406824227250369
578,36047028700,0.0
579,36047028800,0.0
580,36047028900,0.0
581,36047029000,0.0
582,36047029100,0.0
583,36047029200,0.0
584,36047029300,0.0
585,36047029400,0.0
586,36047029500,0.0
587,36047029600,0.0
588,36047029700,0.0
589,36047029800,0.0
590,36047029900,0.0
591,36047030000,0.0
592,36047030100,0.0
593,36047030200,0.0
594,36047030300,0.0
595,36047030400,0.002906191387538941
596,36047030500,0.0
597,36047030600,0.0
598,36047030700,0.0
599,36047030800,0.0
600,36047030900,0.0
601,36047031100,0.0
602,36047031300,0.0
603,36047031400,0.0
604,36047031500,0.0
605,36047031701,0.0
606,36047031702,0.0
607,36047031900,0.0
608,36047032100,0.0
609,36047032300,0.0
610,36047032500,0.0
611,36047032600,0.0
612,36047032700,0.0
613,36047032800,0.0
614,36047032900,0.0
615,36047033000,0.0
616,36047033100,0.0
617,36047033300,0.0
618,36047033500,0.0
619,36047033600,0.06527205480195333
620,36047033700,0.0
621,36047033900,0.0
622,36047034000,0.0
623,36047034100,0.0
624,36047034200,0.0
625,36047034300,0.0
626,36047034500,0.0
627,36047034700,0.0
628,36047034800,0.0
629,36047034900,0.0
630,36047035000,0.0
631,36047035100,0.0
632,36047035200,0.0
633,36047035300,0.0
634,36047035400,0.0
635,36047035500,0.0
636,36047035601,0.0
637,36047035602,0.0
638,36047035700,0.0
639,36047035900,0.0
640,36047036001,0.0
641,36047036002,0.0
642,36047036100,0.0
643,36047036200,0.0
644,36047036300,0.0
645,36047036400,0.0
646,36047036501,0.0
647,36047036502,0.0
648,36047036600,0.0
649,36047036700,0.0
650,36047036900,0.0
651,36047037000,0.0
652,36047037100,0.0
653,36047037300,0.0
654,36047037401,0.0
655,36047037402,0.0
656,36047037500,0.0
657,36047037700,0.0
658,36047037900,0.0
659,36047038100,0.0
660,36047038200,0.0
661,36047038300,0.0
662,36047038500,0.0
663,36047038600,0.0
664,36047038700,0.0
665,36047038800,0.0
666,36047038900,0.0
667,36047039000,0.0
668,36047039100,0.0
669,36047039200,0.0
670,36047039300,0.0
671,36047039400,0.0
672,36047039500,0.0
673,36047039600,0.0
674,36047039700,0.0
675,36047039800,0.0
676,36047039900,0.0
677,36047040000,0.0
678,36047040100,0.0
679,36047040200,0.0
680,36047040300,0.0
681,36047040400,0.0
682,36047040500,0.0
683,36047040600,0.0
684,36047040700,0.0
685,36047040800,0.0
686,36047040900,0.0
687,36047041000,0.0
688,36047041100,0.0
689,36047041200,0.0
690,36047041300,0.0
691,36047041401,0.0
692,36047041402,0.0
693,36047041500,0.0
694,36047041600,0.0
695,36047041700,0.0
696,36047041800,0.0
697,36047041900,0.0
698,36047042000,0.0
699,36047042100,0.0
700,36047042200,0.0
701,36047042300,0.0
702,36047042400,0.0
703,36047042500,0.0
704,36047042600,0.0
705,36047042700,0.0
706,36047042800,0.0
707,36047042900,0.0
708,36047043000,0.0
709,36047043100,0.0
710,36047043200,0.0
711,36047043300,0.0
712,36047043400,0.0
713,36047043500,0.0
714,36047043600,0.0
715,36047043700,0.0
716,36047043800,0.0
717,36047043900,0.0
718,36047044000,0.0
719,36047044100,0.0
720,36047044200,0.0
721,36047044300,0.0
722,36047044400,0.0
723,36047044500,0.0
724,36047044600,0.0
725,36047044700,0.0
726,36047044800,0.0
727,36047044900,0.0
728,36047045000,0.0
729,36047045200,0.0
730,36047045300,0.0
731,36047045400,0.0
732,36047045600,0.0
733,36047045800,0.0
734,36047046000,0.0
735,36047046201,0.0
736,36047046202,0.0
737,36047046400,0.0
738,36047046800,0.0
739,36047047000,0.0
740,36047047200,0.0
741,36047047400,0.0
742,36047047600,0.0
743,36047047700,0.0
744,36047047800,0.0
745,36047048000,0.0
746,36047048100,0.0
747,36047048200,0.0
748,36047048400,0.0
749,36047048500,0.0
750,36047048600,0.0
751,36047048800,0.0
752,36047048900,0.0
753,36047049000,0.0
754,36047049100,0.0
755,36047049200,0.0
756,36047049300,0.0
757,36047049400,0.0
758,36047049500,0.0
759,36047049600,0.0
760,36047049700,0.0
761,36047049800,0.0
762,36047049900,0.0
763,36047050000,0.0
764,36047050100,0.0
765,36047050202,0.3658363522944551
766,36047050300,0.0
767,36047050400,0.0
768,36047050500,0.0
769,36047050600,0.0
770,36047050700,0.0
771,36047050801,0.0
772,36047050803,0.0
773,36047050804,0.0
774,36047050900,0.0
775,36047051001,0.0
776,36047051002,0.0
777,36047051100,0.0
778,36047051200,0.0
779,36047051300,0.0
780,36047051400,0.0
781,36047051500,0.0
782,36047051601,0.0
783,36047051602,0.0
784,36047051700,0.0
785,36047051800,0.0
786,36047051900,0.0
787,36047052000,0.0
788,36047052300,0.0
789,36047052500,0.0
790,36047052600,0.0
791,36047052700,0.0
792,36047052800,0.0
793,36047052900,0.0
794,36047053000,0.0
795,36047053100,0.0
796,36047053200,0.0
797,36047053300,0.0
798,36047053400,0.0
799,36047053500,0.0
800,36047053700,0.0
801,36047053800,0.0
802,36047053900,0.0
803,36047054200,0.0
804,36047054300,0.0
805,36047054400,0.0
806,36047054500,0.0
807,36047054600,0.0
808,36047054700,0.0
809,36047054800,0.0
810,36047054900,0.0
811,36047055000,0.0
812,36047055100,0.0
813,36047055200,0.0
814,36047055300,0.0
815,36047055400,0.0
816,36047055500,0.0
817,36047055600,0.0
818,36047055700,0.0
819,36047055800,0.0
820,36047056000,0.0
821,36047056100,0.0
822,36047056200,0.0
823,36047056300,0.002326753031405783
824,36047056400,0.0
825,36047056500,7.405737083595224e-05
826,36047056600,0.0
827,36047056800,0.0
828,36047056900,0.0
829,36047057000,0.0
830,36047057100,0.0
831,36047057200,0.0
832,36047057300,0.0
833,36047057400,0.0
834,36047057500,0.0
835,36047057600,0.0
836,36047057800,0.0
837,36047057900,0.0
838,36047058000,0.0
839,36047058200,0.0
840,36047058400,0.0
841,36047058600,0.0
842,36047058800,0.0
843,36047058900,0.0
844,36047059000,0.0
845,36047059100,0.0
846,36047059200,0.0
847,36047059300,0.0
848,36047059401,0.0
849,36047059402,0.0
850,36047059600,0.0
851,36047059800,0.02449387553505535
852,36047060000,0.0
853,36047060600,0.0
854,36047060800,0.0
855,36047061002,0.0
856,36047061003,0.0
857,36047061004,0.0
858,36047061200,0.0
859,36047061600,0.03498634333996024
860,36047062000,0.01827223069767442
861,36047062200,0.15792764452054794
862,36047062600,0.0
863,36047062800,0.10132936449426487
864,36047063200,0.0
865,36047063600,0.0
866,36047063800,0.0
867,36047064000,0.0
868,36047064200,0.0
869,36047064400,0.0
870,36047064600,0.0
871,36047064800,0.0
872,36047065000,0.0
873,36047065200,0.0
874,36047065400,0.0
875,36047065600,0.0
876,36047065800,0.0
877,36047066000,0.0
878,36047066200,0.0
879,36047066600,0.0
880,36047067000,0.0
881,36047067200,0.0
882,36047067400,0.0
883,36047067600,0.0
884,36047067800,0.0
885,36047068000,0.0
886,36047068200,0.0
887,36047068600,0.0
888,36047068800,0.0
889,36047069000,0.0
890,36047069200,0.0
891,36047069601,0.0
892,36047069602,0.03574444398707891
893,36047069800,0.0
894,36047070000,0.0037303310954545452
895,36047070201,0.06695237008652657
896,36047070202,0.0
897,36047070203,0.0
898,36047070600,0.0081630948514174
899,36047072000,0.0
900,36047072200,0.0
901,36047072400,0.0
902,36047072600,0.0
903,36047072800,0.0
904,36047073000,0.0
905,36047073200,0.0
906,36047073400,0.0
907,36047073600,0.0
908,36047073800,0.0
909,36047074000,0.0
910,36047074200,0.0
911,36047074400,0.0
912,36047074600,0.0
913,36047074800,0.0
914,36047075000,0.0
915,36047075200,0.0
916,36047075400,0.0
917,36047075600,0.0
918,36047075800,0.0
919,36047076000,0.0
920,36047076200,0.0
921,36047076400,0.0
922,36047076600,0.0
923,36047076800,0.0
924,36047077000,0.0
925,36047077200,0.0
926,36047077400,0.0
927,36047077600,0.0
928,36047078000,0.0
929,36047078200,0.0
930,36047078400,0.0
931,36047078600,0.0
932,36047078800,0.0
933,36047079000,0.0
934,36047079200,0.0
935,36047079400,0.0
936,36047079601,0.0
937,36047079602,0.0
938,36047079801,0.0
939,36047079802,0.0
940,36047080000,0.0
941,36047080200,0.0
942,36047080400,0.0
943,36047080600,0.0
944,36047080800,0.0
945,36047081000,0.0
946,36047081400,0.0
947,36047081600,0.0
948,36047081800,0.0
949,36047082000,0.0
950,36047082200,0.0
951,36047082400,0.0
952,36047082600,0.0
953,36047082800,0.0
954,36047083000,0.0
955,36047083200,0.0
956,36047083400,0.0
957,36047083600,0.0
958,36047083800,0.0
959,36047084000,0.0
960,36047084600,0.0
961,36047084800,0.0
962,36047085000,0.0
963,36047085200,0.0
964,36047085400,0.0
965,36047085600,0.0
966,36047085800,0.0
967,36047086000,0.0
968,36047086200,0.0
969,36047086400,0.0
970,36047086600,0.0
971,36047086800,0.0
972,36047087000,0.0
973,36047087200,0.0
974,36047087401,0.0
975,36047087600,0.0
976,36047087800,0.0
977,36047088000,0.0
978,36047088200,0.0
979,36047088400,0.0
980,36047088600,0.0
981,36047088800,0.0
982,36047089000,0.0
983,36047089200,0.0
984,36047089400,0.0
985,36047089600,0.0
986,36047089800,0.0
987,36047090000,0.0
988,36047090200,0.0
989,36047090600,0.0
990,36047090800,0.0
991,36047091000,0.0
992,36047091200,0.0
993,36047091600,0.0
994,36047091800,0.0
995,36047092000,0.0
996,36047092200,0.0
997,36047092400,0.0
998,36047092800,0.0
999,36047093000,0.0
1000,36047093200,0.0
1001,36047093400,0.0
1002,36047093600,0.0
1003,36047093800,0.0
1004,36047094401,0.0
1005,36047094402,0.0
1006,36047094600,0.0
1007,36047095000,0.0
1008,36047095400,0.0
1009,36047095600,0.0
1010,36047095800,0.002963873348672566
1011,36047096000,0.0
1012,36047096200,0.04283598079096045
1013,36047096400,0.31590071167315176
1014,36047096600,0.1727665635724332
1015,36047096800,0.33632655771028036
1016,36047097000,0.2447253610958904
1017,36047097400,0.02474149926966292
1018,36047098200,0.0
1019,36047098400,0.0
1020,36047098600,0.0
1021,36047098800,0.11180325780346821
1022,36047099000,0.158004248061674
1023,36047099200,0.25751732965403623
1024,36047099400,0.18369449347471453
1025,36047099600,0.07108585890860691
1026,36047099800,0.1383477074845679
1027,36047100400,0.296684130982906
1028,36047100600,0.11242186485748218
1029,36047100800,0.044645371373134325
1030,36047101000,0.0
1031,36047101200,0.0
1032,36047101400,0.0
1033,36047101600,0.0
1034,36047101800,0.0
1035,36047102000,0.0
1036,36047102200,0.0
1037,36047102400,0.0
1038,36047102600,0.15111108049327354
1039,36047102800,0.0
1040,36047103400,0.0
1041,36047105801,0.0
1042,36047105804,0.0
1043,36047107000,0.0
1044,36047107800,0.0
1045,36047109800,0.11209175552536232
1046,36047110400,0.0
1047,36047110600,0.0
1048,36047111000,0.0
1049,36047111600,0.0
1050,36047111800,0.0
1051,36047112000,0.0
1052,36047112200,0.0
1053,36047112400,0.0
1054,36047112600,0.0
1055,36047112800,0.0
1056,36047113000,0.0
1057,36047113200,0.0
1058,36047113400,0.0
1059,36047114201,0.0
1060,36047114202,0.0
1061,36047114400,0.0
1062,36047114600,0.0
1063,36047115000,0.0
1064,36047115200,0.0
1065,36047115600,0.0
1066,36047115800,0.0
1067,36047116000,0.0
1068,36047116200,0.0
1069,36047116400,0.0
1070,36047116600,0.0
1071,36047116800,0.0
1072,36047117000,0.0
1073,36047117201,0.0
1074,36047117202,0.0
1075,36047117400,0.0
1076,36047117601,0.0
1077,36047117602,0.0
1078,36047117800,0.0
1079,36047118000,0.0
1080,36047118201,0.0
1081,36047118202,0.0
1082,36047118400,0.0
1083,36047118600,0.0
1084,36047118800,0.0
1085,36047119000,0.0
1086,36047119200,0.0
1087,36047119400,0.0
1088,36047119600,0.0
1089,36047119800,0.0
1090,36047120000,0.0
1091,36047120200,0.0
1092,36047120800,0.0
1093,36047121000,0.0
1094,36047121400,0.0
1095,36047122000,0.0
1096,36047123700,0.0
1097,36047150200,0.1261236068466731
1098,36047152200,0.0
1099,36061000100,0.0
1100,36061000201,0.0
1101,36061000202,0.0
1102,36061000500,0.0
1103,36061000600,0.0
1104,36061000700,0.0
1105,36061000800,0.0
1106,36061000900,0.0
1107,36061001001,0.0
1108,36061001002,0.0
1109,36061001200,0.0
1110,36061001300,0.0
1111,36061001401,0.0
1112,36061001402,0.0
1113,36061001501,0.0
1114,36061001502,0.0
1115,36061001600,0.0
1116,36061001800,0.0
1117,36061002000,0.0
1118,36061002100,0.0
1119,36061002201,0.0
1120,36061002202,0.0
1121,36061002400,0.0
1122,36061002500,0.0
1123,36061002601,0.0
1124,36061002602,0.0
1125,36061002700,0.0
1126,36061002800,0.0
1127,36061002900,0.0
1128,36061003001,0.0
1129,36061003002,0.0
1130,36061003100,0.0
1131,36061003200,0.0
1132,36061003300,0.0
1133,36061003400,0.0
1134,36061003601,0.0
1135,36061003602,0.0
1136,36061003700,0.0
1137,36061003800,0.0
1138,36061003900,0.0
1139,36061004000,0.0
1140,36061004100,0.0
1141,36061004200,0.0
1142,36061004300,0.0
1143,36061004400,0.0
1144,36061004500,0.0
1145,36061004700,0.0
1146,36061004800,0.0
1147,36061004900,0.0
1148,36061005000,0.0
1149,36061005200,0.0
1150,36061005400,0.0
1151,36061005501,0.0
1152,36061005502,0.0
1153,36061005600,0.0
1154,36061005700,0.0
1155,36061005800,0.0
1156,36061005900,0.0
1157,36061006000,0.0
1158,36061006100,0.0
1159,36061006200,0.0
1160,36061006300,0.0
1161,36061006400,0.0
1162,36061006500,0.0
1163,36061006600,0.0
1164,36061006700,0.0
1165,36061006800,0.0
1166,36061006900,0.0
1167,36061007000,0.0
1168,36061007100,0.0
1169,36061007200,0.0
1170,36061007300,0.0
1171,36061007400,0.0
1172,36061007500,0.0
1173,36061007600,0.0
1174,36061007700,0.0
1175,36061007800,0.0
1176,36061007900,0.0
1177,36061008000,0.0
1178,36061008100,0.0
1179,36061008200,0.0
1180,36061008300,0.0
1181,36061008400,0.0
1182,36061008601,0.0
1183,36061008602,0.0
1184,36061008603,0.0
1185,36061008700,0.0
1186,36061008800,0.0
1187,36061008900,0.0
1188,36061009000,0.0
1189,36061009100,0.0
1190,36061009200,0.0
1191,36061009300,0.0
1192,36061009400,0.0
1193,36061009500,0.0
1194,36061009600,0.0
1195,36061009700,0.0
1196,36061009800,0.0
1197,36061009900,2.9758375802016498e-05
1198,36061010000,0.0
1199,36061010100,0.0
1200,36061010200,0.0
1201,36061010300,0.0
1202,36061010400,0.0
1203,36061010601,0.0
1204,36061010602,0.0
1205,36061010800,0.0
1206,36061010900,0.0
1207,36061011000,0.0
1208,36061011100,0.0
1209,36061011201,0.0
1210,36061011202,0.0
1211,36061011203,0.0
1212,36061011300,0.0
1213,36061011401,0.0
1214,36061011402,0.0
1215,36061011500,0.0
1216,36061011600,0.0
1217,36061011700,0.0
1218,36061011800,0.0
1219,36061011900,0.0
1220,36061012000,0.0
1221,36061012100,0.0
1222,36061012200,0.0
1223,36061012400,0.0
1224,36061012500,0.0
1225,36061012600,0.0
1226,36061012700,0.0
1227,36061012800,0.0
1228,36061012900,0.0
1229,36061013000,0.0
1230,36061013100,0.0
1231,36061013200,0.0
1232,36061013300,0.0
1233,36061013400,0.0
1234,36061013500,0.0
1235,36061013600,0.0
1236,36061013700,0.0
1237,36061013800,0.0
1238,36061013900,0.0
1239,36061014000,0.0
1240,36061014200,0.0
1241,36061014300,0.0
1242,36061014401,0.0
1243,36061014402,0.0
1244,36061014500,0.0
1245,36061014601,0.0
1246,36061014602,0.0
1247,36061014700,0.0
1248,36061014801,0.0
1249,36061014802,0.0
1250,36061014900,0.0
1251,36061015001,0.0
1252,36061015002,0.0
1253,36061015100,0.0
1254,36061015200,0.0
1255,36061015300,0.0
1256,36061015400,0.0
1257,36061015500,0.0
1258,36061015601,0.0
1259,36061015602,0.0
1260,36061015700,0.0
1261,36061015801,0.0
1262,36061015802,0.0
1263,36061015900,0.0
1264,36061016001,0.0
1265,36061016002,0.0
1266,36061016100,0.0
1267,36061016200,0.0
1268,36061016300,0.0
1269,36061016400,0.0
1270,36061016500,0.0
1271,36061016600,0.0
1272,36061016700,0.0
1273,36061016800,0.0
1274,36061016900,0.0
1275,36061017000,0.0
1276,36061017100,0.0
1277,36061017200,0.0
1278,36061017300,0.0
1279,36061017401,0.0
1280,36061017402,0.0
1281,36061017500,0.0
1282,36061017700,0.0
1283,36061017800,0.0
1284,36061017900,0.0
1285,36061018000,0.0
1286,36061018100,0.0
1287,36061018200,0.0
1288,36061018300,0.0
1289,36061018400,0.0
1290,36061018500,0.0
1291,36061018600,0.0
1292,36061018700,0.0
1293,36061018800,0.0
1294,36061018900,0.0
1295,36061019000,0.0
1296,36061019100,0.0
1297,36061019200,0.0
1298,36061019300,0.0
1299,36061019400,0.0
1300,36061019500,0.0
1301,36061019600,0.0
1302,36061019701,0.0
1303,36061019702,0.0
1304,36061019800,0.0
1305,36061019900,0.0
1306,36061020000,0.0
1307,36061020101,0.0
1308,36061020102,0.0
1309,36061020300,0.0
1310,36061020500,0.0
1311,36061020600,0.0
1312,36061020701,0.0
1313,36061020800,0.0
1314,36061020901,0.0
1315,36061021000,0.0
1316,36061021100,0.0
1317,36061021200,0.0
1318,36061021303,0.0
1319,36061021400,0.0
1320,36061021500,0.0
1321,36061021600,0.0
1322,36061021703,0.0
1323,36061021800,0.0
1324,36061021900,0.0
1325,36061022000,0.0
1326,36061022102,0.0
1327,36061022200,0.0
1328,36061022301,0.0
1329,36061022302,0.0
1330,36061022400,0.0
1331,36061022500,0.0
1332,36061022600,0.0
1333,36061022700,0.0
1334,36061022800,0.0
1335,36061022900,0.0
1336,36061023000,0.0
1337,36061023100,0.0
1338,36061023200,0.0
1339,36061023300,0.0
1340,36061023400,0.0
1341,36061023501,0.0
1342,36061023502,0.0
1343,36061023600,0.0
1344,36061023700,0.0
1345,36061023801,0.0
1346,36061023802,0.0
1347,36061023900,0.0
1348,36061024000,0.0
1349,36061024100,0.0
1350,36061024200,0.0
1351,36061024301,0.0
1352,36061024302,0.0
1353,36061024500,0.0
1354,36061024700,0.0
1355,36061024900,0.0
1356,36061025100,0.0
1357,36061025300,0.0
1358,36061025500,0.0
1359,36061025700,0.0
1360,36061025900,0.0
1361,36061026100,0.0
1362,36061026300,0.0
1363,36061026500,0.0
1364,36061026700,0.0
1365,36061026900,0.0
1366,36061027100,0.0
1367,36061027300,0.0
1368,36061027500,0.0
1369,36061027700,0.0
1370,36061027900,0.0
1371,36061028100,0.0
1372,36061028300,0.0
1373,36061028500,0.0
1374,36061028700,0.0
1375,36061029100,0.0
1376,36061029300,0.0
1377,36061029500,0.0
1378,36061029700,0.0
1379,36061029900,0.0
1380,36061030300,0.0
1381,36061030700,0.0
1382,36061030900,0.0
1383,36061031100,0.0
1384,36061031703,0.0
1385,36061031704,0.0
1386,36061031900,0.0
1387,36081000100,0.0
1388,36081000200,0.0
1389,36081000400,0.0
1390,36081000600,0.0
1391,36081000700,0.0
1392,36081000800,0.0
1393,36081001000,0.0
1394,36081001200,0.0
1395,36081001400,0.0
1396,36081001600,0.0
1397,36081001800,0.0
1398,36081001900,0.0
1399,36081002000,0.0
1400,36081002200,0.0
1401,36081002400,0.0
1402,36081002500,0.0
1403,36081002600,0.0
1404,36081002800,0.0
1405,36081003000,0.0
1406,36081003100,0.0
1407,36081003200,0.0
1408,36081003300,0.0
1409,36081003400,0.0
1410,36081003600,0.0
1411,36081003700,0.0
1412,36081003800,0.0
1413,36081003900,0.0
1414,36081004001,0.0
1415,36081004002,0.0
1416,36081004200,0.0
1417,36081004300,0.0
1418,36081004401,0.0
1419,36081004500,0.0
1420,36081004700,0.0
1421,36081005000,0.0
1422,36081005100,0.0
1423,36081005200,0.0
1424,36081005300,0.0
1425,36081005400,0.0
1426,36081005500,0.0
1427,36081005700,0.0
1428,36081005800,0.0
1429,36081005900,0.0
1430,36081006100,0.0
1431,36081006201,0.0
1432,36081006202,0.0
1433,36081006300,0.0
1434,36081006501,0.0
1435,36081006502,0.0
1436,36081006900,0.0
1437,36081007100,0.0
1438,36081007300,0.0
1439,36081007500,0.0
1440,36081007700,0.0
1441,36081007900,0.0
1442,36081008100,0.0
1443,36081008300,0.0
1444,36081008500,0.0
1445,36081008600,0.0
1446,36081008700,0.0
1447,36081008800,0.037030890255731926
1448,36081009100,0.0
1449,36081009400,0.0
1450,36081009500,0.0
1451,36081009600,0.0
1452,36081009700,0.0
1453,36081009800,0.0
1454,36081009900,0.0
1455,36081010000,0.0
1456,36081010100,0.0
1457,36081010200,0.0
1458,36081010300,0.0
1459,36081010400,0.0
1460,36081010500,0.0
1461,36081010600,0.0
1462,36081010701,0.0
1463,36081010800,0.0
1464,36081011000,0.0
1465,36081011100,0.0
1466,36081011200,0.0
1467,36081011300,0.0
1468,36081011400,0.0
1469,36081011500,0.0
1470,36081011600,0.0
1471,36081011700,0.0
1472,36081011800,0.0
1473,36081011900,0.0
1474,36081012000,0.0
1475,36081012100,0.0
1476,36081012200,0.0
1477,36081012301,0.0
1478,36081012400,0.0
1479,36081012500,0.0
1480,36081012601,0.0
1481,36081012602,0.0
1482,36081012800,0.0
1483,36081013000,0.0
1484,36081013200,0.0
1485,36081013400,0.0
1486,36081013500,0.0
1487,36081013600,0.0
1488,36081013700,0.0
1489,36081013800,0.0
1490,36081014000,0.0
1491,36081014100,0.0
1492,36081014201,0.0
1493,36081014202,0.0
1494,36081014300,0.0
1495,36081014400,0.0
1496,36081014500,0.0
1497,36081014700,0.0
1498,36081014800,0.0
1499,36081014900,0.0
1500,36081015000,0.0
1501,36081015100,0.0
1502,36081015200,0.0
1503,36081015300,0.0
1504,36081015400,0.0
1505,36081015500,0.0
1506,36081015600,0.0
1507,36081015700,0.0
1508,36081015801,0.0
1509,36081015802,0.0
1510,36081015900,0.0
1511,36081016100,0.0
1512,36081016300,0.0
1513,36081016400,0.0
1514,36081016600,0.0
1515,36081016800,0.0
1516,36081016900,0.0
1517,36081017000,0.0
1518,36081017100,0.0
1519,36081017200,0.0
1520,36081017400,0.0
1521,36081017600,0.0
1522,36081017800,0.0
1523,36081017900,0.0
1524,36081018000,0.0
1525,36081018101,0.0
1526,36081018102,0.0
1527,36081018200,0.0
1528,36081018300,0.0
1529,36081018401,0.0
1530,36081018402,0.0
1531,36081018501,0.0
1532,36081018502,0.0
1533,36081018600,0.0
1534,36081018700,0.0
1535,36081018800,0.0
1536,36081018900,0.0
1537,36081019000,0.0
1538,36081019200,0.0
1539,36081019400,0.0
1540,36081019600,0.0
1541,36081019800,0.0
1542,36081019900,0.24268044773584904
1543,36081020200,0.0
1544,36081020400,0.0
1545,36081020500,0.284721577260274
1546,36081020600,0.0
1547,36081020800,0.0
1548,36081021200,0.0
1549,36081021400,0.0
1550,36081021600,0.0
1551,36081021900,0.0
1552,36081022001,0.0
1553,36081022002,0.0
1554,36081022900,0.0
1555,36081023000,0.0
1556,36081023200,0.0
1557,36081023500,0.0
1558,36081023600,0.0
1559,36081023800,0.0
1560,36081024000,0.0
1561,36081024300,0.1368051410140845
1562,36081024500,0.0010984469285367038
1563,36081024600,0.0
1564,36081024700,0.0
1565,36081024900,0.0
1566,36081025100,0.0
1567,36081025301,0.0
1568,36081025302,0.0
1569,36081025400,0.0
1570,36081025500,0.0
1571,36081025700,0.0
1572,36081025800,0.0
1573,36081025900,0.0
1574,36081026000,0.0
1575,36081026100,0.0
1576,36081026200,0.0
1577,36081026300,0.0
1578,36081026400,0.0
1579,36081026500,0.0
1580,36081026600,0.0
1581,36081026700,0.0
1582,36081026901,0.0
1583,36081026902,0.0
1584,36081027000,0.0
1585,36081027100,0.0
1586,36081027200,0.0
1587,36081027300,0.0
1588,36081027400,0.0
1589,36081027500,0.0
1590,36081027600,0.0
1591,36081027700,0.0
1592,36081027800,0.0
1593,36081027900,0.0
1594,36081028000,0.0
1595,36081028100,0.0
1596,36081028200,0.0
1597,36081028300,0.0
1598,36081028400,0.0
1599,36081028500,0.0
1600,36081028700,0.0
1601,36081028800,0.0
1602,36081028900,0.0
1603,36081029100,0.0
1604,36081029300,0.0
1605,36081029400,0.0
1606,36081029500,0.0
1607,36081029700,0.0
1608,36081029900,0.0
1609,36081030600,0.006342113561904761
1610,36081030902,0.0
1611,36081030903,0.0
1612,36081030904,0.0
1613,36081031700,0.0
1614,36081032000,0.021229733904494383
1615,36081032700,0.0
1616,36081032800,0.04921150539295393
1617,36081032900,0.05688018524124882
1618,36081033000,0.015041918956386293
1619,36081033100,0.0
1620,36081033401,0.0
1621,36081033402,0.0
1622,36081033700,0.0
1623,36081033900,0.0
1624,36081034700,0.22079157009443862
1625,36081035100,0.0
1626,36081035200,0.0
1627,36081035300,0.0
1628,36081035700,0.2151459773415978
1629,36081035800,0.0
1630,36081036100,0.0
1631,36081036300,0.0
1632,36081036500,0.0
1633,36081036600,0.0
1634,36081036700,0.0
1635,36081036800,0.0
1636,36081037100,0.013178740313929314
1637,36081037300,0.0
1638,36081037500,0.0
1639,36081037600,0.05092904897186147
1640,36081037700,0.0
1641,36081037900,0.0
1642,36081038100,0.0
1643,36081038301,0.0
1644,36081038302,0.0
1645,36081038400,0.002818693005673759
1646,36081039400,0.0
1647,36081039800,0.0
1648,36081039900,0.0
1649,36081040000,0.0
1650,36081040100,0.0
1651,36081040200,0.0
1652,36081040300,0.0
1653,36081040400,0.047235625625
1654,36081040500,0.0
1655,36081040700,0.0
1656,36081040900,0.0
1657,36081041100,0.0
1658,36081041300,0.0
1659,36081041400,0.04022867129943503
1660,36081041500,0.0
1661,36081042400,0.0
1662,36081042600,0.0
1663,36081042700,0.0
1664,36081043200,0.0
1665,36081043400,0.0
1666,36081043701,0.0
1667,36081043702,0.0
1668,36081043900,0.0
1669,36081044000,0.048741021098109814
1670,36081044301,0.0
1671,36081044302,0.0
1672,36081044400,0.0020552136569892475
1673,36081044601,0.0
1674,36081044602,0.0
1675,36081044800,0.0
1676,36081045000,0.0
1677,36081045200,0.0
1678,36081045400,0.0
1679,36081045500,0.0
1680,36081045600,0.0
1681,36081045700,0.0
1682,36081045800,0.0
1683,36081045900,0.0
1684,36081046000,0.0
1685,36081046100,0.0
1686,36081046200,0.0
1687,36081046300,0.0
1688,36081046400,0.0
1689,36081046500,0.0
1690,36081046600,0.0
1691,36081046700,0.0
1692,36081046800,0.0
1693,36081046900,0.0
1694,36081047000,0.006816161682814302
1695,36081047100,0.0
1696,36081047200,0.0
1697,36081047300,0.0
1698,36081047500,0.0
1699,36081047600,0.005368959904428905
1700,36081047800,9.902133690088413e-05
1701,36081047900,0.0
1702,36081048000,0.0
1703,36081048100,0.0
1704,36081048200,0.0
1705,36081048300,0.0
1706,36081048400,0.0
1707,36081048500,0.0
1708,36081048900,0.114246271264637
1709,36081049200,0.12805281006674082
1710,36081049301,0.005155219910591472
1711,36081049302,0.0
1712,36081049500,0.0
1713,36081049600,0.0
1714,36081049700,0.0
1715,36081049900,0.0
1716,36081050000,0.0
1717,36081050201,0.0
1718,36081050202,0.0
1719,36081050400,0.0
1720,36081050500,0.0
1721,36081050600,0.0
1722,36081050700,0.0
1723,36081050800,0.0
1724,36081051000,0.0
1725,36081051100,0.0
1726,36081051200,0.0
1727,36081051300,0.002117363050847458
1728,36081051500,0.14832576513043477
1729,36081051600,0.0
1730,36081051700,0.0
1731,36081051800,0.02470741459649123
1732,36081052000,0.059677128541666666
1733,36081052100,0.0
1734,36081052200,0.07819463279569892
1735,36081052400,0.0
1736,36081052500,0.05422684824
1737,36081052600,0.0015277192397003746
1738,36081052800,0.01436815904719101
1739,36081053000,0.10264969843226789
1740,36081053100,0.0838997710024855
1741,36081053200,0.0
1742,36081053401,0.0
1743,36081053500,0.0
1744,36081053601,0.0
1745,36081053800,0.0
1746,36081053900,0.0
1747,36081054000,0.0
1748,36081054200,0.0045748165169731255
1749,36081054500,0.0
1750,36081054700,0.0
1751,36081054800,0.11636111426710097
1752,36081054900,0.0
1753,36081055100,0.0
1754,36081055200,0.12759926263627355
1755,36081055300,0.0
1756,36081055400,0.0
1757,36081055500,0.0
1758,36081055600,0.026671857475409837
1759,36081055700,0.0
1760,36081055800,0.016172057763527054
1761,36081055900,0.0
1762,36081056000,0.0
1763,36081056100,0.17163655889285714
1764,36081056200,0.0
1765,36081056400,0.0
1766,36081056500,0.0019794239372294374
1767,36081056600,0.0
1768,36081056700,0.0
1769,36081056800,0.0451311023180212
1770,36081057700,0.0
1771,36081057900,0.0
1772,36081058000,0.02878337953038674
1773,36081058100,0.0
1774,36081058200,0.0
1775,36081058300,0.0
1776,36081058500,0.0
1777,36081058700,0.0
1778,36081058900,0.0
1779,36081059000,0.0
1780,36081059100,0.0
1781,36081059200,0.12984618378973106
1782,36081059300,0.0
1783,36081059400,0.08570286452755906
1784,36081059500,0.09706556666666667
1785,36081059600,0.0
1786,36081059800,0.0
1787,36081059900,0.04951847637630662
1788,36081060000,0.0008010075749318802
1789,36081060100,0.023779269380530977
1790,36081060300,0.0
1791,36081060600,0.0
1792,36081060701,0.0
1793,36081060800,0.0
1794,36081061000,0.03696488619047619
1795,36081061200,0.019996461764091856
1796,36081061301,0.0
1797,36081061302,0.0
1798,36081061400,0.0
1799,36081061601,0.0
1800,36081061602,0.0
1801,36081061800,0.0
1802,36081061900,0.021004050993788822
1803,36081062000,0.0
1804,36081062100,0.003278969585551331
1805,36081062200,0.008739353375198728
1806,36081062300,0.10361883336884153
1807,36081062400,0.0
1808,36081062500,0.0
1809,36081062600,0.0
1810,36081062700,0.0
1811,36081062900,0.04272124339268978
1812,36081063000,0.0
1813,36081063200,0.0
1814,36081063301,0.1532819135815603
1815,36081063302,0.08980319098786828
1816,36081063500,0.0
1817,36081063700,0.0
1818,36081063800,0.018323585616161615
1819,36081063900,0.0
1820,36081064101,0.0
1821,36081064102,0.0
1822,36081064500,0.07865868666666667
1823,36081064600,0.0037696565417118092
1824,36081065000,0.08531408448275861
1825,36081065400,0.05028536029342723
1826,36081065501,0.0
1827,36081065600,0.03280569468232044
1828,36081065702,0.0
1829,36081065703,0.0
1830,36081065900,0.0
1831,36081066000,0.02522000351214575
1832,36081066100,0.0
1833,36081066300,0.0
1834,36081066400,0.0005427397505098573
1835,36081066501,0.0
1836,36081066701,0.0
1837,36081066900,0.0
1838,36081067100,0.0
1839,36081067700,0.0
1840,36081067900,0.0
1841,36081068000,0.060893683310719135
1842,36081068200,0.097479014738292
1843,36081068300,0.0
1844,36081068700,0.0
1845,36081069000,0.1702681621407334
1846,36081069300,0.0
1847,36081069400,0.06992013796643633
1848,36081069500,0.0
1849,36081069701,0.0
1850,36081069702,0.0
1851,36081070300,0.0
1852,36081070700,0.0
1853,36081070900,0.0
1854,36081071100,0.0
1855,36081071303,0.0
1856,36081071304,0.0
1857,36081071305,0.0
1858,36081071306,0.0
1859,36081071600,0.0
1860,36081071701,0.0
1861,36081071702,0.0
1862,36081071900,0.0
1863,36081072100,0.0
1864,36081072300,0.0007528572949816401
1865,36081072900,0.01939266045708583
1866,36081073100,0.08375200460992908
1867,36081073700,0.0
1868,36081073900,0.0
1869,36081074100,0.0
1870,36081074300,0.0
1871,36081074500,0.0
1872,36081074700,0.0
1873,36081074900,4.424084714548803e-05
1874,36081075701,0.0
1875,36081075702,0.0
1876,36081076901,0.0
1877,36081076902,0.0
1878,36081077300,0.0
1879,36081077500,0.0
1880,36081077902,0.05950796720461095
1881,36081077903,0.0
1882,36081077904,0.0
1883,36081077905,0.0
1884,36081077906,0.0
1885,36081077907,0.0
1886,36081077908,0.0
1887,36081078800,0.0
1888,36081079000,0.0
1889,36081079200,0.00012160890163934426
1890,36081079300,0.0
1891,36081079701,0.0
1892,36081079702,0.0
1893,36081079900,0.0
1894,36081080301,0.03742573306463878
1895,36081080302,5.792125294650951e-05
1896,36081080900,0.006504905391498881
1897,36081081400,0.008527271934869738
1898,36081081800,0.010843256852035748
1899,36081083700,0.0
1900,36081083800,0.0
1901,36081084000,0.0
1902,36081084500,0.0
1903,36081084601,0.0
1904,36081084602,0.0
1905,36081084900,0.0
1906,36081085300,0.0
1907,36081085500,0.0
1908,36081085700,0.0
1909,36081085900,0.0
1910,36081086100,0.0
1911,36081086300,0.0
1912,36081086400,0.014668695221799746
1913,36081086500,0.0
1914,36081086900,0.0
1915,36081087100,0.0
1916,36081088400,0.0007264955380493033
1917,36081088901,0.0
1918,36081089200,0.009353268795592704
1919,36081090700,0.026237672098214287
1920,36081091601,0.023209509452764975
1921,36081091602,0.0
1922,36081091800,0.0
1923,36081091900,0.0787211785283474
1924,36081092200,0.09938965386897405
1925,36081092500,0.0
1926,36081092800,0.06390682731164384
1927,36081092900,0.06597773471837488
1928,36081093401,0.13594472742382271
1929,36081093402,0.06948863341404359
1930,36081093800,0.06879147003824905
1931,36081093900,0.07657904632878493
1932,36081094201,0.050587126743787486
1933,36081094202,0.0
1934,36081094203,0.0
1935,36081094500,0.0447015928
1936,36081094700,0.0
1937,36081095400,0.02364461354761905
1938,36081096400,0.05234864089430894
1939,36081097202,0.021123590174358976
1940,36081097203,0.29569701141493054
1941,36081097204,0.04245042019372693
1942,36081097300,0.02498949193197279
1943,36081098100,0.018451293232323234
1944,36081098700,0.0
1945,36081099100,0.08160123211728605
1946,36081099200,0.0002053752855939343
1947,36081099701,0.1388623163231657
1948,36081099703,0.0
1949,36081099704,5.883923232588699e-05
1950,36081099705,0.0011406120460526316
1951,36081099801,0.0
1952,36081099802,0.00023811811701720842
1953,36081099900,0.0
1954,36081100801,0.07055952508090615
1955,36081100802,0.003630107871037777
1956,36081101001,0.0
1957,36081101002,0.027624616369949496
1958,36081101700,0.1524698833402232
1959,36081102900,0.01973601529176659
1960,36081103201,0.0
1961,36081103202,3.570274752763234e-05
1962,36081103300,0.0029409563053127102
1963,36081103900,0.011648940355002305
1964,36081104700,0.0
1965,36081105900,0.0
1966,36081107201,0.13962264098360655
1967,36081107202,0.0
1968,36081108500,0.0891502713859275
1969,36081109300,0.0020431089129186604
1970,36081109700,0.0002230663811728395
1971,36081109900,0.002618577962802768
1972,36081111300,0.03580161708816705
1973,36081112300,0.0
1974,36081112900,0.0
1975,36081113300,0.0
1976,36081113900,0.0
1977,36081114100,0.0
1978,36081114700,0.0
1979,36081115100,0.0
1980,36081115500,0.0
1981,36081115700,0.0
1982,36081115900,0.0
1983,36081116100,0.0
1984,36081116300,0.0
1985,36081116700,0.0
1986,36081117100,0.0
1987,36081117500,0.0
1988,36081118100,0.0
1989,36081118500,0.0
1990,36081118700,0.0
1991,36081118900,0.0
1992,36081119100,0.0
1993,36081119300,0.0
1994,36081119500,0.0
1995,36081119900,0.0
1996,36081120100,0.0
1997,36081120300,0.00019917780368098158
1998,36081120500,0.0
1999,36081120700,0.022431618471910116
2000,36081121100,0.0
2001,36081121500,0.0002604339068128426
2002,36081122300,0.0010336519896640827
2003,36081122701,0.0
2004,36081122702,0.0
2005,36081124100,0.0
2006,36081124700,0.017746149467353953
2007,36081125700,0.0
2008,36081126500,0.0
2009,36081126700,0.0
2010,36081127700,0.0
2011,36081128300,0.13513512802222222
2012,36081129102,0.03409544787439613
2013,36081129103,0.1795597558354756
2014,36081129104,0.07029403258185722
2015,36081130100,0.0
2016,36081133300,0.0
2017,36081133900,0.010102302765661254
2018,36081134100,0.059625930945558736
2019,36081134700,0.0008806905697674418
2020,36081136700,0.03951503959660297
2021,36081137700,0.010439254428265524
2022,36081138501,0.004061494301990392
2023,36081138502,0.0
2024,36081139900,0.0
2025,36081140300,0.0
2026,36081140901,0.0
2027,36081140902,0.0
2028,36081141700,0.026891102424648358
2029,36081142900,0.0
2030,36081143500,0.0
2031,36081144100,0.0
2032,36081144700,0.0
2033,36081145101,0.0
2034,36081145102,0.0
2035,36081145900,0.0
2036,36081146300,0.0
2037,36081146700,0.0
2038,36081147100,0.058608884961832065
2039,36081147900,0.018851281639053256
2040,36081148300,0.043868361143695016
2041,36081150701,0.009587248058435438
2042,36081150702,0.0
2043,36081152901,0.0033414381269778483
2044,36081152902,0.002131907499541705
2045,36081155101,0.18939644801762115
2046,36081155102,0.013274693533039648
2047,36081156700,0.08844249116981133
2048,36081157101,0.0
2049,36081157102,0.017468494149305555
2050,36081157901,0.0006829168811309867
2051,36081157902,0.0
2052,36081157903,0.00021104668120300752
2053,36081161700,0.08809508460490463
2054,36081162100,0.04428321626144456
2055,36085000300,0.0
2056,36085000600,0.024146207152103562
2057,36085000700,0.4305636486143729
2058,36085000800,0.018235640356952583
2059,36085000900,0.2934368442893401
2060,36085001100,0.035731249339103065
2061,36085001700,0.0
2062,36085001800,0.0458840726588785
2063,36085002001,0.04857488346265761
2064,36085002002,0.04005869194697598
2065,36085002100,0.0
2066,36085002700,0.0
2067,36085002900,0.0
2068,36085003300,0.0
2069,36085003600,0.0
2070,36085003900,0.03281760115789474
2071,36085004000,0.0
2072,36085004700,0.00039961920436681225
2073,36085005000,0.0
2074,36085005900,0.025268694779541447
2075,36085006400,0.016789078047808763
2076,36085006700,0.0029525415498652292
2077,36085007000,0.02481128274205202
2078,36085007400,0.0
2079,36085007500,0.0
2080,36085007700,0.0024922294935897436
2081,36085008100,0.37435863919952916
2082,36085009601,0.059549599941060904
2083,36085009602,0.05742734361749444
2084,36085009700,0.08904749429657795
2085,36085010500,0.0
2086,36085011201,0.04054485529440154
2087,36085011202,0.08400203197009674
2088,36085011401,0.0
2089,36085011402,0.0
2090,36085012100,0.03876499721297108
2091,36085012200,0.00771856447533009
2092,36085012500,0.021749483407407406
2093,36085012804,0.10258250052562418
2094,36085012805,0.046786677048579285
2095,36085012806,0.010929178545824847
2096,36085013201,3.536724567474048e-05
2097,36085013203,0.004166709384502207
2098,36085013204,0.006849237328244275
2099,36085013301,0.0
2100,36085013302,0.0
2101,36085013400,0.008151940988939493
2102,36085013800,0.07470901932059448
2103,36085014100,0.0022510976891304347
2104,36085014604,0.009361814201374849
2105,36085014605,0.03776179138084632
2106,36085014606,0.0
2107,36085014607,0.040551838431130326
2108,36085014608,0.04730712628874388
2109,36085014700,0.04919092026129943
2110,36085015100,0.0014803337557557558
2111,36085015400,0.0
2112,36085015601,0.01251691963164504
2113,36085015602,0.02659909640759931
2114,36085015603,0.05420445435162095
2115,36085016901,0.012717045800548948
2116,36085017005,0.04341714762931035
2117,36085017007,0.05873646891566266
2118,36085017008,0.04502710416988417
2119,36085017009,0.024960978444730077
2120,36085017010,8.586357181118179e-05
2121,36085017011,0.017374121510416667
2122,36085017012,0.10278476377708977
2123,36085017300,0.0
2124,36085017600,0.02728762341419042
2125,36085017700,0.021853543227009112
2126,36085018100,0.1329238770363101
2127,36085018701,0.0
2128,36085018702,0.026423088265895955
2129,36085018901,0.0
2130,36085018902,0.01616971061236623
2131,36085019700,0.04445243663817664
2132,36085019800,0.033314610280898875
2133,36085020100,0.04521360259472817
2134,36085020700,0.006444634011976047
2135,36085020801,0.006856306114285714
2136,36085020803,0.04336474421532847
2137,36085020804,0.05327269050337312
2138,36085021300,0.010443391262626263
2139,36085022300,0.18005082934911243
2140,36085022600,0.028519408233726683
2141,36085022800,0.0
2142,36085023100,0.00398072055003499
2143,36085023900,0.024777038640873016
2144,36085024401,0.02659529178553616
2145,36085024402,0.046864204653594775
2146,36085024700,0.0
2147,36085024800,0.0023339920226438187
2148,36085025100,0.002567085338088445
2149,36085027301,0.032532478703828076
2150,36085027302,0.047711744373443984
2151,36085027702,0.12109445746399718
2152,36085027704,0.03248954086059744
2153,36085027705,0.003438524320994475
2154,36085027706,0.0
2155,36085027900,0.10717290475574713
2156,36085029102,0.035116548948979594
2157,36085029103,0.01582262572182435
2158,36085029104,0.0008902622951965066
2159,36085030301,0.0021010680222984563
2160,36085030302,0.015022803450232079
2161,36085031901,0.1793489590951932
2162,36085031902,0.40012872700822266
2163,36085032300,0.16590055185267857
