,GeoID,N_LandUseMix
0,36005000100,0.0
1,36005000200,0.16027423103060426
2,36005000400,0.392960802688383
3,36005001600,0.44282835375329954
4,36005001900,0.46162369288168836
5,36005002000,0.27491398276393547
6,36005002300,0.41824039733728463
7,36005002400,0.4537994352654625
8,36005002500,0.2846868177021238
9,36005002701,0.350337730455833
10,36005002702,0.567024591949387
11,36005002800,0.19233993758877
12,36005003100,0.702999443250741
13,36005003300,0.47312362035216493
14,36005003500,0.46905471389953163
15,36005003700,0.37720976754748
16,36005003800,0.098053292667067
17,36005003900,0.4978362810835096
18,36005004001,0.60205094591553
19,36005004100,0.30330760153307823
20,36005004200,0.4158481746795063
21,36005004300,0.47328083391245374
22,36005004400,0.4257566330191915
23,36005004600,0.573484388714647
24,36005004800,0.3895935170272955
25,36005005001,0.1190903530507585
26,36005005002,0.3094032135304435
27,36005005100,0.62991088451795
28,36005005200,0.5010487481889295
29,36005005300,0.32862902074601696
30,36005005400,0.4016829518674085
31,36005005600,0.666212054022623
32,36005005902,0.36945408493792
33,36005006000,0.561862548894786
34,36005006100,0.5056734221521474
35,36005006200,0.3047323720502444
36,36005006300,0.4972822462317735
37,36005006400,0.11523809808636476
38,36005006500,0.4131260858098385
39,36005006700,0.41751561403269816
40,36005006800,0.34659006951559795
41,36005006900,0.28324943496605326
42,36005007000,0.32708609014415235
43,36005007100,0.620239724332093
44,36005007200,0.3323102154326735
45,36005007300,0.36317872781843835
46,36005007400,0.2967677108355167
47,36005007500,0.32854264376215875
48,36005007600,0.3233423327817098
49,36005007700,0.597883793146213
50,36005007800,0.279899973186937
51,36005007900,0.3816382207545039
52,36005008300,0.45099626761869
53,36005008400,0.11540014094575149
54,36005008500,0.3930498586889556
55,36005008600,0.18124585333553
56,36005008700,0.3961031206209072
57,36005008900,0.618000582885835
58,36005009000,0.35779784447668544
59,36005009200,0.5328416597419692
60,36005009300,0.43546697655467775
61,36005009600,0.5795260617749085
62,36005009800,0.2943842977531314
63,36005011000,0.0
64,36005011502,0.43232917988741026
65,36005011700,0.38488973756034267
66,36005011800,0.33970992951151674
67,36005011900,0.3353246382669114
68,36005012101,0.33134773354851255
69,36005012102,0.387113000202025
70,36005012300,0.4088378963929107
71,36005012500,0.3887081509129745
72,36005012701,0.41631884675813
73,36005012901,0.5085629501062465
74,36005013000,0.474372998064146
75,36005013100,0.546249255671496
76,36005013200,0.24269234812203452
77,36005013300,0.24294737627544002
78,36005013500,0.3807422448268256
79,36005013800,0.11987769282178233
80,36005014100,0.4411817876211453
81,36005014300,0.478889284684015
82,36005014400,0.13755922602576534
83,36005014500,0.473908301867799
84,36005014701,0.29430713967133865
85,36005014702,0.33544196897991724
86,36005014900,0.3566956499552944
87,36005015100,0.338584027555903
88,36005015200,0.6733599335569675
89,36005015300,0.39679996202334666
90,36005015500,0.3246061980261515
91,36005015700,0.5653398062418966
92,36005015800,0.707509871830356
93,36005015900,0.655358597832303
94,36005016000,0.161579667881938
95,36005016100,0.44604293472106826
96,36005016200,0.559072361995577
97,36005016300,0.0
98,36005016400,0.68445700470583
99,36005016500,0.753312625511217
100,36005016600,0.6078993242788635
101,36005016700,0.7478049358100175
102,36005016900,0.575742407031849
103,36005017100,0.0
104,36005017300,0.4625781141487345
105,36005017500,0.23097681839348583
106,36005017701,0.368508630498464
107,36005017702,0.32520033267269427
108,36005017901,0.23502850288865398
109,36005017902,0.28515657819515833
110,36005018101,0.27680772470220233
111,36005018102,0.3914617262527577
112,36005018301,0.295852048665921
113,36005018302,0.5304767056617443
114,36005018400,0.3967899337003255
115,36005018500,0.48653244232058884
116,36005018900,0.33090503157662876
117,36005019300,0.31250782833162
118,36005019400,0.562135788391601
119,36005019500,0.3842028613110045
120,36005019700,0.3666837800439124
121,36005019900,0.3725637113916445
122,36005020000,0.5976481212560888
123,36005020100,0.47506230753917095
124,36005020200,0.7082471173910265
125,36005020400,0.32470129706901335
126,36005020501,0.11778792268515725
127,36005020502,0.5231362282619947
128,36005020601,0.40647330140529647
129,36005020900,0.3562601708152762
130,36005021001,0.44203138840023737
131,36005021002,0.19192540835022712
132,36005021100,0.2376351241052675
133,36005021200,0.243844849787473
134,36005021301,0.2748829265677275
135,36005021302,0.36553298817103574
136,36005021501,0.469251402318895
137,36005021502,0.40048828245123935
138,36005021601,0.2862858866250735
139,36005021602,0.3779999511314748
140,36005021700,0.34615749274395075
141,36005021800,0.2316978477492416
142,36005021900,0.528488294945737
143,36005022000,0.480032463469532
144,36005022101,0.40810808684448036
145,36005022102,0.3601907055163663
146,36005022200,0.6516906197736978
147,36005022300,0.39590356068591875
148,36005022401,0.405165477914115
149,36005022403,0.43392845964448046
150,36005022404,0.34441509301723733
151,36005022500,0.19301758020867332
152,36005022701,0.324775983874323
153,36005022702,0.367808158024905
154,36005022703,0.359887469083045
155,36005022800,0.32631363905836974
156,36005022901,0.1940812513279174
157,36005022902,0.249637626281021
158,36005023000,0.390382190479671
159,36005023100,0.724922028631566
160,36005023200,0.3413340083238885
161,36005023301,0.48245150235914225
162,36005023302,0.2038750845727025
163,36005023501,0.2675210423277637
164,36005023502,0.3507082921078285
165,36005023600,0.632598786995673
166,36005023702,0.414524903574681
167,36005023703,0.45895212355670734
168,36005023704,0.36865623233121836
169,36005023800,0.44613472717115504
170,36005023900,0.4657754313747599
171,36005024000,0.1999730918777197
172,36005024100,0.4668348283032978
173,36005024300,0.33625604839426476
174,36005024400,0.6033535103727975
175,36005024501,0.21086893385714678
176,36005024502,0.3376790732784157
177,36005024600,0.34106437944509704
178,36005024700,0.3125138208703385
179,36005024800,0.5017151231211417
180,36005024900,0.499226361807108
181,36005025000,0.4742316706986225
182,36005025100,0.352746910234341
183,36005025200,0.36119455012873447
184,36005025300,0.3294045340807745
185,36005025400,0.5692690629423856
186,36005025500,0.31526370626043065
187,36005025600,0.579038582181511
188,36005025700,0.374069676349764
189,36005026100,0.181596360110865
190,36005026300,0.1992705976849134
191,36005026400,0.3309887442264128
192,36005026500,0.3916637382040758
193,36005026601,0.41892971589708
194,36005026602,0.42065197907588636
195,36005026701,0.3567248064225743
196,36005026702,0.09457320559565867
197,36005026900,0.5485048263689717
198,36005027300,0.324211277658277
199,36005027401,0.24642000211903375
200,36005027402,0.25969725195847576
201,36005027600,0.4715943902627865
202,36005027700,0.4151270585560705
203,36005027900,0.3533460816336457
204,36005028100,0.4345623777559237
205,36005028300,0.6907644664803715
206,36005028400,0.273433439149173
207,36005028500,0.4726747478318425
208,36005028600,0.2853218034004645
209,36005028700,0.49603340446113203
210,36005028800,0.47949971626800925
211,36005028900,0.5124507153778822
212,36005029301,0.266550787237694
213,36005029302,0.44112598657760227
214,36005029500,0.5191651971800437
215,36005029600,0.5010933577081704
216,36005029700,0.6042242084092924
217,36005030000,0.34460673416335136
218,36005030100,0.5345436387536375
219,36005030200,0.223951222118425
220,36005030701,0.4409772643219175
221,36005030900,0.424480731135877
222,36005031000,0.47032405254248566
223,36005031200,0.4708146825397665
224,36005031400,0.6442039958983075
225,36005031600,0.2330121775808795
226,36005031800,0.387840520316085
227,36005031900,0.1547717145751625
228,36005032300,0.475889104387752
229,36005032400,0.6268720775106705
230,36005032600,0.420094153184669
231,36005032800,0.28125858119971225
232,36005033000,0.48940759594655
233,36005033201,0.30460136064819265
234,36005033202,0.41425523882503423
235,36005033400,0.283288105406937
236,36005033500,0.4509508590310423
237,36005033600,0.22348008144920697
238,36005033700,0.622637887653945
239,36005033800,0.293887725560798
240,36005034000,0.33825322977326
241,36005034200,0.4588763732425605
242,36005034300,0.5211478043588945
243,36005034400,0.405943432377234
244,36005034500,0.35416980025783795
245,36005034800,0.41668538806266475
246,36005035000,0.385652992744853
247,36005035100,0.5671475265665963
248,36005035600,0.3306256235150455
249,36005035800,0.33835393127091634
250,36005035900,0.519528847688182
251,36005036000,0.35779490052530033
252,36005036100,0.394665831667138
253,36005036300,0.2570797245308207
254,36005036400,0.3988615053943143
255,36005036501,0.3427678834716663
256,36005036502,0.3953042276709925
257,36005036700,0.3628716822917835
258,36005036800,0.6139771247737336
259,36005036901,0.720239539747455
260,36005036902,0.3233118427713455
261,36005037000,0.24725758804278167
262,36005037100,0.27593954090675726
263,36005037200,0.5157261161325555
264,36005037300,0.29964938263867197
265,36005037400,0.3899436580810678
266,36005037504,0.42793784441664334
267,36005037600,0.27506978844928853
268,36005037800,0.26643546096241333
269,36005037900,0.3385117711593516
270,36005038000,0.2859147141937898
271,36005038100,0.2768593041033535
272,36005038200,0.11541927429055049
273,36005038301,0.3877040059913353
274,36005038302,0.4448485008879213
275,36005038500,0.45063335263284
276,36005038600,0.4283800439424691
277,36005038700,0.50966930210898
278,36005038800,0.07753757219705
279,36005038900,0.411612879991626
280,36005039000,0.45158567112597203
281,36005039100,0.5444713817817587
282,36005039200,0.32223308842569753
283,36005039300,0.2751797470217862
284,36005039400,0.3268514662601785
285,36005039500,0.5539919228957879
286,36005039600,0.259796380854579
287,36005039700,0.5549381305508825
288,36005039800,0.35301570520243103
289,36005039901,0.43338059494222164
290,36005039902,0.5248082425308229
291,36005040100,0.49749621860080034
292,36005040302,0.14205440399489533
293,36005040303,0.322129000126781
294,36005040304,0.40012194894236736
295,36005040400,0.32016832863538935
296,36005040501,0.25417576735248804
297,36005040502,0.19912237345659647
298,36005040600,0.3673835945253739
299,36005040701,0.3338174464104204
300,36005040702,0.3623977581354218
301,36005040800,0.1712362205733715
302,36005040900,0.2636536128294185
303,36005041100,0.5024878256533454
304,36005041300,0.21410476763031427
305,36005041400,0.5146675112891632
306,36005041500,0.20542705831152183
307,36005041800,0.43401239809883374
308,36005041900,0.40650179160565475
309,36005042000,0.3979689868353797
310,36005042100,0.3034306256031896
311,36005042200,0.4706487690739035
312,36005042300,0.3054753083572133
313,36005042400,0.3969747554882525
314,36005042500,0.5507978105296057
315,36005042600,0.3725223242671097
316,36005042800,0.4473981219303605
317,36005042901,0.125254780557269
318,36005042902,0.278892976476156
319,36005043000,0.17463832484759734
320,36005043100,0.39975046851658724
321,36005043400,0.5368113581265868
322,36005043500,0.821811405464169
323,36005043600,0.3494711563717415
324,36005044200,0.3284075255398746
325,36005044400,0.314034970448393
326,36005044800,0.1333542032843155
327,36005044901,0.291577829713558
328,36005044902,0.43581098788184597
329,36005045101,0.5669486514846245
330,36005045102,0.47167092758619245
331,36005045600,0.341885709971632
332,36005045800,0.18054447755654773
333,36005046000,0.3466821942191105
334,36005046201,0.2793055595938403
335,36005046202,0.550075105156462
336,36005048400,0.5817611588337798
337,36005050400,0.3939100055678535
338,36005051600,0.39348726544911966
339,36047000100,0.4564220111149105
340,36047000200,0.882504731338396
341,36047000301,0.590943878461836
342,36047000501,0.523451805278916
343,36047000502,0.689609289144521
344,36047000700,0.5719730822641473
345,36047000900,0.629649086839709
346,36047001100,0.436754396234246
347,36047001300,0.6593933470637314
348,36047001500,0.630930331023994
349,36047001800,0.325554917384182
350,36047002000,0.6855183346232275
351,36047002100,0.8904877735337253
352,36047002200,0.3981125919263056
353,36047002300,0.22255223767594
354,36047002901,0.3240048300748715
355,36047003000,0.28839645625453103
356,36047003100,0.4229407436872703
357,36047003300,0.6812838455372775
358,36047003400,0.34579929431536627
359,36047003500,0.866216880449123
360,36047003600,0.170902180003662
361,36047003700,0.577657000948569
362,36047003800,0.090568680258698
363,36047003900,0.6469017286596856
364,36047004100,0.6069362865108797
365,36047004300,0.474711693434801
366,36047004400,0.12658152294766167
367,36047004500,0.5986963459999615
368,36047004600,0.2601214572518245
369,36047004700,0.640676863620866
370,36047004900,0.34560988817825766
371,36047005000,0.27366547360335325
372,36047005100,0.6015231832138437
373,36047005201,0.2260146262037155
374,36047005202,0.11064889949434199
375,36047005300,0.5332301438493636
376,36047005400,0.34523435662359275
377,36047005601,0.230709680106288
378,36047005602,0.217756593730248
379,36047005800,0.676975466391819
380,36047005900,0.77923993873846
381,36047006000,0.6366003705635607
382,36047006200,0.641622395679796
383,36047006300,0.5723681506970605
384,36047006400,0.5740320437497379
385,36047006500,0.404721332035679
386,36047006600,0.525738815913219
387,36047006700,0.5475868031843995
388,36047006800,0.543658721946092
389,36047006900,0.6242052636771027
390,36047007000,0.5367652789719786
391,36047007100,0.34620876317113175
392,36047007200,0.160656710597843
393,36047007400,0.449015544963284
394,36047007500,0.5424574065796656
395,36047007600,0.44342626233774735
396,36047007700,0.6315427993576415
397,36047007800,0.42715105350264676
398,36047008000,0.48828116924513704
399,36047008200,0.42379258758102695
400,36047008400,0.6474529818064984
401,36047008500,0.16443428947269634
402,36047008600,0.0
403,36047008800,0.4302639823269555
404,36047009000,0.513916983780013
405,36047009200,0.4365387157626553
406,36047009400,0.40230156931755107
407,36047009600,0.3241861196491572
408,36047009800,0.44696960295620447
409,36047010000,0.39670263973625275
410,36047010100,0.656058995439341
411,36047010200,0.4891341593134147
412,36047010400,0.7120787226404
413,36047010600,0.6709449161466546
414,36047010800,0.588551987759813
415,36047011000,0.6673689924587215
416,36047011200,0.417808043163935
417,36047011400,0.3721897639246567
418,36047011600,0.39840969425162304
419,36047011700,0.6765340268190346
420,36047011800,0.7997775440982184
421,36047011900,0.8789938780850699
422,36047012000,0.893055086189757
423,36047012100,0.5955097352044435
424,36047012200,0.402072863015553
425,36047012600,0.451649670633734
426,36047012700,0.4489229459549657
427,36047012801,0.634198039815118
428,36047012901,0.648211145137509
429,36047012902,0.6758624945465613
430,36047013000,0.4737542652558645
431,36047013100,0.5158326949640105
432,36047013200,0.5289427892859895
433,36047013300,0.513124235961964
434,36047013400,0.5799355745816089
435,36047013500,0.5015430375451057
436,36047013600,0.573757910434758
437,36047013700,0.644815760973799
438,36047013800,0.6021767574330843
439,36047013900,0.5875651529117945
440,36047014000,0.663216061173574
441,36047014100,0.5774325789719866
442,36047014200,0.442945441545888
443,36047014300,0.6311304402471519
444,36047014500,0.5697730215894252
445,36047014700,0.3718908168417375
446,36047014800,0.47911662392042453
447,36047014900,0.39374093602911003
448,36047015000,0.4867501990002215
449,36047015100,0.6261952401355605
450,36047015200,0.5343864302460803
451,36047015300,0.49755337800611327
452,36047015400,0.0
453,36047015500,0.6082680436722995
454,36047015700,0.6464085458748973
455,36047015900,0.543516838556247
456,36047016000,0.5033268085994684
457,36047016100,0.6392500538267454
458,36047016200,0.45311107882817653
459,36047016300,0.6315499687730454
460,36047016400,0.346279374389328
461,36047016500,0.389876955465723
462,36047016600,0.4244827978232955
463,36047016700,0.34057181467932673
464,36047016800,0.0472196116413035
465,36047016900,0.444745694708126
466,36047017000,0.48856916383627863
467,36047017100,0.3548271241946885
468,36047017200,0.4070207112203655
469,36047017400,0.237500322182604
470,36047017500,0.0
471,36047017600,0.32782585694982935
472,36047017700,0.670698037197459
473,36047017800,0.6979097886117636
474,36047017900,0.4619670374744467
475,36047018000,0.525048431451751
476,36047018100,0.49723824401630745
477,36047018200,0.40925772574603403
478,36047018300,0.602101909446402
479,36047018400,0.4410909321709595
480,36047018501,0.19773049518639652
481,36047018600,0.25392297249796847
482,36047018700,0.582645527724341
483,36047018800,0.402757357670281
484,36047019000,0.500441633448532
485,36047019100,0.6646279069722586
486,36047019200,0.7896134375749826
487,36047019300,0.432946672307556
488,36047019400,0.48189330802959063
489,36047019500,0.39800085954467473
490,36047019600,0.5224185567335927
491,36047019700,0.43090299781505803
492,36047019800,0.5700672366415931
493,36047019900,0.48488917601625026
494,36047020000,0.538609499194425
495,36047020100,0.3600875487631685
496,36047020200,0.3488856857079195
497,36047020300,0.5878110782137085
498,36047020400,0.205474100880556
499,36047020500,0.576437444081325
500,36047020600,0.543168851641708
501,36047020700,0.324280269251542
502,36047020800,0.25227261462759637
503,36047021000,0.41746960245443426
504,36047021100,0.3524672225570925
505,36047021200,0.5814161500213387
506,36047021300,0.5129035485101533
507,36047021400,0.785747134364757
508,36047021500,0.4317398312487072
509,36047021600,0.41135842407751166
510,36047021700,0.384015465221679
511,36047021800,0.6114716698435697
512,36047021900,0.31005898745540367
513,36047022000,0.7138057935284625
514,36047022100,0.26215362071100434
515,36047022200,0.7072532651342273
516,36047022400,0.6378241630837878
517,36047022600,0.6624607461564905
518,36047022700,0.5035025915599087
519,36047022800,0.5440355310115783
520,36047022900,0.1634363029492145
521,36047023000,0.6232946089685566
522,36047023100,0.439899324727785
523,36047023200,0.654802447050702
524,36047023300,0.41743138143563535
525,36047023400,0.7426591274520827
526,36047023500,0.5799871462237255
527,36047023600,0.665173161565772
528,36047023800,0.7751056103530707
529,36047024000,0.6166690070099857
530,36047024100,0.6280242919800325
531,36047024200,0.7589466520922059
532,36047024300,0.3472255604646537
533,36047024400,0.4120114342061067
534,36047024500,0.3844387346884127
535,36047024600,0.5175854918166777
536,36047024700,0.7755245119401895
537,36047024800,0.6892073521441335
538,36047024900,0.2990594450512962
539,36047025000,0.6711347951268585
540,36047025100,0.35177500121950867
541,36047025200,0.4903896600638412
542,36047025300,0.36401325104401167
543,36047025400,0.43542979212121297
544,36047025500,0.174219764865021
545,36047025600,0.5383306842478219
546,36047025700,0.3920361188837837
547,36047025800,0.404926465643656
548,36047025901,0.417879078483348
549,36047025902,0.242207450593221
550,36047026000,0.5347832081129017
551,36047026100,0.2642460671642688
552,36047026200,0.267364387243646
553,36047026300,0.523910529293108
554,36047026400,0.49602223194698875
555,36047026500,0.33112917908192924
556,36047026600,0.49936355614388067
557,36047026700,0.19529959931734425
558,36047026800,0.29451255906155727
559,36047026900,0.36101080938571606
560,36047027000,0.499255246877448
561,36047027100,0.458472597162661
562,36047027200,0.22122760948164832
563,36047027300,0.5032803346084936
564,36047027400,0.47503210131212803
565,36047027500,0.2824065005684662
566,36047027600,0.45860645660904437
567,36047027700,0.28411008811884975
568,36047027800,0.5678917432624025
569,36047027900,0.26417565281861877
570,36047028000,0.33416885274675767
571,36047028100,0.296028133577473
572,36047028200,0.3093653971948805
573,36047028300,0.3965024429590833
574,36047028400,0.48782416569276066
575,36047028501,0.235180591248245
576,36047028502,0.506790170605869
577,36047028600,0.2104764848664025
578,36047028700,0.479735320876725
579,36047028800,0.569025217847593
580,36047028900,0.31838954965798627
581,36047029000,0.47165272589192936
582,36047029100,0.4053226895352573
583,36047029200,0.24687183539666666
584,36047029300,0.48873566863513696
585,36047029400,0.37056489907377
586,36047029500,0.17913848363762025
587,36047029600,0.476057632733513
588,36047029700,0.29251551820228333
589,36047029800,0.5372467097995517
590,36047029900,0.404035583141956
591,36047030000,0.4318308150453415
592,36047030100,0.5003446093138596
593,36047030200,0.269374081940647
594,36047030300,0.4585563388834683
595,36047030400,0.4305432820959908
596,36047030500,0.579874853327223
597,36047030600,0.647759489644775
598,36047030700,0.36900674708056896
599,36047030800,0.58654738367923
600,36047030900,0.547131015931129
601,36047031100,0.43693964447141237
602,36047031300,0.131446836777324
603,36047031400,0.3266222904559992
604,36047031500,0.268771522894977
605,36047031701,0.4495596724592787
606,36047031702,0.45718700198557
607,36047031900,0.41495915570856673
608,36047032100,0.26124820757997747
609,36047032300,0.38694307343545464
610,36047032500,0.3468737999165583
611,36047032600,0.3662122775390496
612,36047032700,0.5730100308937827
613,36047032800,0.657716624414175
614,36047032900,0.2551575794679983
615,36047033000,0.281532938669784
616,36047033100,0.452632237936257
617,36047033300,0.5699663177297264
618,36047033500,0.5654973409048637
619,36047033600,0.2882708893525497
620,36047033700,0.5316618716539193
621,36047033900,0.3019768657572595
622,36047034000,0.6320531982431925
623,36047034100,0.389891233421985
624,36047034200,0.3606269199087505
625,36047034300,0.29747331627708734
626,36047034500,0.293003172207823
627,36047034700,0.37200497447292635
628,36047034800,0.7606003100474955
629,36047034900,0.36080169013350477
630,36047035000,0.442993688738207
631,36047035100,0.5002162303052017
632,36047035200,0.3934382615659095
633,36047035300,0.253273481303079
634,36047035400,0.509655807957725
635,36047035500,0.29947035899520835
636,36047035601,0.289700799499726
637,36047035602,0.22136848683325364
638,36047035700,0.117130207148249
639,36047035900,0.2439134634705715
640,36047036001,0.354695477642979
641,36047036002,0.428503000535128
642,36047036100,0.36072301677154334
643,36047036200,0.6501707328703783
644,36047036300,0.1767633297849415
645,36047036400,0.489591582339759
646,36047036501,0.415472166458666
647,36047036502,0.470848773067814
648,36047036600,0.41943193529110895
649,36047036700,0.5618863407545109
650,36047036900,0.37606998885189546
651,36047037000,0.41869095756596675
652,36047037100,0.38789664792557543
653,36047037300,0.3819979048593835
654,36047037401,0.3253345510347097
655,36047037402,0.4565202163193275
656,36047037500,0.40913987911084765
657,36047037700,0.16476628865511175
658,36047037900,0.2745519873052227
659,36047038100,0.220501788764868
660,36047038200,0.310607364432199
661,36047038300,0.2749797240639955
662,36047038500,0.3603699691216288
663,36047038600,0.6059682615780155
664,36047038700,0.558244966860685
665,36047038800,0.36402269696053224
666,36047038900,0.639876000730264
667,36047039000,0.3792908335161545
668,36047039100,0.435442264988116
669,36047039200,0.5104209750158125
670,36047039300,0.551803526857967
671,36047039400,0.7057275958505347
672,36047039500,0.33077792413739265
673,36047039600,0.5523163268101905
674,36047039700,0.36291145018001997
675,36047039800,0.654014145500266
676,36047039900,0.239714130910854
677,36047040000,0.572656914847188
678,36047040100,0.34615655619835134
679,36047040200,0.567566732772596
680,36047040300,0.5349652269462167
681,36047040400,0.5699716987292255
682,36047040500,0.3414448139286035
683,36047040600,0.19039189230877765
684,36047040700,0.0
685,36047040800,0.2713738384799407
686,36047040900,0.280265238793371
687,36047041000,0.45615515811445395
688,36047041100,0.2105411824944817
689,36047041200,0.450511832893822
690,36047041300,0.198714717848773
691,36047041401,0.6451926232005645
692,36047041402,0.2428598928353145
693,36047041500,0.2745758130078197
694,36047041600,0.6218557419030339
695,36047041700,0.167234406371674
696,36047041800,0.6599591761203085
697,36047041900,0.15977413386423334
698,36047042000,0.6123077124342825
699,36047042100,0.203498476338894
700,36047042200,0.6367607319982397
701,36047042300,0.578137000689788
702,36047042400,0.48879859667799996
703,36047042500,0.3886043438283244
704,36047042600,0.5314043479923231
705,36047042700,0.32622018528004376
706,36047042800,0.4768856764704627
707,36047042900,0.2960934759787678
708,36047043000,0.38423750054929035
709,36047043100,0.4842909161603535
710,36047043200,0.4399964603032114
711,36047043300,0.5639889160972573
712,36047043400,0.5226963747943504
713,36047043500,0.4779873146525486
714,36047043600,0.47145564650278565
715,36047043700,0.260256984248348
716,36047043800,0.392369348976187
717,36047043900,0.3263505339273767
718,36047044000,0.3855263234185083
719,36047044100,0.2708353383703453
720,36047044200,0.44416390668365546
721,36047044300,0.4652056389033933
722,36047044400,0.3679266308582027
723,36047044500,0.43891229195278036
724,36047044600,0.622388058776988
725,36047044700,0.6821409501892345
726,36047044800,0.612035092710014
727,36047044900,0.40587223364415226
728,36047045000,0.67615153385855
729,36047045200,0.38696638988877896
730,36047045300,0.793031940178418
731,36047045400,0.4452260696214375
732,36047045600,0.44435614432890996
733,36047045800,0.362013565101523
734,36047046000,0.4651415999722433
735,36047046201,0.4377059825146855
736,36047046202,0.531841098768721
737,36047046400,0.527824017775487
738,36047046800,0.559103353057028
739,36047047000,0.5689390384555835
740,36047047200,0.6151665935818327
741,36047047400,0.726152375331694
742,36047047600,0.7184304056749831
743,36047047700,0.375716302625145
744,36047047800,0.6033178550623703
745,36047048000,0.7005363983977375
746,36047048100,0.5085188724872437
747,36047048200,0.3371259842561815
748,36047048400,0.583149835170405
749,36047048500,0.7715467760594406
750,36047048600,0.75442205693686
751,36047048800,0.41539370045554436
752,36047048900,0.17457497552126533
753,36047049000,0.4624242723907526
754,36047049100,0.5852047217417075
755,36047049200,0.5184373745100477
756,36047049300,0.35395022602785237
757,36047049400,0.42465899435384524
758,36047049500,0.573382164224317
759,36047049600,0.49115072343392896
760,36047049700,0.6135259486379286
761,36047049800,0.46284094117264535
762,36047049900,0.520307550394282
763,36047050000,0.4426955143082743
764,36047050100,0.5361385688794044
765,36047050202,0.3338128781080585
766,36047050300,0.5844822588320323
767,36047050400,0.49126569748187104
768,36047050500,0.511000864800082
769,36047050600,0.45895824171344274
770,36047050700,0.782714917619062
771,36047050801,0.339201081315364
772,36047050803,0.426313216929456
773,36047050804,0.10865255064245401
774,36047050900,0.45934701639883
775,36047051001,0.348718595954558
776,36047051002,0.2682520596412013
777,36047051100,0.2933611849356777
778,36047051200,0.231733487064467
779,36047051300,0.5255017454453492
780,36047051400,0.2470837509596685
781,36047051500,0.567967145325403
782,36047051601,0.14401047775784634
783,36047051602,0.24124316857948702
784,36047051700,0.670005784710903
785,36047051800,0.47294038864968996
786,36047051900,0.6923555629728493
787,36047052000,0.42301074659986365
788,36047052300,0.5699941531320758
789,36047052500,0.7184773439026695
790,36047052600,0.44211511505878565
791,36047052700,0.4352597189003697
792,36047052800,0.47975691581551294
793,36047052900,0.6612690022417513
794,36047053000,0.5199739924064957
795,36047053100,0.4977940544825378
796,36047053200,0.42102734107325
797,36047053300,0.6467494868085553
798,36047053400,0.5966066748141478
799,36047053500,0.7822887146073998
800,36047053700,0.772654088787592
801,36047053800,0.33460100572173995
802,36047053900,0.4886234365726385
803,36047054200,0.44065265834786066
804,36047054300,0.7093659967929015
805,36047054400,0.36194237721672495
806,36047054500,0.37209196434741126
807,36047054600,0.4230478979762973
808,36047054700,0.509854942628735
809,36047054800,0.244397699413515
810,36047054900,0.5998140761556194
811,36047055000,0.5166242531993573
812,36047055100,0.5824511278762532
813,36047055200,0.480408672398759
814,36047055300,0.8380716332029833
815,36047055400,0.6589750292731144
816,36047055500,0.686084229448934
817,36047055600,0.485942306586685
818,36047055700,0.6757933084174166
819,36047055800,0.41477338800585106
820,36047056000,0.42045881722587364
821,36047056100,0.6758580411811013
822,36047056200,0.39602643283080297
823,36047056300,0.508716244126539
824,36047056400,0.43540632230259835
825,36047056500,0.7046908572020683
826,36047056600,0.5024289636989505
827,36047056800,0.424117494802102
828,36047056900,0.818199052559369
829,36047057000,0.49023702909445854
830,36047057100,0.5097545277039778
831,36047057200,0.077738659325069
832,36047057300,0.3975984660970173
833,36047057400,0.4414373636900695
834,36047057500,0.4323055325581855
835,36047057600,0.43129911185418246
836,36047057800,0.6723686342573425
837,36047057900,0.712810608504267
838,36047058000,0.5558329399027645
839,36047058200,0.696559315291597
840,36047058400,0.525316711676052
841,36047058600,0.4530659793141485
842,36047058800,0.41092225650825853
843,36047058900,0.7058503531140641
844,36047059000,0.681474394010485
845,36047059100,0.27336525338961426
846,36047059200,0.532260290506105
847,36047059300,0.537437632893261
848,36047059401,0.4264358786707208
849,36047059402,0.407750672513802
850,36047059600,0.39114808173963694
851,36047059800,0.24319908527141
852,36047060000,0.5137284887778418
853,36047060600,0.497173500027264
854,36047060800,0.5612191861523443
855,36047061002,0.199997590999196
856,36047061003,0.39968335239505604
857,36047061004,0.42308891150834
858,36047061200,0.331747689059789
859,36047061600,0.254683920962658
860,36047062000,0.5274183240368795
861,36047062200,0.5343935817652296
862,36047062600,0.3658827558803205
863,36047062800,0.45607216444563925
864,36047063200,0.46730990378576454
865,36047063600,0.226915293849172
866,36047063800,0.337963904713727
867,36047064000,0.4041312766509415
868,36047064200,0.555117131263597
869,36047064400,0.502670052022692
870,36047064600,0.5210649452357635
871,36047064800,0.296033864773183
872,36047065000,0.628692887180174
873,36047065200,0.711170294547873
874,36047065400,0.196517999371077
875,36047065600,0.22723263280348
876,36047065800,0.318048216241916
877,36047066000,0.137302392268211
878,36047066200,0.753751007068397
879,36047066600,0.361519793494041
880,36047067000,0.43939519588760445
881,36047067200,0.71980390007831
882,36047067400,0.5576462463097355
883,36047067600,0.4686577664853525
884,36047067800,0.0770826460482995
885,36047068000,0.5453962847909315
886,36047068200,0.33764985104172746
887,36047068600,0.384851012745139
888,36047068800,0.4859467535545915
889,36047069000,0.5637524299228955
890,36047069200,0.1945203557181435
891,36047069601,0.48490399118098004
892,36047069602,0.5875570470810986
893,36047069800,0.750060720100153
894,36047070000,0.3154609092605605
895,36047070201,0.41827392529497465
896,36047070202,0.247036206851192
897,36047070203,0.0
898,36047070600,0.40493176467131436
899,36047072000,0.716401135731342
900,36047072200,0.585310024613298
901,36047072400,0.5950793148012115
902,36047072600,0.664577600426527
903,36047072800,0.3493645076546135
904,36047073000,0.2844913696001965
905,36047073200,0.185228234989286
906,36047073400,0.453106153981675
907,36047073600,0.34928955403583967
908,36047073800,0.5208361501547197
909,36047074000,0.465223412220889
910,36047074200,0.567748570217926
911,36047074400,0.461381823534321
912,36047074600,0.6516136115429625
913,36047074800,0.5503358552956991
914,36047075000,0.5714500249617875
915,36047075200,0.582230853440313
916,36047075400,0.5201520464582194
917,36047075600,0.5101224219080664
918,36047075800,0.504537663223977
919,36047076000,0.28340141547932834
920,36047076200,0.27598232915072
921,36047076400,0.14542846315803
922,36047076600,0.15209890361154
923,36047076800,0.6568244222716486
924,36047077000,0.3027730840860305
925,36047077200,0.3738568679984945
926,36047077400,0.721249816848867
927,36047077600,0.3184595497290317
928,36047078000,0.22524831870377499
929,36047078200,0.018581250879395002
930,36047078400,0.2086864988543135
931,36047078600,0.42649981174507934
932,36047078800,0.526573464161561
933,36047079000,0.27822281857672326
934,36047079200,0.35197377094721266
935,36047079400,0.609994294014466
936,36047079601,0.19547365473321948
937,36047079602,0.4789920422779705
938,36047079801,0.23302978971780852
939,36047079802,0.26184176019316335
940,36047080000,0.25041669464211896
941,36047080200,0.26820215578567735
942,36047080400,0.399691602712402
943,36047080600,0.426630203771951
944,36047080800,0.16315615813377
945,36047081000,0.3384848277537465
946,36047081400,0.4845514242114055
947,36047081600,0.184254468425106
948,36047081800,0.35698587498492035
949,36047082000,0.32516332608426635
950,36047082200,0.19011999758586673
951,36047082400,0.41942946734813374
952,36047082600,0.252594672628516
953,36047082800,0.3417016973300164
954,36047083000,0.28878070754583574
955,36047083200,0.2731870373761225
956,36047083400,0.322926045933432
957,36047083600,0.6750645735452445
958,36047083800,0.5028612607811696
959,36047084000,0.502672103307554
960,36047084600,0.5690616666794585
961,36047084800,0.4562919322681175
962,36047085000,0.435321467772151
963,36047085200,0.0
964,36047085400,0.260735681639689
965,36047085600,0.27276454590915633
966,36047085800,0.2688427125556735
967,36047086000,0.36519001277309804
968,36047086200,0.3516593417161733
969,36047086400,0.22215309488832952
970,36047086600,0.36928487958641604
971,36047086800,0.45141270857272703
972,36047087000,0.3299145749972687
973,36047087200,0.13918168204702
974,36047087401,0.236665420739683
975,36047087600,0.741491174184861
976,36047087800,0.3253904123161457
977,36047088000,0.553857718221391
978,36047088200,0.203524381730878
979,36047088400,0.2563017713510777
980,36047088600,0.3394724832904523
981,36047088800,0.31432591573585367
982,36047089000,0.21023495596004216
983,36047089200,0.5347138343038782
984,36047089400,0.3108807846434942
985,36047089600,0.298942203699251
986,36047089800,0.4170380805748835
987,36047090000,0.32563509958533915
988,36047090200,0.6864746568040154
989,36047090600,0.495164912216772
990,36047090800,0.5573594047579794
991,36047091000,0.231430983121998
992,36047091200,0.21691160020822867
993,36047091600,0.33058744301194226
994,36047091800,0.6028764133965495
995,36047092000,0.15577106769658933
996,36047092200,0.5131034289246935
997,36047092400,0.4869700840403437
998,36047092800,0.10520474879666099
999,36047093000,0.5335274484251965
1000,36047093200,0.851571228174096
1001,36047093400,0.19445803427619351
1002,36047093600,0.4186084595160065
1003,36047093800,0.160413824168917
1004,36047094401,0.5934687816069285
1005,36047094402,0.151365983304561
1006,36047094600,0.5443960250743497
1007,36047095000,0.5554461294587525
1008,36047095400,0.25044687537135896
1009,36047095600,0.3812632174924135
1010,36047095800,0.29765157280432797
1011,36047096000,0.599866145893047
1012,36047096200,0.711625175155059
1013,36047096400,0.5375562369912981
1014,36047096600,0.454762522965008
1015,36047096800,0.6530083397366695
1016,36047097000,0.305032699469854
1017,36047097400,0.6314461271539745
1018,36047098200,0.3187237710256245
1019,36047098400,0.543402059512277
1020,36047098600,0.5922076762225885
1021,36047098800,0.49924947538663256
1022,36047099000,0.482908374169798
1023,36047099200,0.301338043295856
1024,36047099400,0.156725418162355
1025,36047099600,0.3077656834565165
1026,36047099800,0.1971811897237965
1027,36047100400,0.108582949619007
1028,36047100600,0.1933254293431915
1029,36047100800,0.648787430617169
1030,36047101000,0.3818849115432525
1031,36047101200,0.23421165518022002
1032,36047101400,0.10174461658629999
1033,36047101600,0.250551454745607
1034,36047101800,0.328127477318365
1035,36047102000,0.082936663630848
1036,36047102200,0.35709096507221
1037,36047102400,0.227642689467411
1038,36047102600,0.091384230990215
1039,36047102800,0.5334992044453123
1040,36047103400,0.1371487111163335
1041,36047105801,0.132040846085963
1042,36047105804,0.5160605848460528
1043,36047107000,0.3622440756844525
1044,36047107800,0.3594659907244643
1045,36047109800,0.685518334058173
1046,36047110400,0.6249278453630187
1047,36047110600,0.131366329687987
1048,36047111000,0.064702569974546
1049,36047111600,0.631328522518532
1050,36047111800,0.305828754057628
1051,36047112000,0.314763341665833
1052,36047112200,0.2112237769687635
1053,36047112400,0.281250156439189
1054,36047112600,0.33053229537840306
1055,36047112800,0.2675723407441837
1056,36047113000,0.25065794954563825
1057,36047113200,0.2957442839856825
1058,36047113400,0.35206980817438066
1059,36047114201,0.3551923390259565
1060,36047114202,0.1049160255988795
1061,36047114400,0.612498494809486
1062,36047114600,0.3028967392298085
1063,36047115000,0.34059393926498865
1064,36047115200,0.33667826186572936
1065,36047115600,0.5043017064981328
1066,36047115800,0.3540879255236513
1067,36047116000,0.12585910357862198
1068,36047116200,0.18298778832242166
1069,36047116400,0.332190935693857
1070,36047116600,0.13384539863123066
1071,36047116800,0.4875322946131345
1072,36047117000,0.5744201197948114
1073,36047117201,0.232491069024131
1074,36047117202,0.3978539563121195
1075,36047117400,0.36611378597509303
1076,36047117601,0.3490460188647305
1077,36047117602,0.40110284592406953
1078,36047117800,0.461762538220444
1079,36047118000,0.0
1080,36047118201,0.431058555781208
1081,36047118202,0.1977809430707525
1082,36047118400,0.39143712925325874
1083,36047118600,0.41128719211875747
1084,36047118800,0.5262094495110906
1085,36047119000,0.60379115510409
1086,36047119200,0.4651905349487023
1087,36047119400,0.2848097713217767
1088,36047119600,0.4025078989599165
1089,36047119800,0.6645939773178933
1090,36047120000,0.577452395509569
1091,36047120200,0.4614382937395965
1092,36047120800,0.43052020717535183
1093,36047121000,0.211487862212345
1094,36047121400,0.1465388826570805
1095,36047122000,0.518198161133848
1096,36047123700,0.8293103128342146
1097,36047150200,0.4106567675428973
1098,36047152200,0.574550280148623
1099,36061000100,0.0
1100,36061000201,0.3941045500808477
1101,36061000202,0.3276284861154692
1102,36061000500,0.48034436515872164
1103,36061000600,0.37258628657785786
1104,36061000700,0.219882451955875
1105,36061000800,0.4585427295799495
1106,36061000900,0.21313172920755233
1107,36061001001,0.1848226010160195
1108,36061001002,0.2560094744089575
1109,36061001200,0.46431218307611366
1110,36061001300,0.7698773858453964
1111,36061001401,0.556715648084589
1112,36061001402,0.5879149081888335
1113,36061001501,0.5061460527909213
1114,36061001502,0.3641495487580385
1115,36061001600,0.821240870280054
1116,36061001800,0.7144745896444854
1117,36061002000,0.250520393776607
1118,36061002100,0.689552708464065
1119,36061002201,0.6186866444910293
1120,36061002202,0.564655941526837
1121,36061002400,0.08481334566258798
1122,36061002500,0.20826496606749625
1123,36061002601,0.4762119677050295
1124,36061002602,0.4871022637384055
1125,36061002700,0.684215891367725
1126,36061002800,0.367810855560515
1127,36061002900,0.73295269130517
1128,36061003001,0.7021608490002078
1129,36061003002,0.5546867414168675
1130,36061003100,0.478092383033457
1131,36061003200,0.49720255503456773
1132,36061003300,0.6119705674967267
1133,36061003400,0.6469511110889294
1134,36061003601,0.648833046589854
1135,36061003602,0.7328096939675754
1136,36061003700,0.5612945730273212
1137,36061003800,0.6447654290605713
1138,36061003900,0.538061763553703
1139,36061004000,0.7036869536651215
1140,36061004100,0.8442511522095585
1141,36061004200,0.8612390773338681
1142,36061004300,0.8524205782542964
1143,36061004400,0.19942757098692232
1144,36061004500,0.898625824542304
1145,36061004700,0.9604009561207435
1146,36061004800,0.3983100444501481
1147,36061004900,0.7535123058837304
1148,36061005000,0.6993486615630552
1149,36061005200,0.8314854976081525
1150,36061005400,0.80287687600325
1151,36061005501,0.529205592206486
1152,36061005502,0.868146646422576
1153,36061005600,0.8456100027540424
1154,36061005700,0.7372992446946689
1155,36061005800,0.85077408550876
1156,36061005900,0.6177904857573232
1157,36061006000,0.22733729498074975
1158,36061006100,0.8620623836381386
1159,36061006200,0.263398079178407
1160,36061006300,0.7327942236516201
1161,36061006400,0.5895967378902002
1162,36061006500,0.6196899006645272
1163,36061006600,0.4089881694027189
1164,36061006700,0.7206662100605628
1165,36061006800,0.7115595406803116
1166,36061006900,0.451324504012089
1167,36061007000,0.6041148976313093
1168,36061007100,0.7422091251787868
1169,36061007200,0.6655212265371763
1170,36061007300,0.6587745084811318
1171,36061007400,0.849118210716551
1172,36061007500,0.4194669091391855
1173,36061007600,0.7971316948561655
1174,36061007700,0.6191675934153714
1175,36061007800,0.4963601811827094
1176,36061007900,0.5474399422867993
1177,36061008000,0.5838471287002874
1178,36061008100,0.7063841556753033
1179,36061008200,0.761894184006846
1180,36061008300,0.7166339501206207
1181,36061008400,0.821254348370561
1182,36061008601,0.2834535984067217
1183,36061008602,0.486945759511408
1184,36061008603,0.4472206667526996
1185,36061008700,0.6788259264166844
1186,36061008800,0.5371796200115537
1187,36061008900,0.6048026611534136
1188,36061009000,0.6607880729375997
1189,36061009100,0.7834363440407712
1190,36061009200,0.663185939120463
1191,36061009300,0.4889359486728454
1192,36061009400,0.67709624930191
1193,36061009500,0.5976771399716649
1194,36061009600,0.806081700531468
1195,36061009700,0.39797694814829376
1196,36061009800,0.6701549994740129
1197,36061009900,0.4387524759100315
1198,36061010000,0.6644383722502121
1199,36061010100,0.78398011409588
1200,36061010200,0.734350938451308
1201,36061010300,0.890349485235905
1202,36061010400,0.702997149025861
1203,36061010601,0.4270103498058836
1204,36061010602,0.5012227788138275
1205,36061010800,0.6778616189393364
1206,36061010900,0.796476683119638
1207,36061011000,0.6476389587332116
1208,36061011100,0.7302247455672147
1209,36061011201,0.867711401160969
1210,36061011202,0.765541925062531
1211,36061011203,0.6546439290319345
1212,36061011300,0.813524643259166
1213,36061011401,0.8475111562772906
1214,36061011402,0.7301365781453775
1215,36061011500,0.8312776740671945
1216,36061011600,0.230525883113503
1217,36061011700,0.299612805649438
1218,36061011800,0.6698069204151768
1219,36061011900,0.6964555507300161
1220,36061012000,0.7828284077558437
1221,36061012100,0.6087177061475189
1222,36061012200,0.819103057324988
1223,36061012400,0.4521937848130627
1224,36061012500,0.6769913442810964
1225,36061012600,0.5543440448921866
1226,36061012700,0.6839869570058594
1227,36061012800,0.7119855684680442
1228,36061012900,0.558300034139852
1229,36061013000,0.8654486436436307
1230,36061013100,0.7482468458508045
1231,36061013200,0.4301335880673134
1232,36061013300,0.7211476982598117
1233,36061013400,0.6157163922970055
1234,36061013500,0.5450524787523913
1235,36061013600,0.3767799775016615
1236,36061013700,0.7440971238386518
1237,36061013800,0.5888414646792683
1238,36061013900,0.5726159879508123
1239,36061014000,0.6548282031550859
1240,36061014200,0.6607080055165416
1241,36061014300,0.481145709939487
1242,36061014401,0.4403736513099393
1243,36061014402,0.4437045206231298
1244,36061014500,0.5355365848095305
1245,36061014601,0.6842906201765995
1246,36061014602,0.5075638454826913
1247,36061014700,0.571230448861195
1248,36061014801,0.811740114139593
1249,36061014802,0.6797610575674126
1250,36061014900,0.6726126803626962
1251,36061015001,0.7661194918985095
1252,36061015002,0.6758797659062612
1253,36061015100,0.4402706154316526
1254,36061015200,0.4583733629387771
1255,36061015300,0.625366567991801
1256,36061015400,0.44864268829470433
1257,36061015500,0.3104183523992288
1258,36061015601,0.6367236939905192
1259,36061015602,0.489642223053324
1260,36061015700,0.7047693557312866
1261,36061015801,0.603773732863472
1262,36061015802,0.45132114999011697
1263,36061015900,0.4805493074264115
1264,36061016001,0.6379994061521965
1265,36061016002,0.560455353031596
1266,36061016100,0.5951254935353331
1267,36061016200,0.3200796477926482
1268,36061016300,0.5195843316145045
1269,36061016400,0.6263414737482665
1270,36061016500,0.6274622700343322
1271,36061016600,0.461438421045214
1272,36061016700,0.5218335809408136
1273,36061016800,0.3019823622160713
1274,36061016900,0.5923602488081097
1275,36061017000,0.4271670644636866
1276,36061017100,0.5009925478726277
1277,36061017200,0.5199314886450542
1278,36061017300,0.5374890454025317
1279,36061017401,0.5169990999132738
1280,36061017402,0.47251052351051
1281,36061017500,0.5126122298045694
1282,36061017700,0.5181637111912936
1283,36061017800,0.32775316543829924
1284,36061017900,0.4927761003055857
1285,36061018000,0.5206953608530684
1286,36061018100,0.42372292372196646
1287,36061018200,0.4261611120585586
1288,36061018300,0.4855972767538026
1289,36061018400,0.35570863897509925
1290,36061018500,0.4951234846127617
1291,36061018600,0.34824183165796535
1292,36061018700,0.4734316555983232
1293,36061018800,0.5375829325965236
1294,36061018900,0.4252168360897988
1295,36061019000,0.592851450354511
1296,36061019100,0.40752744631661525
1297,36061019200,0.37181827700603926
1298,36061019300,0.4542604765905403
1299,36061019400,0.5429810708206
1300,36061019500,0.47133542971742065
1301,36061019600,0.7148432907449443
1302,36061019701,0.544043144935757
1303,36061019702,0.292125410145033
1304,36061019800,0.275014343192566
1305,36061019900,0.5306244437159034
1306,36061020000,0.5278747023648049
1307,36061020101,0.22538365046566
1308,36061020102,0.32898749012676376
1309,36061020300,0.175954763653939
1310,36061020500,0.48447259463977577
1311,36061020600,0.5456813935660649
1312,36061020701,0.4540824725087635
1313,36061020800,0.33618296889765004
1314,36061020901,0.7885090276180845
1315,36061021000,0.15497453353220358
1316,36061021100,0.3989799934962796
1317,36061021200,0.330404378715011
1318,36061021303,0.44225750647043927
1319,36061021400,0.267142223453085
1320,36061021500,0.37381658973618603
1321,36061021600,0.315972005560843
1322,36061021703,0.030588852697706
1323,36061021800,0.5454221736389228
1324,36061021900,0.467220909791889
1325,36061022000,0.40972933798825517
1326,36061022102,0.5004024062726885
1327,36061022200,0.8767807655536666
1328,36061022301,0.3332551193086062
1329,36061022302,0.2392472818791025
1330,36061022400,0.4051660709800053
1331,36061022500,0.2730243881071968
1332,36061022600,0.44914465164455636
1333,36061022700,0.4614911348271027
1334,36061022800,0.3818080049241355
1335,36061022900,0.3193612756670425
1336,36061023000,0.247967592534771
1337,36061023100,0.2713474738925627
1338,36061023200,0.520116093032136
1339,36061023300,0.28569013303069424
1340,36061023400,0.22540126353176002
1341,36061023501,0.331456290025764
1342,36061023502,0.222099136784949
1343,36061023600,0.2228762548469526
1344,36061023700,0.25183524512543226
1345,36061023801,0.245396292453915
1346,36061023802,0.3062433645511677
1347,36061023900,0.33159258745543596
1348,36061024000,0.287493984458867
1349,36061024100,0.33331474560251767
1350,36061024200,0.41557991413604745
1351,36061024301,0.42353203058702404
1352,36061024302,0.25150602210988277
1353,36061024500,0.5082056162081081
1354,36061024700,0.17826953131279066
1355,36061024900,0.639950423522469
1356,36061025100,0.6116741635780395
1357,36061025300,0.4544386862588275
1358,36061025500,0.238710360750314
1359,36061025700,0.6446639548205747
1360,36061025900,0.4223202383573075
1361,36061026100,0.33828426418122043
1362,36061026300,0.5172508949824094
1363,36061026500,0.3290143440074672
1364,36061026700,0.257476632439955
1365,36061026900,0.4591801677732523
1366,36061027100,0.5843782862366492
1367,36061027300,0.38566597642849576
1368,36061027500,0.17196289167991166
1369,36061027700,0.301535719186228
1370,36061027900,0.33385765864236944
1371,36061028100,0.39905574057189397
1372,36061028300,0.381668802539884
1373,36061028500,0.323686899397861
1374,36061028700,0.31978624690997426
1375,36061029100,0.33081528997686255
1376,36061029300,0.44810772695982176
1377,36061029500,0.274216221020101
1378,36061029700,0.4480191162672785
1379,36061029900,0.3139222647317296
1380,36061030300,0.531013087757204
1381,36061030700,0.32793314397021067
1382,36061030900,0.3001835182922937
1383,36061031100,0.0
1384,36061031703,0.378122942163499
1385,36061031704,0.44499571587335457
1386,36061031900,0.307239968947101
1387,36081000100,0.882683023684352
1388,36081000200,0.31250244773108404
1389,36081000400,0.3488529968387207
1390,36081000600,0.382064134991593
1391,36081000700,0.7609167769535452
1392,36081000800,0.2935964537318475
1393,36081001000,0.4320740633979845
1394,36081001200,0.46041281559024405
1395,36081001400,0.312850803847499
1396,36081001600,0.36544305918340003
1397,36081001800,0.551906484249267
1398,36081001900,0.824846240209991
1399,36081002000,0.534468354988284
1400,36081002200,0.48533760841066
1401,36081002400,0.540126828873696
1402,36081002500,0.23347995619383113
1403,36081002600,0.416986348190835
1404,36081002800,0.5776421606197855
1405,36081003000,0.297413287274449
1406,36081003100,0.773939223497965
1407,36081003200,0.596018960380157
1408,36081003300,0.6737956187742777
1409,36081003400,0.5741328423672725
1410,36081003600,0.238554449604757
1411,36081003700,0.853882156956834
1412,36081003800,0.5765428400795014
1413,36081003900,0.723195887616012
1414,36081004001,0.578952945243014
1415,36081004002,0.895715662440812
1416,36081004200,0.3793593762001173
1417,36081004300,0.4919980666031995
1418,36081004401,0.4306034709084045
1419,36081004500,0.43856539001210065
1420,36081004700,0.325503719960741
1421,36081005000,0.0
1422,36081005100,0.75845453269642
1423,36081005200,0.293299928780748
1424,36081005300,0.321594448359473
1425,36081005400,0.5009925457434565
1426,36081005500,0.728129977377045
1427,36081005700,0.780633166141512
1428,36081005800,0.4209377632908683
1429,36081005900,0.5693009396849903
1430,36081006100,0.5567349344235553
1431,36081006201,0.1647605588686925
1432,36081006202,0.380937261217388
1433,36081006300,0.585510859083606
1434,36081006501,0.42590951027103197
1435,36081006502,0.4463066991203127
1436,36081006900,0.5803375262805307
1437,36081007100,0.47574053340595324
1438,36081007300,0.29101168104270964
1439,36081007500,0.36826395068952134
1440,36081007700,0.738600135694003
1441,36081007900,0.453838971527018
1442,36081008100,0.450600441649983
1443,36081008300,0.5902804896348519
1444,36081008500,0.738408460097923
1445,36081008600,0.6077279063429185
1446,36081008700,0.2874062710268153
1447,36081008800,0.318778994260173
1448,36081009100,0.27701998898777747
1449,36081009400,0.457718795674469
1450,36081009500,0.280864351910686
1451,36081009600,0.5440441893749804
1452,36081009700,0.2962791763600835
1453,36081009800,0.5467111340959325
1454,36081009900,0.811278124459133
1455,36081010000,0.320079683132914
1456,36081010100,0.2782727055039145
1457,36081010200,0.45429176414487504
1458,36081010300,0.442107585118514
1459,36081010400,0.2902147690683695
1460,36081010500,0.19252573640555426
1461,36081010600,0.5853333012423525
1462,36081010701,0.2938219925179455
1463,36081010800,0.363878562300306
1464,36081011000,0.424304061092589
1465,36081011100,0.2871147309884905
1466,36081011200,0.590779269824822
1467,36081011300,0.6093286416017487
1468,36081011400,0.788372540475977
1469,36081011500,0.7664254547282625
1470,36081011600,0.5306865114602485
1471,36081011700,0.48526822805777825
1472,36081011800,0.4369482780454905
1473,36081011900,0.7277190251077905
1474,36081012000,0.6489901281120389
1475,36081012100,0.389543962512501
1476,36081012200,0.600792781958069
1477,36081012301,0.6630731313586521
1478,36081012400,0.5602620329269425
1479,36081012500,0.41902272715487
1480,36081012601,0.2828873435550395
1481,36081012602,0.37968728988668554
1482,36081012800,0.42931681991119897
1483,36081013000,0.383407445489235
1484,36081013200,0.5341347780708795
1485,36081013400,0.24826683850773926
1486,36081013500,0.251162048905328
1487,36081013600,0.5465539291215951
1488,36081013700,0.632271246515574
1489,36081013800,0.3386153364714605
1490,36081014000,0.3636482700397705
1491,36081014100,0.5213267157588726
1492,36081014201,0.394160767305612
1493,36081014202,0.5261225584253311
1494,36081014300,0.4177865030381675
1495,36081014400,0.707641764138615
1496,36081014500,0.4313121352965985
1497,36081014700,0.4417130067589254
1498,36081014800,0.248038039448522
1499,36081014900,0.6467766833834909
1500,36081015000,0.26919656874389253
1501,36081015100,0.296365939923137
1502,36081015200,0.2901356375599705
1503,36081015300,0.45214060905702397
1504,36081015400,0.6468159683261145
1505,36081015500,0.8360107203583125
1506,36081015600,0.449006278536888
1507,36081015700,0.886554476921282
1508,36081015801,0.45392173464185537
1509,36081015802,0.5589481298000726
1510,36081015900,0.413535993079719
1511,36081016100,0.574469086134498
1512,36081016300,0.6207984757783876
1513,36081016400,0.2036085669249155
1514,36081016600,0.498709694397739
1515,36081016800,0.1744134621911945
1516,36081016900,0.3131241302198142
1517,36081017000,0.3249504202914785
1518,36081017100,0.794167002481284
1519,36081017200,0.36483590859668
1520,36081017400,0.25043165277283397
1521,36081017600,0.347228642772375
1522,36081017800,0.29092481482565
1523,36081017900,0.5122958878728515
1524,36081018000,0.553596018090101
1525,36081018101,0.43046993933761263
1526,36081018102,0.3461485969684333
1527,36081018200,0.4333968276179445
1528,36081018300,0.454305600221277
1529,36081018401,0.380573977359303
1530,36081018402,0.3837242085183095
1531,36081018501,0.2286956852538887
1532,36081018502,0.33634405995542466
1533,36081018600,0.080482112169171
1534,36081018700,0.3922850711070873
1535,36081018800,0.160987302608903
1536,36081018900,0.4211839078954616
1537,36081019000,0.365131610436817
1538,36081019200,0.305090723061259
1539,36081019400,0.157758808400971
1540,36081019600,0.423492888308379
1541,36081019800,0.151636305676154
1542,36081019900,0.6665927121852445
1543,36081020200,0.251429311667046
1544,36081020400,0.645996461023779
1545,36081020500,0.422880057147075
1546,36081020600,0.536837062501415
1547,36081020800,0.62287975942357
1548,36081021200,0.7936017995329985
1549,36081021400,0.5948607811239647
1550,36081021600,0.5565803670011653
1551,36081021900,0.502537628363066
1552,36081022001,0.3070399236467297
1553,36081022002,0.25180605513729754
1554,36081022900,0.466985578851429
1555,36081023000,0.5831106648606474
1556,36081023200,0.38778373534124433
1557,36081023500,0.5414695377386463
1558,36081023600,0.622524266155402
1559,36081023800,0.47408071696780124
1560,36081024000,0.5784764166103723
1561,36081024300,0.46076351995985076
1562,36081024500,0.441632992080794
1563,36081024600,0.184871816036597
1564,36081024700,0.395372872752653
1565,36081024900,0.5220261323525147
1566,36081025100,0.40909128473684325
1567,36081025301,0.4815801356976855
1568,36081025302,0.5436420638628705
1569,36081025400,0.3001317222854438
1570,36081025500,0.806818519437965
1571,36081025700,0.853968843966033
1572,36081025800,0.4653567707776375
1573,36081025900,0.6356843951772525
1574,36081026000,0.3443003818386595
1575,36081026100,0.44730569272793197
1576,36081026200,0.452854813588437
1577,36081026300,0.40104599778210065
1578,36081026400,0.340382979011666
1579,36081026500,0.4579171973890395
1580,36081026600,0.533039098808481
1581,36081026700,0.515719820130852
1582,36081026901,0.47960175213109824
1583,36081026902,0.3985765032463135
1584,36081027000,0.48026227979834
1585,36081027100,0.30138508742891224
1586,36081027200,0.4187677819262245
1587,36081027300,0.481037073657685
1588,36081027400,0.16189356841941
1589,36081027500,0.332670376114942
1590,36081027600,0.504559490768851
1591,36081027700,0.2937662738261962
1592,36081027800,0.556167826903465
1593,36081027900,0.37529851111117296
1594,36081028000,0.586656134643531
1595,36081028100,0.4046311574731853
1596,36081028200,0.436800980466788
1597,36081028300,0.5670858922156276
1598,36081028400,0.5343802886749675
1599,36081028500,0.417658685923152
1600,36081028700,0.45576355610631925
1601,36081028800,0.40123016006819145
1602,36081028900,0.5002271456295869
1603,36081029100,0.5165000371489987
1604,36081029300,0.892671425651495
1605,36081029400,0.4867505844750006
1606,36081029500,0.35257693475471097
1607,36081029700,0.735580521155445
1608,36081029900,0.433804552736562
1609,36081030600,0.5136937910205938
1610,36081030902,0.3642219196541054
1611,36081030903,0.49059644245229367
1612,36081030904,0.6936842073470715
1613,36081031700,0.525681445699539
1614,36081032000,0.5655223317607403
1615,36081032700,0.36675283526276403
1616,36081032800,0.42513674793153555
1617,36081032900,0.6930439027364086
1618,36081033000,0.2468867285267598
1619,36081033100,0.1578063088536165
1620,36081033401,0.4408465224684805
1621,36081033402,0.3740728327197283
1622,36081033700,0.4581112457664795
1623,36081033900,0.572616372095795
1624,36081034700,0.5326377062941505
1625,36081035100,0.34670441981787836
1626,36081035200,0.811951814806305
1627,36081035300,0.5182069152218141
1628,36081035700,0.6646521735444174
1629,36081035800,0.2823363339153142
1630,36081036100,0.414152666176253
1631,36081036300,0.5480004789924036
1632,36081036500,0.3264778310511605
1633,36081036600,0.569672016290883
1634,36081036700,0.4569829294050855
1635,36081036800,0.16922530232421598
1636,36081037100,0.093140639034427
1637,36081037300,0.6116387931851235
1638,36081037500,0.6478179894978886
1639,36081037600,0.1277658536437168
1640,36081037700,0.37241717490346504
1641,36081037900,0.3513467234069377
1642,36081038100,0.28646626384898605
1643,36081038301,0.313805045372136
1644,36081038302,0.169881443943671
1645,36081038400,0.39869771687077804
1646,36081039400,0.36830333378304464
1647,36081039800,0.2142599294463065
1648,36081039900,0.5160977818045217
1649,36081040000,0.17417684955017748
1650,36081040100,0.30933722940458663
1651,36081040200,0.21295037296947
1652,36081040300,0.45906831241082835
1653,36081040400,0.147446803841939
1654,36081040500,0.6977948535937015
1655,36081040700,0.38076126239592717
1656,36081040900,0.37653153305141873
1657,36081041100,0.2073172698128085
1658,36081041300,0.42945214968124745
1659,36081041400,0.4228196668255267
1660,36081041500,0.49781823191221
1661,36081042400,0.17903326212264634
1662,36081042600,0.277619146941352
1663,36081042700,0.3260932965166045
1664,36081043200,0.404321903832866
1665,36081043400,0.426248798186247
1666,36081043701,0.621774385018529
1667,36081043702,0.16121966607737934
1668,36081043900,0.45559827849762247
1669,36081044000,0.4161413565692957
1670,36081044301,0.17363330432729002
1671,36081044302,0.5640742144499936
1672,36081044400,0.7723264792733477
1673,36081044601,0.6921822789449815
1674,36081044602,0.500155942612543
1675,36081044800,0.45101410663430597
1676,36081045000,0.4501322039540695
1677,36081045200,0.377646933619866
1678,36081045400,0.4647818147458495
1679,36081045500,0.31258171578376537
1680,36081045600,0.483780817860367
1681,36081045700,0.41020347495784504
1682,36081045800,0.592229826318394
1683,36081045900,0.1515475758995955
1684,36081046000,0.619076330936292
1685,36081046100,0.650500718553326
1686,36081046200,0.4213485619139777
1687,36081046300,0.418999857136221
1688,36081046400,0.23523073264534
1689,36081046500,0.5512689984901715
1690,36081046600,0.5994173849882984
1691,36081046700,0.34120243436473424
1692,36081046800,0.378651714027725
1693,36081046900,0.24053889658423921
1694,36081047000,0.43794548797654054
1695,36081047100,0.3682469846467745
1696,36081047200,0.37253829185736803
1697,36081047300,0.4725973024189687
1698,36081047500,0.5108433534052444
1699,36081047600,0.250134659472278
1700,36081047800,0.5403940046151433
1701,36081047900,0.592757947415263
1702,36081048000,0.4562286298394095
1703,36081048100,0.3363325571634608
1704,36081048200,0.61626792911413
1705,36081048300,0.388713771591665
1706,36081048400,0.25689692441589473
1707,36081048500,0.6105751521545056
1708,36081048900,0.633749445826068
1709,36081049200,0.33251330552326
1710,36081049301,0.373681075252603
1711,36081049302,0.7710418128443961
1712,36081049500,0.113980594086867
1713,36081049600,0.135979459752103
1714,36081049700,0.399313808570093
1715,36081049900,0.48819480307654867
1716,36081050000,0.387099013939166
1717,36081050201,0.275168064696606
1718,36081050202,0.190449379813436
1719,36081050400,0.32729527691969645
1720,36081050500,0.150542799952438
1721,36081050600,0.344037937759498
1722,36081050700,0.2555508081525765
1723,36081050800,0.48000404409999
1724,36081051000,0.432334744905453
1725,36081051100,0.4353394974053495
1726,36081051200,0.49364124089586764
1727,36081051300,0.4643963465028375
1728,36081051500,0.5655691988729317
1729,36081051600,0.051207613837828
1730,36081051700,0.6349599300332305
1731,36081051800,0.118116957591048
1732,36081052000,0.492032378904415
1733,36081052100,0.577727509845291
1734,36081052200,0.077819646995466
1735,36081052400,0.2451546294663035
1736,36081052500,0.438722564459792
1737,36081052600,0.199927120663169
1738,36081052800,0.387082507151029
1739,36081053000,0.32008520576063504
1740,36081053100,0.56842852689156
1741,36081053200,0.5680005424663606
1742,36081053401,0.35070706813527497
1743,36081053500,0.628130031854897
1744,36081053601,0.0590990480534235
1745,36081053800,0.364890375325694
1746,36081053900,0.448346875918964
1747,36081054000,0.578531311133574
1748,36081054200,0.46477434713770904
1749,36081054500,0.46179406493063696
1750,36081054700,0.32793591880565937
1751,36081054800,0.3186557783376625
1752,36081054900,0.3519699372162437
1753,36081055100,0.5624938723772307
1754,36081055200,0.53508536718237
1755,36081055300,0.647277756131911
1756,36081055400,0.2055072747757195
1757,36081055500,0.5576446736044549
1758,36081055600,0.22341987256832
1759,36081055700,0.658714649675709
1760,36081055800,0.1696761360075775
1761,36081055900,0.571085899034155
1762,36081056000,0.5160703022258215
1763,36081056100,0.670841483926693
1764,36081056200,0.42571131107357
1765,36081056400,0.576307997547003
1766,36081056500,0.421957919788618
1767,36081056600,0.48967520179561497
1768,36081056700,0.266044065393706
1769,36081056800,0.7780240207299532
1770,36081057700,0.41388897126267205
1771,36081057900,0.1539727439113525
1772,36081058000,0.14386153865855325
1773,36081058100,0.43954807165731546
1774,36081058200,0.36061364008953967
1775,36081058300,0.459419556047991
1776,36081058500,0.3103428937892953
1777,36081058700,0.43121276279199533
1778,36081058900,0.3137016731634273
1779,36081059000,0.14984412365987
1780,36081059100,0.18382125788818598
1781,36081059200,0.045606475941826
1782,36081059300,0.40571962049308596
1783,36081059400,0.109647434878698
1784,36081059500,0.641505347247286
1785,36081059600,0.4517500077561675
1786,36081059800,0.431223372498698
1787,36081059900,0.351194779069516
1788,36081060000,0.173219305146666
1789,36081060100,0.4957016478700305
1790,36081060300,0.757897199061254
1791,36081060600,0.36346793310847597
1792,36081060701,0.721928094887362
1793,36081060800,0.624982309494398
1794,36081061000,0.051490923718404
1795,36081061200,0.26007876674695
1796,36081061301,0.6000208254662365
1797,36081061302,0.463436782324667
1798,36081061400,0.279170583674302
1799,36081061601,0.07432443757757166
1800,36081061602,0.5014469964431935
1801,36081061800,0.399214734335006
1802,36081061900,0.544830355479309
1803,36081062000,0.201819080729842
1804,36081062100,0.5837435827741977
1805,36081062200,0.3499894488109605
1806,36081062300,0.4980763700450975
1807,36081062400,0.0
1808,36081062500,0.41999208842797797
1809,36081062600,0.3571658314788837
1810,36081062700,0.39506095402459446
1811,36081062900,0.612843690454493
1812,36081063000,0.259671281135612
1813,36081063200,0.323305662442531
1814,36081063301,0.535111019190315
1815,36081063302,0.595871403782424
1816,36081063500,0.508551960408728
1817,36081063700,0.8337628370384177
1818,36081063800,0.3436468717737688
1819,36081063900,0.4481036716588545
1820,36081064101,0.18172133250114
1821,36081064102,0.635170176830888
1822,36081064500,0.6070286428299385
1823,36081064600,0.38732421141975554
1824,36081065000,0.10834303298145549
1825,36081065400,0.49258503952186466
1826,36081065501,0.0
1827,36081065600,0.20390113367864435
1828,36081065702,0.485755802553302
1829,36081065703,0.5020824831740733
1830,36081065900,0.4688418428251155
1831,36081066000,0.2280359764581285
1832,36081066100,0.352455287155373
1833,36081066300,0.32288518274561034
1834,36081066400,0.4292636431157354
1835,36081066501,0.3626604949083503
1836,36081066701,0.297909636323756
1837,36081066900,0.33189973468536105
1838,36081067100,0.498323273535321
1839,36081067700,0.356179461127215
1840,36081067900,0.53611491260668
1841,36081068000,0.32670977459464373
1842,36081068200,0.512573529901134
1843,36081068300,0.5707411911889054
1844,36081068700,0.2692503059944453
1845,36081069000,0.487201543029086
1846,36081069300,0.5475316257144736
1847,36081069400,0.316957071561225
1848,36081069500,0.6080197086528716
1849,36081069701,0.27790964222978237
1850,36081069702,0.397996579031071
1851,36081070300,0.429348923620009
1852,36081070700,0.33377136858858064
1853,36081070900,0.423560657935933
1854,36081071100,0.49655142318109624
1855,36081071303,0.4043890867529387
1856,36081071304,0.35971605313008925
1857,36081071305,0.47811941553861503
1858,36081071306,0.31863088213697877
1859,36081071600,0.661891658469375
1860,36081071701,0.577373945746295
1861,36081071702,0.4258135169935385
1862,36081071900,0.19839448643761048
1863,36081072100,0.35598866469334683
1864,36081072300,0.4411527391501016
1865,36081072900,0.64239010491124
1866,36081073100,0.515517327396496
1867,36081073700,0.782865617628353
1868,36081073900,0.45247574157471737
1869,36081074100,0.40570196308518874
1870,36081074300,0.4878820443192112
1871,36081074500,0.361903645632739
1872,36081074700,0.41366135779963853
1873,36081074900,0.5005910903742115
1874,36081075701,0.57180850214784
1875,36081075702,0.4350038384185293
1876,36081076901,0.4028614032240475
1877,36081076902,0.607083879751468
1878,36081077300,0.269100616013291
1879,36081077500,0.5604050004029894
1880,36081077902,0.35317758772200303
1881,36081077903,0.42868568397071133
1882,36081077904,0.35762837596755204
1883,36081077905,0.44279284938230956
1884,36081077906,0.5496647998519545
1885,36081077907,0.4221936674041855
1886,36081077908,0.36765189765681
1887,36081078800,0.409305719958438
1888,36081079000,0.44986991628906703
1889,36081079200,0.5106586557306335
1890,36081079300,0.0
1891,36081079701,0.41735661768974053
1892,36081079702,0.5634939355721064
1893,36081079900,0.27750931598247197
1894,36081080301,0.4508808493199073
1895,36081080302,0.36770250001170535
1896,36081080900,0.3441853653640791
1897,36081081400,0.31361759769713865
1898,36081081800,0.444408074216863
1899,36081083700,0.48742039428161676
1900,36081083800,0.26557029832719375
1901,36081084000,0.3898735783377408
1902,36081084500,0.36258881215928707
1903,36081084601,0.2158441937292265
1904,36081084602,0.612243986293878
1905,36081084900,0.527152370399057
1906,36081085300,0.6776057640701867
1907,36081085500,0.3003241559098925
1908,36081085700,0.35703937385229395
1909,36081085900,0.37625910853613304
1910,36081086100,0.395464060660844
1911,36081086300,0.335825635136847
1912,36081086400,0.3859537652146465
1913,36081086500,0.568558579746924
1914,36081086900,0.8814859530199091
1915,36081087100,0.834471773713766
1916,36081088400,0.3460027397603506
1917,36081088901,0.42195573605969905
1918,36081089200,0.5322804881772906
1919,36081090700,0.344752856875196
1920,36081091601,0.34585908464462245
1921,36081091602,0.0
1922,36081091800,0.30414435001807
1923,36081091900,0.48212293850425025
1924,36081092200,0.26300478344512424
1925,36081092500,0.6250243032823133
1926,36081092800,0.329927155927963
1927,36081092900,0.43381979395674064
1928,36081093401,0.3829347320533895
1929,36081093402,0.255794999320194
1930,36081093800,0.25803059408019574
1931,36081093900,0.19971386080254525
1932,36081094201,0.2786846664816935
1933,36081094202,0.34524290466182367
1934,36081094203,0.23794560226841618
1935,36081094500,0.5521633729397607
1936,36081094700,0.6057241318093155
1937,36081095400,0.28755689650577726
1938,36081096400,0.294770625504153
1939,36081097202,0.09037253847339
1940,36081097203,0.2796260761906426
1941,36081097204,0.420189118927895
1942,36081097300,0.4059673603966407
1943,36081098100,0.512447044382531
1944,36081098700,0.5370447164129857
1945,36081099100,0.275827171598921
1946,36081099200,0.2655134745553327
1947,36081099701,0.35258708096562197
1948,36081099703,0.460483697660599
1949,36081099704,0.4098805519836395
1950,36081099705,0.1616035002578105
1951,36081099801,0.3823916137964772
1952,36081099802,0.1963705574164005
1953,36081099900,0.249882292833185
1954,36081100801,0.26839412511414035
1955,36081100802,0.2698250820764954
1956,36081101001,0.32928671454319425
1957,36081101002,0.275724103971855
1958,36081101700,0.4805888972109202
1959,36081102900,0.5488492805171374
1960,36081103201,0.27346332478928864
1961,36081103202,0.44190774462251076
1962,36081103300,0.25594462590440525
1963,36081103900,0.43298133141907874
1964,36081104700,0.359502854161234
1965,36081105900,0.46523352860615397
1966,36081107201,0.534725243109787
1967,36081107202,0.0
1968,36081108500,0.5206172560109313
1969,36081109300,0.2965135745373445
1970,36081109700,0.46780602185491027
1971,36081109900,0.5602308713290943
1972,36081111300,0.3092079280595147
1973,36081112300,0.9128610620482105
1974,36081112900,0.5071321845018827
1975,36081113300,0.3668034112447725
1976,36081113900,0.5107011924847686
1977,36081114100,0.592793217655663
1978,36081114700,0.2215055988570815
1979,36081115100,0.309865665309258
1980,36081115500,0.498260259392025
1981,36081115700,0.43521626466623725
1982,36081115900,0.34151503891459734
1983,36081116100,0.5012171322805525
1984,36081116300,0.41671324378651564
1985,36081116700,0.755155115876096
1986,36081117100,0.8165047889106033
1987,36081117500,0.471164561215304
1988,36081118100,0.6500777571924405
1989,36081118500,0.3067586146521275
1990,36081118700,0.2351085567423655
1991,36081118900,0.422050741158274
1992,36081119100,0.4698819211515115
1993,36081119300,0.4083506085773335
1994,36081119500,0.487710619822551
1995,36081119900,0.257085533529073
1996,36081120100,0.308586332348667
1997,36081120300,0.33490948721082503
1998,36081120500,0.601398597829399
1999,36081120700,0.3730772367774675
2000,36081121100,0.0
2001,36081121500,0.52287671761146
2002,36081122300,0.5522038388854283
2003,36081122701,0.3899541186728007
2004,36081122702,0.35210990817987076
2005,36081124100,0.44607462745841064
2006,36081124700,0.3883969923442024
2007,36081125700,0.579951703874969
2008,36081126500,0.6324812346535426
2009,36081126700,0.24290862644591568
2010,36081127700,0.5968078364684455
2011,36081128300,0.0
2012,36081129102,0.47733489768908155
2013,36081129103,0.40934187397269906
2014,36081129104,0.32171403354967243
2015,36081130100,0.3362958809682193
2016,36081133300,0.3902513642357818
2017,36081133900,0.548848132563533
2018,36081134100,0.6200429840728957
2019,36081134700,0.6029895150891104
2020,36081136700,0.42348824230381615
2021,36081137700,0.32835226027318726
2022,36081138501,0.35267986787550376
2023,36081138502,0.602547046703427
2024,36081139900,0.44393468949374704
2025,36081140300,0.357714513927386
2026,36081140901,0.508845997815727
2027,36081140902,0.6319797689935001
2028,36081141700,0.3121338430726196
2029,36081142900,0.36706131471449877
2030,36081143500,0.5375965168009915
2031,36081144100,0.36903184301869496
2032,36081144700,0.667187322656523
2033,36081145101,0.66148322134306
2034,36081145102,0.434116305432771
2035,36081145900,0.552828670021116
2036,36081146300,0.5725149213012826
2037,36081146700,0.5797898569326604
2038,36081147100,0.5081305916239585
2039,36081147900,0.6637902808843646
2040,36081148300,0.3899400347612142
2041,36081150701,0.6366313792249416
2042,36081150702,0.663647450128412
2043,36081152901,0.48408674236978205
2044,36081152902,0.3969602721465605
2045,36081155101,0.329315069619342
2046,36081155102,0.3083642560200472
2047,36081156700,0.208181447793512
2048,36081157101,0.3592010209479395
2049,36081157102,0.24356683636356502
2050,36081157901,0.312850905532269
2051,36081157902,0.6192284356837066
2052,36081157903,0.500911413847642
2053,36081161700,0.49461218019734127
2054,36081162100,0.3989244333543252
2055,36085000300,0.48969717087566367
2056,36085000600,0.4151262253960613
2057,36085000700,0.3202481590691666
2058,36085000800,0.465629901522057
2059,36085000900,0.413539175806797
2060,36085001100,0.4618967604869583
2061,36085001700,0.3967884840375455
2062,36085001800,0.0529956730021595
2063,36085002001,0.2379205966875455
2064,36085002002,0.27569696857263
2065,36085002100,0.4932181216727192
2066,36085002700,0.61080587728859
2067,36085002900,0.5163130621809557
2068,36085003300,0.2045489042703705
2069,36085003600,0.3088737745573555
2070,36085003900,0.2867564370388435
2071,36085004000,0.3319787850908299
2072,36085004700,0.4864236935485525
2073,36085005000,0.5527636150443517
2074,36085005900,0.382561745798336
2075,36085006400,0.6067627538474339
2076,36085006700,0.498239499383525
2077,36085007000,0.3735085284958342
2078,36085007400,0.30493802051953733
2079,36085007500,0.4696247623260177
2080,36085007700,0.414569321746344
2081,36085008100,0.25885898739714724
2082,36085009601,0.6034636663163995
2083,36085009602,0.5912292906214583
2084,36085009700,0.37082596098476467
2085,36085010500,0.6052519119426811
2086,36085011201,0.3243088678276273
2087,36085011202,0.5370910914552685
2088,36085011401,0.47947563642758395
2089,36085011402,0.5176830634347794
2090,36085012100,0.544003396655662
2091,36085012200,0.6377048277472575
2092,36085012500,0.513118965667226
2093,36085012804,0.34975389529347467
2094,36085012805,0.1090750738810205
2095,36085012806,0.23157443822263518
2096,36085013201,0.488222227217946
2097,36085013203,0.4707438503522086
2098,36085013204,0.41636731707556934
2099,36085013301,0.176151442620532
2100,36085013302,0.7460178763782249
2101,36085013400,0.5956691887093957
2102,36085013800,0.377006987363344
2103,36085014100,0.5643881421902195
2104,36085014604,0.414108627951033
2105,36085014605,0.4313694266244505
2106,36085014606,0.30106756237564447
2107,36085014607,0.443141617362167
2108,36085014608,0.302827540422675
2109,36085014700,0.4957003158866873
2110,36085015100,0.4338663111243871
2111,36085015400,0.0
2112,36085015601,0.49730106131243734
2113,36085015602,0.4943194611724585
2114,36085015603,0.3882391231646755
2115,36085016901,0.54480071150631
2116,36085017005,0.6060652344247119
2117,36085017007,0.21435440987887902
2118,36085017008,0.21826646310352502
2119,36085017009,0.399967204212573
2120,36085017010,0.3559175852679852
2121,36085017011,0.38789663846983946
2122,36085017012,0.347087911119676
2123,36085017300,0.33517730696921255
2124,36085017600,0.3261568947881498
2125,36085017700,0.4558892633131258
2126,36085018100,0.5621448062609894
2127,36085018701,0.5455930299591956
2128,36085018702,0.4249470083479713
2129,36085018901,0.513718268810431
2130,36085018902,0.41357078281785403
2131,36085019700,0.2288758083762465
2132,36085019800,0.28989892085614
2133,36085020100,0.5066895063788687
2134,36085020700,0.4457276360384454
2135,36085020801,0.45709042685504625
2136,36085020803,0.20579863445567295
2137,36085020804,0.368211864176276
2138,36085021300,0.45173509845022675
2139,36085022300,0.3341897175243375
2140,36085022600,0.40651042190052344
2141,36085022800,0.3200447990266085
2142,36085023100,0.5553414617467856
2143,36085023900,0.6488007545338375
2144,36085024401,0.27310201717907523
2145,36085024402,0.16176063929416498
2146,36085024700,0.5203521968579206
2147,36085024800,0.47311984966177373
2148,36085025100,0.34130398746212504
2149,36085027301,0.5779228769873634
2150,36085027302,0.3581270595873635
2151,36085027702,0.42608720395527566
2152,36085027704,0.31255798149491454
2153,36085027705,0.21764440287486297
2154,36085027706,0.5967088207131593
2155,36085027900,0.5046522940570065
2156,36085029102,0.5452011732154584
2157,36085029103,0.5136536850549712
2158,36085029104,0.5044348311572537
2159,36085030301,0.540833794504609
2160,36085030302,0.3843644097109465
2161,36085031901,0.35247159633007447
2162,36085031902,0.3278444082966837
2163,36085032300,0.4329662961259835
2164,36085990100,0.0
