,N_TreeD,GeoID
2157,4.504006166379733,36005000200
1374,4.743882130476179,36005000400
994,4.421631948379935,36005001600
1945,1.428474973820026,36005001900
1060,5.062188997063066,36005002000
1789,2.5902218452837116,36005002300
1170,10.916011143964274,36005002400
1232,6.730102753237582,36005002500
1238,7.360985013232824,36005002701
1239,4.803081471285595,36005002702
1171,2.5998456761953395,36005002800
581,3.1373266080415987,36005003100
249,5.763810011276819,36005003300
250,5.825779053076,36005003500
1253,21.39825236783582,36005003700
251,7.279515940676843,36005003800
1233,7.82650158273609,36005003900
252,6.146432174972323,36005004001
1213,5.946680657736927,36005004100
995,3.886172330313485,36005004200
1388,6.656196510565798,36005004300
253,3.231561607239493,36005004400
608,5.414413977872443,36005004600
254,6.5833015367123435,36005004800
574,7.731290800449349,36005005001
741,7.2823133369526385,36005005002
1864,3.25067710301418,36005005100
582,5.591936471303034,36005005200
679,3.9610077918064617,36005005400
1243,5.705470073951738,36005005600
1731,4.955082762074015,36005005902
1261,1.7978993634793097,36005006000
1736,1.0001911782126158,36005006100
1252,6.034512354021187,36005006200
1766,9.161921828676993,36005006300
1000,7.912001668745316,36005006400
1391,4.73341952988204,36005006500
659,4.934589667557921,36005006700
255,9.13808223483973,36005006800
782,8.264937234888299,36005006900
256,6.234629065223984,36005007000
1150,5.380104102678813,36005007100
1014,5.679345317398657,36005007200
564,7.916884487675035,36005007300
717,4.934668517169753,36005007400
562,7.724343203572069,36005007500
1015,5.447183872595138,36005007600
1500,7.425573110000624,36005007700
731,5.905447716487911,36005007800
1486,8.29567685355665,36005007900
1210,6.599174857299652,36005008300
658,4.577054863705235,36005008400
2148,7.289054430322581,36005008500
718,3.01918975914607,36005008600
2149,11.444475257857952,36005008700
2147,5.489456038801052,36005008900
1138,2.6098796241902313,36005009000
732,5.394849564289597,36005009200
2159,3.5975160342827244,36005009300
1700,3.728862527694679,36005009600
537,5.797947835102448,36005009800
1139,2.1573887193800867,36005011000
2160,5.787944160841462,36005011502
2158,1.9234060516282192,36005011700
1832,1.8205496823028349,36005011800
1362,9.536948727182802,36005011900
257,6.8553141669034074,36005012101
1330,8.149764725214732,36005012102
1455,5.055940887359523,36005012300
258,7.645852329990039,36005012500
1367,8.282689139052822,36005012701
1476,6.057765647322265,36005012901
970,5.896571643948268,36005013000
1477,7.948009218525396,36005013100
1126,6.8348774850330285,36005013200
2043,4.193241352616912,36005013300
2044,6.3153044938252805,36005013500
1836,2.159248858238158,36005013800
1508,9.272786362563943,36005014100
259,4.89931069631891,36005014300
775,3.570668671010998,36005014400
971,4.4491350390718205,36005014500
1149,3.097911365254782,36005014701
720,3.946751994922442,36005014702
2116,5.659892766080675,36005014900
2117,8.46604358049246,36005015100
481,3.8283857534540635,36005015200
1506,8.460968099874359,36005015300
1189,5.626700790379203,36005015500
1456,5.453429091541909,36005015700
479,5.047720917242593,36005015800
840,5.831802838738918,36005015900
2109,3.661282744948865,36005016000
1357,7.685933405094087,36005016100
260,4.705369908743879,36005016200
1358,18.29732693745181,36005016300
639,6.403840440605212,36005016400
1224,5.122119781448051,36005016500
261,3.6790675476892125,36005016600
1364,5.1465647081837105,36005016700
721,6.620056168889761,36005016900
1365,25.2742040387725,36005017100
1737,7.8053450752552935,36005017300
262,8.382096492863822,36005017500
1240,7.707600263540371,36005017701
1366,6.981779229358869,36005017702
1257,7.911014707554332,36005017901
263,10.79066912638538,36005017902
1229,7.809334350577884,36005018101
1228,8.625206621760345,36005018102
1899,7.750262300938003,36005018301
1512,6.127844376751287,36005018302
638,5.428815850453219,36005018400
1509,7.79654913175987,36005018500
1145,7.193275116449615,36005018900
1051,3.8719663402745854,36005019300
1196,3.6025221435007886,36005019400
1937,12.574542568320632,36005019500
1258,6.04444162056451,36005019700
937,7.053581972996644,36005019900
2113,6.946224321765037,36005020000
730,5.15277995687829,36005020100
1701,7.231189109766688,36005020200
2003,7.310359873791332,36005020400
662,4.815274382443592,36005020501
903,4.244584589222875,36005020502
264,5.39853519708174,36005020601
1012,5.780194842871657,36005020900
1781,2.7887836359465106,36005021001
602,3.5141202406413266,36005021002
516,8.110096393295217,36005021100
603,4.2704333459091,36005021200
1883,5.1387022954398756,36005021301
1464,6.1288387797990405,36005021302
770,10.197985813724017,36005021501
1884,9.901608390686748,36005021502
1518,7.023559968908594,36005021601
1520,4.9449327143593065,36005021602
1885,5.647003531091335,36005021700
2054,5.009280803611376,36005021800
1465,4.916475765334541,36005021900
1167,2.8223459397982875,36005022000
719,7.0791063410685835,36005022101
265,8.32303859508571,36005022102
1868,5.917218249900529,36005022200
266,7.610989096508493,36005022300
1299,6.07331449430484,36005022401
484,18.913357333664145,36005022403
492,6.969614378056587,36005022404
1013,7.376356329921281,36005022500
1255,8.094003633227167,36005022701
533,6.0903606425487,36005022702
532,6.395529893471819,36005022703
518,6.445228564770731,36005022800
607,8.11866773230772,36005022901
1267,8.313922382468526,36005022902
1300,4.16031568141067,36005023000
1023,4.825020681043965,36005023100
267,6.692453779771773,36005023200
1256,7.803173600347564,36005023301
450,6.864799934821574,36005023302
447,8.334868094918097,36005023501
1043,6.593124551410406,36005023502
1521,6.779389929661832,36005023600
1212,4.73058981352429,36005023702
1218,8.900146408864783,36005023703
980,7.118503663387127,36005023704
1782,2.8247766602604876,36005023800
1237,7.832341235403042,36005023900
2055,4.174568103347006,36005024000
1214,8.33575460681827,36005024100
268,5.934845448629998,36005024300
526,4.809943504969344,36005024400
1095,7.064012462897205,36005024501
940,7.645717528495437,36005024502
269,5.841185895796046,36005024600
1355,4.539513655915032,36005024700
883,9.99904157614818,36005024800
1334,1.8041357993963991,36005024900
1524,4.27621633204588,36005025000
1526,8.440958756586381,36005025100
1525,6.5076543335300805,36005025200
1527,10.059001012559463,36005025300
270,8.026482368322695,36005025400
1329,5.382041951529835,36005025500
766,5.386584677737157,36005025600
1100,2.3731944457287364,36005025700
891,1.4802608310989909,36005026100
892,8.786142499691781,36005026300
1198,5.672867213148695,36005026400
566,6.973613685929001,36005026500
777,5.703572487502829,36005026601
778,5.315644876565279,36005026602
523,5.512130836954743,36005026701
449,11.205547490036292,36005026702
839,3.490288082753483,36005026900
519,4.251734462580275,36005027300
2107,4.12857328548608,36005027401
612,3.1964144359407234,36005027402
1954,3.722597510018868,36005027600
2119,4.2395021951484635,36005027700
2120,6.483535208985178,36005027900
2100,8.368414722404106,36005028100
1528,3.9201208872798734,36005028300
1968,3.27829712717515,36005028400
1529,4.365745196502311,36005028500
2114,6.25112853330512,36005028600
271,5.8146085127350124,36005028700
1816,6.2388665015747895,36005028800
1162,5.7665500441902475,36005028900
1581,6.196941552315339,36005029301
1966,3.0148453324924582,36005029302
1967,10.331100416101268,36005029500
2115,8.767891819156654,36005029600
1088,7.534410689790323,36005029700
549,8.119921474243744,36005030000
272,10.646934050116156,36005030100
1877,4.167835954908476,36005030200
1078,2.7796260246174613,36005030701
1122,1.5894217040015588,36005030900
2024,7.038747506607745,36005031000
273,5.065037237904278,36005031200
274,4.945924621896209,36005031400
893,4.659944871828118,36005031600
905,4.765791084202569,36005031800
1083,0.07316893085525807,36005031900
1123,0.9262506686396247,36005032300
894,3.1397992357167976,36005032400
895,4.674915003464915,36005032600
466,4.46942090798126,36005032800
275,3.927152596630767,36005033000
504,5.799922818685478,36005033201
1946,4.598172987630164,36005033202
1950,3.367077411744375,36005033400
1537,3.02047996753382,36005033500
954,5.1782998410499195,36005033600
835,6.491048881678637,36005033700
913,3.184549284927222,36005033800
1861,5.521453660030684,36005034000
1862,4.82622669737194,36005034200
756,4.825300609379914,36005034300
489,4.63861304911267,36005034400
796,6.205033402254343,36005034500
956,4.648294870749206,36005034800
906,3.3306687316296086,36005035000
912,2.1119526922937117,36005035100
2066,3.583958101427378,36005035600
674,6.857807732655049,36005035800
875,5.397095041471484,36005035900
2067,5.518603871601241,36005036000
866,7.052972863055649,36005036100
2063,12.177595123692523,36005036300
957,4.770444042632952,36005036400
2071,5.345856303212283,36005036501
276,5.225475350224471,36005036502
824,5.242251777307456,36005036700
278,5.1930423435451365,36005036800
445,5.743266566050319,36005036901
446,6.030015317284782,36005036902
1543,5.122953363845377,36005037000
1705,6.692109808928492,36005037100
1544,4.7919709234612196,36005037200
1458,6.121078521319091,36005037300
1412,4.0656493058457395,36005037400
1459,8.732138306303652,36005037504
955,5.045259220049845,36005037600
1378,4.858352634943543,36005037800
1024,5.241363910217546,36005037900
1413,3.953699794614972,36005038000
1044,8.312732403263674,36005038100
570,5.75172584192609,36005038200
1211,8.20020202684641,36005038301
1734,6.456981833848368,36005038302
1735,7.115045234412768,36005038500
605,3.82615002511006,36005038600
1390,6.649556884819114,36005038700
604,5.001317209563399,36005038800
1259,7.911678807887872,36005038900
2075,3.5002888076242855,36005039000
1457,6.581050300396238,36005039100
2080,3.701450026689572,36005039200
1706,5.5930830730082715,36005039300
279,5.218356028208026,36005039400
711,9.169683661315801,36005039500
280,4.659256905918886,36005039600
1247,2.05129174687416,36005039700
281,4.350075269489731,36005039800
757,7.4203543547793895,36005039901
1254,5.188698805548281,36005039902
282,10.476464159977384,36005040100
448,6.444347399701221,36005040302
283,6.8378881869916,36005040303
284,6.202825787612495,36005040304
285,4.83171335626313,36005040400
286,6.533222939929759,36005040501
287,5.565268102966245,36005040502
288,4.729389418372519,36005040600
289,7.52980673791436,36005040701
904,5.787346175950369,36005040702
521,5.624225442923985,36005040800
2118,2.769284978409899,36005040900
1016,6.618559123963411,36005041100
1249,7.402036899034584,36005041300
972,2.3843277604427207,36005041400
1251,7.312410444292633,36005041500
1087,3.5971143176010547,36005041800
1250,16.365426288764876,36005041900
520,4.881567606924746,36005042000
982,9.19317954906388,36005042100
290,4.045245289163695,36005042200
292,19.969702293100994,36005042300
293,4.443059887032553,36005042400
1200,10.31384864483289,36005042500
634,5.037371293371093,36005042600
294,5.190740332410361,36005042800
624,5.16342223328727,36005042901
295,5.8568124334720375,36005042902
296,7.438685042782367,36005043000
948,5.119043289266308,36005043100
297,2.9070785214581347,36005043400
1995,2.7604491463326872,36005043500
298,7.807779997161489,36005043600
1744,3.3637294650990768,36005044200
1575,4.118931036752577,36005044400
488,4.0745966190994345,36005044800
1996,6.776205084501886,36005044901
1886,6.18422436334227,36005044902
1086,5.3545849522615185,36005045101
1879,5.549565736137575,36005045102
2084,2.44713858429866,36005045600
907,4.250551872174743,36005045800
890,3.586809957675854,36005046000
1959,2.263068323588971,36005046201
2016,2.8867570906804567,36005046202
1153,3.7983732177009744,36005048400
1955,1.319701507249573,36005050400
1422,3.0646653294501314,36005051600
2088,9.45976824043104,36047000100
1614,2.8773557930920384,36047000200
2064,7.606413924408082,36047000301
14,7.392820567318648,36047000501
1270,8.976164477956674,36047000502
1298,9.112011142668528,36047000700
1890,5.585007736803177,36047000900
1889,7.0349850286062185,36047001100
2122,14.496744140580295,36047001300
2123,3.9348418077600185,36047001500
1880,0.478556008544923,36047001800
1321,2.9563521977940987,36047002000
2089,3.1521661097317355,36047002100
1323,4.001103712919954,36047002200
2124,2.953643682236466,36047002300
1172,1.2311078275979377,36047002901
495,3.783939230095596,36047003000
1460,12.2566235345169,36047003100
919,5.696751055582818,36047003300
1888,8.339376131790736,36047003400
701,5.714081565105283,36047003500
543,7.072231272089465,36047003600
1891,4.056540651982218,36047003700
1070,7.516369440953772,36047003800
635,7.487824137779081,36047003900
1597,8.691547919888448,36047004100
1598,7.582471755471915,36047004300
1856,8.996545975443063,36047004400
1608,10.109276304354118,36047004500
1857,8.278131717087609,36047004600
2030,4.216701975628335,36047004700
1609,7.33591106683025,36047004900
1183,8.606698125079241,36047005000
1282,7.756635746026605,36047005100
1194,6.064100155955293,36047005201
1195,7.1658337599705995,36047005202
2108,3.5912348513989047,36047005300
1303,7.608031388163027,36047005400
1854,6.715560973775409,36047005601
1855,6.649011306084344,36047005602
15,4.816028303851757,36047005800
1961,4.557232254642906,36047005900
16,4.863404502931755,36047006000
811,5.261582346695448,36047006200
1962,8.537814729728236,36047006300
809,6.41404093529599,36047006400
1963,8.352130612537572,36047006500
464,6.349803268088948,36047006600
2033,8.811496373035142,36047006700
544,4.625093767175467,36047006800
17,8.609510792595811,36047006900
1325,6.334235410490846,36047007000
610,5.089176055641291,36047007100
1324,5.597773690460443,36047007200
18,5.801823329940832,36047007400
2034,7.405186390786975,36047007500
1301,6.02756210952425,36047007600
1971,4.910098429139301,36047007700
19,7.963057374181153,36047007800
1615,7.5186887562026525,36047008000
1616,6.920091737569371,36047008200
1125,4.454066343883616,36047008400
2098,5.741802929597717,36047008500
469,16.790635394402454,36047008600
1134,3.7522236995380207,36047008800
821,3.471742124988119,36047009000
822,7.326269511889144,36047009200
467,6.833042667703246,36047009400
468,6.844976901563699,36047009600
20,6.538694935510914,36047009800
819,6.4600418371358765,36047010000
21,4.749242789263448,36047010100
22,6.106463295973168,36047010200
23,3.8527723985885296,36047010400
820,4.557650472327188,36047010600
2058,4.852362446196037,36047010800
24,3.102104086570663,36047011000
609,6.5435522500657415,36047011200
2059,5.450548922588056,36047011400
816,5.201954901288435,36047011600
1063,4.1127386483422805,36047011700
877,3.1195319489432083,36047011800
1972,2.097031202818888,36047011900
1320,3.2566342341414183,36047012000
1061,5.139953631417371,36047012100
1326,3.561259729048875,36047012200
1327,9.56031554280682,36047012600
611,4.728672432276762,36047012700
25,19.452416342769347,36047012801
715,6.004563146121105,36047012901
716,5.680660463928087,36047012902
1629,4.747792672400292,36047013000
1625,8.222985509093384,36047013100
1307,9.093600134046495,36047013200
1626,8.733773759671978,36047013300
1630,5.793536690667945,36047013400
408,9.749251887689514,36047013500
1392,6.5921717719066395,36047013600
26,7.1520286181178045,36047013700
810,5.601323678627645,36047013800
27,6.488593888463711,36047013900
1948,4.967741281863757,36047014000
583,5.533110633811258,36047014100
1953,4.3588689544158035,36047014200
1721,5.2996017871000305,36047014300
1638,5.5829245884569785,36047014500
585,7.625950730821639,36047014700
812,4.9997080767395765,36047014800
584,8.274583831984264,36047014900
646,4.428555696977029,36047015000
12,7.806091072277732,36047015100
1019,2.7636511118042564,36047015200
28,6.240185680429791,36047015300
1779,3.526127219589087,36047015400
29,7.815201170121923,36047015500
1648,8.266956390942385,36047015700
1915,14.10418826274752,36047015900
1328,3.1435295926126807,36047016000
700,6.4755751493607,36047016100
1417,6.179612292378446,36047016200
1132,5.279811587123613,36047016300
1932,1.0984587732535962,36047016400
1647,8.905312210855602,36047016500
1405,6.579053301976791,36047016600
1148,8.48134756446138,36047016700
1853,5.6624942776372595,36047016800
555,8.259083797888078,36047016900
30,3.117366755538309,36047017000
556,8.839492805718997,36047017100
1724,2.7712099894256617,36047017200
1783,8.300661849831407,36047017400
661,0.24152293702526068,36047017500
1852,6.638871867718207,36047017600
2028,21.35899651784129,36047017700
1800,4.096361851925642,36047017800
702,9.401768663616236,36047017900
1658,4.112232554504395,36047018000
630,9.316982165760558,36047018100
897,3.448313948590091,36047018200
655,9.196653495853235,36047018300
1662,4.222715339356657,36047018400
1173,3.9188395980200585,36047018501
1663,3.6155303672368837,36047018600
657,7.357281316950775,36047018700
31,3.880350915544448,36047018800
32,4.010465761081113,36047019000
767,5.378019546354029,36047019100
33,2.494690905347155,36047019200
794,5.1464548723992785,36047019300
34,3.879134756134418,36047019400
35,8.209492567008942,36047019500
36,4.1684502712000375,36047019600
37,9.173926151250173,36047019700
38,4.115097034204898,36047019800
849,7.11793820787403,36047019900
477,4.651344680202017,36047020000
850,7.672647850626749,36047020100
478,5.372395510828311,36047020200
848,6.481666747855147,36047020300
39,5.524010173294318,36047020400
703,7.222116120349507,36047020500
1791,4.500027347175243,36047020600
1918,7.881319576144251,36047020700
1674,3.783679052929643,36047020800
1675,4.12791321685859,36047021000
656,7.6891406769202115,36047021100
40,4.622483054551097,36047021200
1770,5.702367901493177,36047021300
41,4.023436847016674,36047021400
1777,8.610741432251745,36047021500
817,5.4382505343531715,36047021600
1765,6.097806874448956,36047021700
818,6.051221043209453,36047021800
1676,7.678597472453287,36047021900
42,5.082620862475778,36047022000
1725,6.56925555192367,36047022100
43,4.685663767234591,36047022200
801,4.470786652375437,36047022400
804,1.8140063926292627,36047022600
44,6.647637139786703,36047022700
805,6.286686455725727,36047022800
1152,7.395152288673924,36047022900
1684,5.200635081660603,36047023000
1115,7.564483942141079,36047023100
1685,4.915830108467857,36047023200
795,6.288664235397541,36047023300
815,5.959838944928536,36047023400
45,6.575197411662116,36047023500
46,6.123439755853286,36047023600
47,6.645596585834646,36047023800
48,4.958651956113835,36047024000
1785,4.760288828026225,36047024100
49,4.3113541597668,36047024200
626,6.082262935023773,36047024300
709,3.9364232927395,36047024400
50,6.694330662877343,36047024500
51,3.6583564837846443,36047024600
1443,4.273508882324466,36047024700
52,2.6203059655119976,36047024800
53,6.605995681389137,36047024900
1686,2.5194157907832273,36047025000
627,6.897478921380525,36047025100
54,4.331486982482287,36047025200
1949,6.851653602083136,36047025300
55,3.5519426204704794,36047025400
2036,2.6272257620204513,36047025500
56,4.4276270854627455,36047025600
522,5.698975277774074,36047025700
57,6.1341543517392445,36047025800
490,6.8091215369184255,36047025901
491,0.47494294292397904,36047025902
58,4.3229910144305395,36047026000
1689,6.291008309416815,36047026100
1687,7.0229003033697825,36047026200
59,13.500357914365956,36047026300
1691,5.61864286811487,36047026400
628,8.08692795783538,36047026500
60,5.684381573421327,36047026600
61,8.065877487488335,36047026700
1690,5.24576976427792,36047026800
62,6.314143586318223,36047026900
63,4.61541150165389,36047027000
1808,6.737509170640211,36047027100
64,4.4712626343693795,36047027200
65,6.514600810865757,36047027300
1692,3.2200118647514704,36047027400
713,6.295756245343068,36047027500
1801,4.443060514837992,36047027600
714,7.8102604243959215,36047027700
66,4.538177442084126,36047027800
67,5.647770150170409,36047027900
745,4.343603895130799,36047028000
1688,6.720879724106822,36047028100
1851,5.723100504296214,36047028200
1693,5.6455812621327945,36047028300
68,3.720313485128204,36047028400
1786,2.3828799450591336,36047028501
619,1.3503212740173542,36047028502
1942,4.893527080742963,36047028600
1695,4.78826186189628,36047028700
69,5.031447792430333,36047028800
776,6.176966017372576,36047028900
1058,3.1393209812204703,36047029000
70,5.776668021108228,36047029100
1943,10.735138777323382,36047029200
71,6.792174224441561,36047029300
1933,6.002586689680029,36047029400
829,6.9587489445192094,36047029500
1059,3.711268039480123,36047029600
1414,9.807478041466544,36047029700
72,5.326315602177701,36047029800
951,6.188250058556643,36047029900
73,5.249315315303825,36047030000
578,5.491206436788102,36047030100
896,4.944077401312988,36047030200
789,8.031166123770268,36047030300
1938,3.8338542853232926,36047030400
1726,5.034760042799938,36047030500
783,4.137209204510421,36047030600
750,3.66390234391699,36047030700
1866,0.7811321050165069,36047030800
74,5.3785321480457755,36047030900
854,5.432725262095315,36047031100
1445,4.849346964057608,36047031300
1436,4.674656075362487,36047031400
1444,5.635469604567635,36047031500
75,5.9941207985849205,36047031701
704,7.984208161382499,36047031702
1097,5.232719026596717,36047031900
705,7.172273114897845,36047032100
1929,6.149497186749651,36047032300
2140,6.346245552493785,36047032500
1428,3.639581793639247,36047032600
2141,5.054233902056216,36047032700
788,4.603789753307648,36047032800
76,6.416754850535802,36047032900
787,4.305956561024696,36047033000
1698,5.794567057522535,36047033100
1098,3.88761212237905,36047033300
949,5.0854941715832735,36047033500
1994,0.5160811772091344,36047033600
77,10.076495814748418,36047033700
78,5.126924199204295,36047033900
1293,4.6039129923408275,36047034000
79,10.453417588857445,36047034100
80,5.8955674583658615,36047034200
587,3.7690209161777863,36047034300
599,9.504337764129426,36047034500
751,5.470119605840733,36047034700
1031,1.870739043898404,36047034800
471,4.934016953132234,36047034900
1032,1.2309458008740715,36047035000
472,5.1622262177603675,36047035100
1993,1.3711762155921823,36047035200
925,6.277959296176036,36047035300
1985,3.9560549052627603,36047035400
1699,5.190187724537041,36047035500
1986,3.9351237884277275,36047035601
1975,5.197056444233179,36047035602
1795,16.318744953222318,36047035700
1835,5.859482767689276,36047035900
1146,4.915527481110772,36047036001
1973,5.1372653769966705,36047036002
853,5.200612226775469,36047036100
1038,2.9037297199091068,36047036200
1492,6.441178141176376,36047036300
1360,4.498653870221384,36047036400
1353,5.66778532592246,36047036501
1493,4.275240036128164,36047036502
676,5.954654526471375,36047036600
553,6.19659824397226,36047036700
671,7.0340175020139,36047036900
1979,4.756017994853941,36047037000
946,10.029074651984054,36047037100
606,6.79992034083355,36047037300
677,5.861066357360936,36047037401
1867,4.635720323231866,36047037402
1488,5.404657571726089,36047037500
1497,9.764842147892484,36047037700
947,7.002254892628243,36047037900
1416,7.515743537532389,36047038100
899,1.361828358769698,36047038200
830,7.234890858052955,36047038300
577,7.446373948096154,36047038500
1865,3.01172303107288,36047038600
706,4.811388638825731,36047038700
81,3.3530248596924563,36047038800
898,6.110945881364834,36047038900
1980,6.515693279055102,36047039000
916,5.917150127858697,36047039100
831,4.99310519024132,36047039200
1155,4.929775120716767,36047039300
614,7.31023896706912,36047039400
1156,5.754173290213432,36047039500
82,6.39342118097341,36047039600
1498,6.230775933358076,36047039700
764,2.8519683911889078,36047039800
83,7.171650879933603,36047039900
813,4.274793637707155,36047040000
1499,6.0840856779264465,36047040100
900,5.121861925808334,36047040200
513,5.957740677690535,36047040300
84,5.741837827430639,36047040400
964,6.142015870011348,36047040500
1983,5.855874393963109,36047040600
977,0.1091024950440049,36047040700
1984,3.9283441918815303,36047040800
1501,5.083945494859412,36047040900
814,5.610737203680925,36047041000
976,6.0769781957887075,36047041100
708,4.7227463788840645,36047041200
85,7.138598624489523,36047041300
86,8.597020620172456,36047041401
1751,10.237167893450637,36047041402
87,6.918679361766287,36047041500
615,6.074256163560385,36047041600
88,8.97345975295618,36047041700
1764,6.632864754305934,36047041800
89,5.475214035421433,36047041900
1540,7.272244202329225,36047042000
1666,6.594351541683935,36047042100
567,7.827010781307078,36047042200
736,7.106513152219147,36047042300
707,5.603257903580894,36047042400
915,7.186129800638702,36047042500
90,5.236809430323351,36047042600
1384,6.908381912005359,36047042700
91,5.5273524164634,36047042800
92,11.071496910917979,36047042900
93,8.958434654253308,36047043000
1667,7.385142937805753,36047043100
94,5.276384872833892,36047043200
95,7.55273133877834,36047043300
96,5.541819984679518,36047043400
97,7.577135883460388,36047043500
98,5.5615961375473075,36047043600
978,9.722870542606069,36047043700
568,10.189440175260938,36047043800
99,5.28210302060554,36047043900
100,8.71789322820348,36047044000
101,7.380768130097831,36047044100
102,7.742875290641942,36047044200
103,7.261005510797559,36047044300
104,8.025046984079768,36047044400
463,7.127088003651554,36047044500
105,5.01679501886113,36047044600
1382,6.612638662148324,36047044700
589,5.570872062796724,36047044800
1285,1.0528343244352072,36047044900
590,4.281953351503464,36047045000
106,9.230593801000017,36047045200
1383,2.101925398489558,36047045300
107,6.730333867274107,36047045400
108,6.453820928041248,36047045600
901,8.923397776052443,36047045800
109,9.589077641954589,36047046000
487,6.0867774568411415,36047046201
983,6.302362478409462,36047046202
1274,5.95482717357015,36047046400
710,6.1107282293849865,36047046800
110,5.693607645104275,36047047000
111,7.744024251532617,36047047200
1275,6.719510863863197,36047047400
112,5.2983635103985245,36047047600
1708,7.213973906583205,36047047700
699,4.720618097266253,36047047800
1729,5.644514935698161,36047048000
1710,5.613669785642593,36047048100
1530,6.4268598381748365,36047048200
1730,6.905870412783538,36047048400
1711,3.4829363704240452,36047048500
802,2.9067086138688514,36047048600
803,6.43718730203413,36047048800
727,0.7070004776328834,36047048900
827,8.250667084907,36047049000
938,4.272193831526321,36047049100
828,3.719516371941148,36047049200
728,5.448272276652029,36047049300
571,8.2220388595717,36047049400
113,6.519631160819365,36047049500
806,5.1040464727443045,36047049600
1709,6.045377740870732,36047049700
807,5.089127609822571,36047049800
114,9.211227092840712,36047049900
808,7.129794408133988,36047050000
1474,6.5429490405624975,36047050100
673,6.001962654395415,36047050202
115,7.234403141682688,36047050300
1154,6.524933278072118,36047050400
116,7.119498826820884,36047050500
1482,5.556856888772662,36047050600
1787,5.335855593415622,36047050700
1483,3.923675084621899,36047050801
613,5.128993318164323,36047050803
2029,6.1559444376645756,36047050804
939,8.391726801853286,36047050900
117,2.7350689015258074,36047051001
825,3.2894050962062082,36047051002
554,7.711541464264714,36047051100
1005,5.102668563541382,36047051200
1874,6.8364381516582675,36047051300
118,4.693094228620473,36047051400
1475,16.35171937407666,36047051500
119,6.039422938045539,36047051601
120,4.046640592449902,36047051602
122,14.273396802231431,36047051700
123,6.86486437938996,36047051800
1029,7.095546255626956,36047051900
1679,7.582671352701081,36047052000
640,9.540032675952483,36047052300
1873,5.334272413617142,36047052500
1680,8.241281818104579,36047052600
1875,9.296788350170592,36047052700
124,8.7965563153041,36047052800
514,5.368119975704237,36047052900
125,5.101880804035599,36047053000
1533,8.253241465938228,36047053100
126,6.013306822695817,36047053200
1534,6.72632266704038,36047053300
127,6.699363018881528,36047053400
784,8.766562428955247,36047053500
565,5.775444250607037,36047053700
128,7.702510730234941,36047053800
1081,4.269682476143993,36047053900
129,6.247033296220334,36047054200
1585,0.7178797041170322,36047054300
130,6.964418265488051,36047054400
1082,7.807649971034152,36047054500
786,6.2339479439472285,36047054600
1131,8.59242133639961,36047054700
798,6.541816352240786,36047054800
1283,4.443655512276089,36047054900
131,5.126735591760393,36047055000
1284,6.540258550974579,36047055100
132,4.512820651854043,36047055200
1017,7.355545329156225,36047055300
1541,3.8017862427756763,36047055400
1894,6.491880023527572,36047055500
1542,6.198952032526047,36047055600
2040,5.616928964954405,36047055700
133,6.060119331885799,36047055800
134,4.62229746015761,36047056000
503,5.4420358808838545,36047056100
135,4.951020611039261,36047056200
1804,4.811501140856255,36047056300
136,6.227944111864329,36047056400
1297,7.9042836718061995,36047056500
137,5.072522378360003,36047056600
139,5.84017280479394,36047056800
140,5.475686854636578,36047056900
141,5.135234260299166,36047057000
142,7.870474322651269,36047057100
143,1.6276505140731687,36047057200
144,6.161178785588438,36047057300
145,5.160361483973921,36047057400
1371,6.83177258594935,36047057500
146,5.561932798624544,36047057600
147,5.545506031007007,36047057800
1372,1.623652708631504,36047057900
148,6.402257901431573,36047058000
1981,6.390158808735153,36047058200
1982,3.52085798402943,36047058400
149,5.1243673660913815,36047058600
1978,4.10627567489741,36047058800
2006,2.4284081670588287,36047058900
687,5.214655105011409,36047059000
150,15.007683961556538,36047059100
152,5.573972521604347,36047059200
1286,5.932784868031112,36047059300
153,6.849516527256929,36047059401
154,5.5476755506425945,36047059402
155,4.979795168341606,36047059600
696,4.121939689885743,36047059800
156,6.8576788407681395,36047060000
688,3.6631064476499198,36047060600
858,5.004778244880199,36047060800
1974,2.1507168005072965,36047061002
859,1.4473533726027916,36047061003
1268,3.9086944316758263,36047061004
1269,8.422710586017347,36047061200
1931,3.5014606117139624,36047061600
465,5.763198270708203,36047062000
864,4.292337588795539,36047062200
698,3.102382048144542,36047062600
2131,1.0840497590710594,36047062800
157,4.27303522063665,36047063200
158,6.938042766592292,36047063600
159,5.523488006104631,36047063800
160,6.225827284599569,36047064000
1547,6.197331570583926,36047064200
1548,6.150643918594061,36047064400
161,4.447088802622087,36047064600
162,5.447935062296288,36047064800
163,4.4798136520287715,36047065000
164,5.575055213552716,36047065200
151,5.581083719994099,36047065400
165,5.507106286904202,36047065600
166,4.88192241634324,36047065800
167,5.393175535432085,36047066000
959,4.480864336040646,36047066200
2132,1.9182962544883355,36047066600
168,5.860709255016327,36047067000
169,3.6677452545379525,36047067200
170,3.4165695768238535,36047067400
171,4.7657340263827965,36047067600
172,5.23470983693698,36047067800
173,3.762230484360678,36047068000
174,4.342295505334125,36047068200
175,6.645060874251654,36047068600
176,3.6936773479591407,36047068800
177,2.831262293803958,36047069000
178,5.487135653173498,36047069200
1426,4.738317727981274,36047069601
1427,5.063712483924865,36047069602
1824,2.1666267473996697,36047069800
1041,4.862040263826969,36047070000
1926,6.000161397988569,36047070201
1927,0.1271042440450068,36047070202
1928,2.3470821460301523,36047070600
620,4.223231687179976,36047072000
621,4.954615586541922,36047072200
920,4.779247443026331,36047072400
1039,3.278455319140799,36047072600
179,4.5989921246060295,36047072800
1876,4.747008821932244,36047073000
1903,4.692578436346849,36047073200
121,6.025088237779019,36047073400
1904,3.469720384377492,36047073600
1560,4.778228701984602,36047073800
180,3.83789738528773,36047074000
1161,4.690073366200083,36047074200
1561,6.625896963012386,36047074400
1859,5.78784958939316,36047074600
181,7.014152412165816,36047074800
182,5.3671209226427505,36047075000
183,6.332736563362326,36047075200
184,7.325447654046568,36047075400
1860,7.67271284401716,36047075600
592,8.141260427105902,36047075800
185,5.8168064955951495,36047076000
186,5.810655248988223,36047076200
187,7.234155653682252,36047076400
511,6.62741696130906,36047076600
188,5.588967083807629,36047076800
847,6.085135072847987,36047077000
846,3.953679439535727,36047077200
1151,3.8735875858347946,36047077400
779,3.4491833277330204,36047077600
785,3.8617613934070825,36047078000
793,6.661306933885276,36047078200
189,4.351464876616605,36047078400
1062,4.440783579788144,36047078600
1440,5.027830018443054,36047078800
1449,6.502180046895237,36047079000
190,5.02414840254469,36047079200
826,4.0064186768403225,36047079400
191,5.4983396390263515,36047079601
790,4.675090376952793,36047079602
686,6.889994524228677,36047079801
697,4.37426222971001,36047079802
192,7.270263166537957,36047080000
591,7.295987488175674,36047080200
193,5.224956202690536,36047080400
1837,6.32655199301438,36047080600
985,1.583869138167445,36047080800
1681,4.958290012476714,36047081000
194,4.042231212933419,36047081400
933,3.1771695589985214,36047081600
195,3.716373593956062,36047081800
791,3.512214867745492,36047082000
792,3.861569066919048,36047082200
1573,5.116357954175981,36047082400
799,6.4440311222336275,36047082600
1406,5.962128994650804,36047082800
1564,4.993952532717595,36047083000
196,6.366273390693409,36047083200
482,5.397815965114963,36047083400
198,3.0711982248713796,36047083600
199,3.9515023006495396,36047083800
200,4.3068325034568415,36047084000
1848,4.115194005992748,36047084600
201,5.121777929277593,36047084800
202,4.700998164964896,36047085000
968,1.0894394387154986,36047085200
483,5.532266308345698,36047085400
1574,4.457152957805075,36047085600
967,3.5816529135014954,36047085800
969,3.7544423877441653,36047086000
203,5.16810063039075,36047086200
204,6.152906675908218,36047086400
1587,6.8020582826634035,36047086600
205,4.9136840186922015,36047086800
206,7.301782865283246,36047087000
917,4.8695959644242555,36047087200
918,4.276595163160811,36047087401
800,4.211078444946956,36047087600
207,5.212594793790225,36047087800
1588,4.149286656422598,36047088000
953,4.499284349283162,36047088200
941,6.396714672726605,36047088400
1278,5.041733664782953,36047088600
1279,5.007989777837707,36047088800
208,4.271049677350072,36047089000
1934,4.666169381733891,36047089200
942,6.251549120923099,36047089400
209,5.560503115015525,36047089600
210,6.738244992972162,36047089800
1947,6.30669259156929,36047090000
211,5.819035788318651,36047090200
1494,3.9886503132870654,36047090600
507,6.612751458046073,36047090800
2134,4.143218768276789,36047091000
2135,3.532284450101046,36047091200
212,5.517522006255692,36047091600
1092,8.669439857758833,36047091800
1093,5.015215815227874,36047092000
1846,5.669759492811523,36047092200
213,6.174364520233819,36047092400
214,2.2911303139123222,36047092800
215,4.1467477355546,36047093000
1849,1.6740250256377667,36047093200
616,5.076891500554607,36047093400
988,4.583410248601463,36047093600
989,6.203414649504686,36047093800
1850,3.256455910086413,36047094401
921,2.4602165814865926,36047094402
617,5.642515899770189,36047094600
1034,4.28570978738496,36047095000
216,6.470097962268646,36047095400
928,6.011649020191534,36047095600
1589,3.970416920276947,36047095800
1590,0.7810337387086319,36047096000
855,1.6328433684273513,36047096200
217,4.697935582110424,36047096400
218,5.6716030124556776,36047096600
219,4.916089465367029,36047096800
220,3.9367808173550367,36047097000
462,3.115929608269257,36047097400
494,2.678804424993138,36047098200
221,4.159545285400487,36047098400
222,5.607943147482103,36047098600
929,4.098040603521669,36047098800
930,4.103601593334645,36047099000
223,4.569563647058159,36047099200
224,2.372806456780129,36047099400
225,4.650615608026242,36047099600
1332,2.8593691697090926,36047099800
226,3.615944314896072,36047100400
138,3.645201253856106,36047100600
227,3.4242867277222198,36047100800
228,4.510928442213738,36047101000
932,5.084262079044494,36047101200
229,6.345825689080263,36047101400
230,7.091646164951989,36047101600
960,5.380107802527921,36047101800
231,7.2385555869043126,36047102000
559,4.821810365761068,36047102200
232,4.779604940939307,36047102400
233,4.647950307124102,36047102600
1333,4.202984252956432,36047102800
1305,1.4995791045605555,36047103400
1469,2.138930251008296,36047105801
961,3.643410808867042,36047105804
1778,1.604533446195082,36047107000
1594,4.85201144109113,36047107800
1847,1.7677305074291296,36047109800
922,5.765976965342708,36047110400
1468,1.1591827630415448,36047110600
234,0.7554295727661384,36047111000
1913,5.315419492925541,36047111600
509,6.761868573862162,36047111800
927,8.30501869702662,36047112000
923,6.981072384356946,36047112200
235,8.783273167080607,36047112400
236,8.262955655504031,36047112600
237,7.095971992700199,36047112800
238,8.539618744154476,36047113000
1091,5.9256603874774,36047113200
239,6.199497704665917,36047113400
1754,4.203332211358878,36047114201
2026,4.1300896972781285,36047114202
1858,5.678731420646825,36047114400
240,7.355888614067127,36047114600
1605,7.927744731232959,36047115000
241,7.161541526945838,36047115200
242,7.2644712775574085,36047115600
1157,9.818245650982414,36047115800
243,9.781961551403741,36047116000
1606,7.6182940656152836,36047116200
244,6.307447283307949,36047116400
1602,5.433089016955543,36047116600
914,4.723633479886586,36047116800
245,5.925835989100614,36047117000
246,5.546776313202225,36047117201
247,6.209068020461501,36047117202
541,6.3200421361109775,36047117400
542,6.241874429700471,36047117601
470,4.614859965223079,36047117602
1271,3.819692988008501,36047117800
1409,2.1992504020609633,36047118000
650,5.123424022947213,36047118201
2008,5.4048310260207515,36047118202
1027,5.276244200246224,36047118400
1610,6.094605043497485,36047118600
1519,6.543699347121498,36047118800
1415,4.200217469220481,36047119000
1425,5.346558372571605,36047119200
248,8.115381896812568,36047119400
1028,7.558903408505877,36047119600
1863,3.8896698467790123,36047119800
1011,8.986676411250535,36047120000
1600,5.069333708965179,36047120200
1466,5.315474540630331,36047120800
1921,3.6678162623531625,36047121000
1463,1.141757189562616,36047121400
1999,3.1819782869921744,36047122000
1158,3.8152401764812844,36047123700
569,6.907640877801747,36047150200
1006,6.504874066443259,36047152200
1805,4.121638754629078,36061000201
1776,10.038821843442284,36061000202
1806,4.047848881034874,36061000600
1939,4.517697706331191,36061000700
1140,7.269596429223313,36061000800
1143,3.141597910307135,36061000900
1584,7.529334207989462,36061001001
2136,5.558218742102096,36061001002
1740,5.502833711901881,36061001200
1129,1.5359910289016891,36061001300
1807,13.118439968119473,36061001401
1823,4.369477346443303,36061001402
2152,4.057034324575653,36061001501
2153,1.3193840573296907,36061001502
486,9.128151705535098,36061001600
1834,9.368222882219143,36061001800
1180,6.809950564328851,36061002000
1103,4.342679652994084,36061002100
2137,6.0076756024680495,36061002201
936,12.911000729486293,36061002202
1893,7.97537419041513,36061002400
1121,6.6880931678089075,36061002500
1181,14.733527484691384,36061002601
1203,15.238185718601988,36061002602
1168,10.084291776971904,36061002700
1359,8.519199955328078,36061002800
1169,4.832052622247791,36061002900
480,9.19950545417287,36061003001
1192,7.613050695152205,36061003002
934,8.973628168535301,36061003100
1204,12.626753141292799,36061003200
1205,2.570206736958754,36061003300
1356,10.49423807216738,36061003400
1109,10.60422392566003,36061003601
1193,11.965658510305914,36061003602
1294,6.529024535755087,36061003700
2035,6.613781897048863,36061003800
1881,7.8016152418240825,36061003900
1234,6.575906239934616,36061004000
1707,2.094829194077444,36061004100
1715,4.728617870154523,36061004200
1110,6.4298801592582215,36061004300
2039,2.912258244767037,36061004400
1166,1.8125504720179708,36061004500
1291,3.7919721490186884,36061004700
1481,10.00074924676106,36061004800
1295,4.774504296032003,36061004900
1714,8.304379589524014,36061005000
1216,5.854616260704875,36061005200
1217,2.431696136370022,36061005400
560,5.272123059593695,36061005501
2027,3.7847262513497486,36061005502
1335,10.807357635623282,36061005600
1716,1.6528534433834936,36061005700
1336,2.0161527725420307,36061005800
1111,6.131696698345552,36061005900
2097,6.209215328054803,36061006000
1235,4.360263246819608,36061006100
2099,2.370392906776002,36061006200
1119,6.108455381834542,36061006300
1694,6.530370535407535,36061006400
1347,14.671626152096877,36061006500
1185,10.771164609639925,36061006600
1348,10.884696604100892,36061006700
1187,4.407683213134021,36061006800
1236,5.355234863864393,36061006900
647,6.572651227254623,36061007000
1246,8.585598639760004,36061007100
668,6.705361872585204,36061007200
1349,10.35983621501443,36061007300
669,3.105766036809882,36061007400
958,9.087832414307991,36061007500
885,1.67402704368582,36061007600
1241,12.613970172254215,36061007700
1810,8.383451621354611,36061007800
1052,6.167252788279535,36061007900
1290,6.970626512992312,36061008000
1242,5.5729683083202906,36061008100
729,4.434078716074441,36061008200
990,4.976925974652702,36061008300
832,5.612372234523374,36061008400
1812,6.137329013010222,36061008601
1759,0.447225524012792,36061008602
1760,10.11291716973377,36061008603
1215,5.038852076386542,36061008700
2019,8.125097194175975,36061008800
943,8.3079679033001,36061008900
629,9.872141468374977,36061009000
1719,4.227063110015695,36061009100
2020,2.4469242562220903,36061009200
944,5.71190538359111,36061009300
997,1.5874836262832956,36061009400
1720,2.4942909890593987,36061009500
998,1.961862445868315,36061009600
1276,5.337945565938215,36061009700
1,6.856184280662374,36061009800
1197,3.835734219667895,36061009900
1451,4.332857803166201,36061010000
950,0.6448632616508387,36061010100
2,2.176838221874013,36061010200
1142,1.834429681164625,36061010300
3,3.9247445129271212,36061010400
552,8.140965314631908,36061010601
691,6.706327858074432,36061010602
1452,7.008748647586556,36061010800
539,0.7830536272909067,36061010900
692,7.377132013643504,36061011000
945,5.2114855746716895,36061011100
999,2.2895135895404395,36061011201
197,3.5282785983717444,36061011202
2001,3.6766355733862714,36061011203
4,0.2764387305140108,36061011300
2014,5.585160627234293,36061011401
2002,5.5701887703985635,36061011402
1746,3.2730640860222437,36061011500
1563,4.8548931815947425,36061011600
1741,2.541751251227589,36061011700
1887,9.383609913241859,36061011800
474,0.569766126748879,36061011900
512,9.519315357914309,36061012000
1747,7.783999020905931,36061012100
1042,8.089117052378795,36061012200
744,7.002365186027604,36061012400
475,0.95226740606898,36061012500
1752,7.889996120423901,36061012600
1079,8.35199845159613,36061012700
1813,9.484314228142935,36061012800
1757,3.252297495679529,36061012900
5,8.924812198003055,36061013000
596,2.4630575561573123,36061013100
1761,9.55068588323527,36061013200
1105,6.127789874611813,36061013300
1814,8.236589347628685,36061013400
1099,5.253285620362251,36061013500
1762,8.292331861345495,36061013600
1114,2.3080326767783323,36061013700
768,7.669187743745503,36061013800
1748,6.283142404384014,36061013900
6,9.069419817998783,36061014000
852,8.858029517389383,36061014200
2021,1.2199681104436224,36061014300
1186,8.761857184477844,36061014401
1763,18.4720688518155,36061014402
2041,5.735178172983514,36061014500
1819,7.407254153629832,36061014601
1830,8.190901776007028,36061014602
1798,7.549432526693782,36061014700
2031,7.010528998708519,36061014801
2032,8.15698467764512,36061014802
2042,10.285659208638704,36061014900
536,10.569881039666823,36061015001
1049,9.438025037791958,36061015002
1799,4.039911770975925,36061015100
1768,9.788590053091552,36061015200
1696,10.811865696429953,36061015300
1120,9.536909573685412,36061015400
1473,5.60603644349004,36061015500
1067,6.9855571524709195,36061015601
2154,4.021232381319254,36061015602
1484,6.983525719927725,36061015700
1697,10.140895208433331,36061015801
1702,8.292063717436124,36061015802
1485,7.829742117088555,36061015900
1050,11.496782786967835,36061016001
1703,10.061986135328983,36061016002
1112,7.738876722613183,36061016100
1917,4.707296916558178,36061016200
1104,13.001452865199765,36061016300
2155,7.475370705048817,36061016400
1057,11.449007121265694,36061016500
2144,7.865361407978671,36061016600
1221,12.937992818614239,36061016700
1704,4.979513153706035,36061016800
1053,7.80311408758296,36061016900
1055,4.977254511337669,36061017000
1225,10.724497117340782,36061017100
1056,6.034961118859583,36061017200
1248,9.7234107421509,36061017300
1054,6.897710973771962,36061017401
623,8.511864509910412,36061017402
1244,10.391588931964584,36061017500
1188,9.134263949928862,36061017700
1815,11.368234103709577,36061017800
1245,18.429725657512584,36061017900
935,4.0369633787730725,36061018000
1470,8.507910092339017,36061018100
1569,5.994051714237612,36061018200
1048,12.934892823425518,36061018300
7,5.835251231888693,36061018400
1471,4.491653919128731,36061018500
1040,6.143525784018672,36061018600
1175,14.958043006228177,36061018700
1206,7.571292060254121,36061018800
1472,6.990428131562396,36061018900
8,7.523978009974611,36061019000
1190,13.843048421415784,36061019100
1296,3.2261823968427747,36061019200
1712,8.583685494572151,36061019300
1207,5.3953229802340035,36061019400
1262,16.207183521175644,36061019500
695,7.6260706341289515,36061019600
1817,17.486272453567928,36061019701
1713,6.1549272339202075,36061019702
1314,17.828415453610045,36061019800
1263,12.996084100802802,36061019900
1315,7.327106263694211,36061020000
1219,6.095108500050453,36061020101
1818,8.548333666672711,36061020102
1727,3.3405312073641134,36061020300
1728,10.988413285021865,36061020500
9,9.866064292026952,36061020600
1220,9.000571549523277,36061020701
561,8.933754242333656,36061020800
2145,4.5421859682827765,36061020901
1767,4.179732241996013,36061021000
2146,9.88134907694874,36061021100
1118,6.349612719510209,36061021200
1174,5.408205252039406,36061021303
981,7.45720280086829,36061021400
1461,6.789611913341088,36061021500
1208,8.294057983573516,36061021600
1462,9.999744506370094,36061021703
1209,7.8505126655763675,36061021800
1756,4.247625694695443,36061021900
931,9.347601285401927,36061022000
2022,8.666755568601895,36061022102
1191,7.404523496748366,36061022200
1909,9.747087907299958,36061022301
1758,1.085565102225695,36061022302
663,6.265960335583847,36061022400
1944,7.278054596688456,36061022500
558,7.849219196150904,36061022600
2023,8.56879323686395,36061022700
1108,7.887069112066374,36061022800
2133,8.041874714098027,36061022900
1223,9.271799529645218,36061023000
1068,10.653040661317988,36061023100
1732,8.293381620167851,36061023200
2121,12.112024191616825,36061023300
1733,8.025147328422248,36061023400
2017,8.78397592724496,36061023501
2018,8.949198116775314,36061023502
1745,5.518560120071109,36061023600
2009,9.034857747165917,36061023700
1566,0.15692825892543372,36061023801
1895,0.6764890283741023,36061023802
2045,8.816737319199195,36061023900
1304,6.597148896685995,36061024000
2000,6.441630381961634,36061024100
1202,5.844028658707267,36061024200
1453,8.944715666924122,36061024301
1977,2.3968205087332946,36061024302
1454,7.551251611687981,36061024500
1878,7.334727855419321,36061024700
10,7.806493943923343,36061024900
1226,6.548911905915832,36061025100
1227,8.148685123310274,36061025300
755,7.125509605824117,36061025500
1302,8.203018255980396,36061025700
1222,9.601389335343525,36061025900
1596,7.538307219559584,36061026100
1892,7.49218014057531,36061026300
1385,4.710379320376146,36061026500
1750,6.6235684365909355,36061026700
11,7.284375073109901,36061026900
1230,6.821990390136058,36061027100
1749,9.545429084648072,36061027300
1753,2.7295646643545513,36061027500
13,7.028376466480136,36061027700
2062,10.611643880470405,36061027900
1184,6.676037916179383,36061028100
2047,4.991780890375981,36061028300
2013,7.398393627220932,36061028500
2015,9.312822459342565,36061028700
1037,6.173231395480981,36061029100
476,5.694135360260522,36061029300
1231,8.891278796979403,36061029500
1582,3.3158178968106102,36061029700
1769,3.314714041718671,36061029900
1124,16.593866681956726,36061030300
991,6.865443742486358,36061030700
870,4.472465763602754,36061030900
2048,7.765877845696267,36061031100
1882,5.466869248726174,36061031703
1130,9.219197432745187,36061031704
1144,17.72558337772931,36061031900
1790,2.6260278474552177,36081000100
1408,5.648633680004635,36081000200
2007,3.562724655076835,36081000400
1025,4.077837009611613,36081000600
1373,6.139524660549891,36081000700
1026,5.051894964633894,36081000800
299,3.848475729862075,36081001000
987,4.983994210992077,36081001200
1379,5.477329601589797,36081001400
300,5.043800977108774,36081001600
441,4.305286146577322,36081001800
737,3.0736770477768065,36081001900
442,6.018908269462472,36081002000
1380,6.802758038560657,36081002200
689,5.170233659765342,36081002400
1004,4.063947260117317,36081002500
690,5.331168433971706,36081002600
301,4.61757103471068,36081002800
865,5.334035613846828,36081003000
302,3.1644048303731105,36081003100
443,3.01559224042137,36081003200
1337,4.714385503903938,36081003300
952,5.389989415454371,36081003400
1159,4.114724593224961,36081003600
2138,7.882365383958084,36081003700
1375,3.6286533555634892,36081003800
2139,4.078581115133522,36081003900
1376,4.713700601005702,36081004001
1135,3.4612204404145284,36081004002
1160,4.626597648239774,36081004200
1338,3.335607943138551,36081004300
1627,5.227376290399561,36081004401
538,4.364266106256725,36081004500
506,2.5743336628965032,36081004700
1618,1.542723071121559,36081005000
303,3.7772933983129513,36081005100
924,4.215733461587454,36081005200
540,4.847366982272482,36081005300
926,6.428786831913821,36081005400
473,4.682198234198486,36081005500
545,4.887744417103184,36081005700
1997,8.619526523085314,36081005800
546,3.829287693725654,36081005900
1639,4.523673531443477,36081006100
1437,3.3865768355394423,36081006201
1930,2.2625694312072357,36081006202
1640,4.930324616436889,36081006300
1636,5.1614033976497256,36081006501
304,6.5971124330527955,36081006502
645,4.784821376304353,36081006900
1637,5.387550686691021,36081007100
1644,4.4352909147877515,36081007300
1641,4.101635645348475,36081007500
1645,4.920942642030452,36081007700
1646,4.185768201911487,36081007900
2093,6.406172114574695,36081008100
738,5.541291944189413,36081008300
1339,1.9244587267871014,36081008500
1008,4.653751402435654,36081008600
2094,2.0474519904840074,36081008700
1998,4.056098291102021,36081008800
1845,3.4700854584360648,36081009100
306,2.4929477378057405,36081009400
648,7.650837396722842,36081009500
1650,4.841668571781798,36081009600
910,5.576207068265529,36081009700
722,2.743203368044573,36081009800
1920,20.013575967512892,36081009900
781,4.9469075842260475,36081010000
909,5.7843862135301345,36081010100
307,4.21962345260098,36081010200
1007,8.547545821441783,36081010300
308,3.103108839447666,36081010400
1084,6.805431707381006,36081010500
309,3.3678617473881283,36081010600
1583,0.37376501391037253,36081010701
867,4.801124887130812,36081010800
723,4.119455404059007,36081011000
1432,5.530387058699099,36081011100
310,3.5848399586220023,36081011200
311,5.368559883189336,36081011300
312,1.631082976416748,36081011400
1478,4.3402552140891375,36081011500
1664,6.14532515408748,36081011600
313,4.0884925637804095,36081011700
1665,4.792403677794114,36081011800
314,6.099442007782021,36081011900
579,6.117714402895947,36081012000
315,7.042843825734857,36081012100
563,6.275532805505869,36081012200
759,5.2680378809873645,36081012301
316,5.944170011215572,36081012400
1659,6.040877168533802,36081012500
317,4.781389895414903,36081012601
318,5.252517445487283,36081012602
319,6.932046562975958,36081012800
320,6.611290287606548,36081013000
1599,5.70023781809614,36081013200
1951,4.068683167736717,36081013400
760,6.496014565644155,36081013500
321,5.417143056302099,36081013600
644,2.8130181056890766,36081013700
455,5.930698546841042,36081013800
322,6.39600236929698,36081014000
1370,2.7904070062721966,36081014100
746,5.102322251579276,36081014201
1418,1.8912735685153534,36081014202
323,5.009785992151731,36081014300
575,4.488882363037821,36081014400
324,6.527314581026993,36081014500
325,5.93607148664015,36081014700
580,6.256327694581904,36081014800
326,7.933956989551299,36081014900
576,4.621085339726982,36081015000
753,8.707383270755132,36081015100
505,2.226901554926056,36081015200
327,4.990107696610998,36081015300
328,3.284795142268433,36081015400
550,6.446404494921902,36081015500
329,3.1706723639694196,36081015600
551,5.133742524563887,36081015700
664,4.489574243380432,36081015801
330,3.226552977323045,36081015802
1668,5.581868173602916,36081015900
1669,3.9133389909790717,36081016100
754,4.1543304872510065,36081016300
1576,2.782198485266291,36081016400
1577,3.5480341649050993,36081016600
331,5.052594432884734,36081016800
2111,8.804537468680437,36081016900
460,3.661693545699261,36081017000
2112,0.5176431041096797,36081017100
332,4.153336006803109,36081017200
453,3.696526002068162,36081017400
454,3.854540179508145,36081017600
856,3.795624745240441,36081017800
1069,3.698389667227227,36081017900
1869,3.7493070943233198,36081018000
797,5.888261794689433,36081018101
758,7.340528097043749,36081018102
869,3.8471999923053395,36081018200
772,7.490603221241437,36081018300
1960,6.16674848465835,36081018401
1572,3.788809809462707,36081018402
1671,5.915029044321805,36081018501
1496,9.049285427814526,36081018502
876,5.2118585867592815,36081018600
1423,3.3616423272093767,36081018700
451,5.9791156454558685,36081018800
1424,3.848122720924489,36081018900
1570,4.6646894439916124,36081019000
452,5.512322226413079,36081019200
461,6.027256887108551,36081019400
682,5.746452975827663,36081019600
681,6.831365212311616,36081019800
2005,0.48310688114226236,36081019900
683,4.88006397259933,36081020200
1556,3.8516670168726166,36081020400
1742,1.7333834000852122,36081020500
1446,5.084123293792487,36081020600
1447,2.653988440634112,36081020800
1419,3.830098720003165,36081021200
742,2.463423074193914,36081021400
2060,2.1972156530749745,36081021600
1743,0.37390975812560207,36081021900
2061,6.156993774828044,36081022001
1340,5.432351399696702,36081022002
2125,0.3676365437540979,36081022900
1603,6.254408073317737,36081023000
1604,4.787990099634003,36081023200
962,4.405003838966404,36081023500
872,4.292929208064989,36081023600
873,4.441890060571335,36081023800
643,10.672621614466308,36081024000
1096,5.121756271554846,36081024300
1479,5.895147862058891,36081024500
665,2.5037004177892883,36081024600
1480,4.05089416259721,36081024700
666,6.019642207943606,36081024900
2056,7.653476313062212,36081025100
774,8.07386989313091,36081025301
773,6.649142326270171,36081025302
1557,5.048955115170697,36081025400
2110,3.610430884391838,36081025500
597,3.6533872702943,36081025700
632,3.0945575051469385,36081025800
333,4.734734608948816,36081025900
762,7.029761645030702,36081026000
334,5.865242434682958,36081026100
763,4.440525577549146,36081026200
598,5.01372629971161,36081026300
1579,5.294733543702446,36081026400
1682,3.0664349234016632,36081026500
1580,6.504259166063627,36081026600
1683,4.318330226618118,36081026700
335,4.673425370636033,36081026901
336,3.8147308596300222,36081026902
1562,3.848638185439331,36081027000
337,3.551924311475557,36081027100
1571,7.111352421041528,36081027200
338,7.258007135166608,36081027300
339,6.645562002356618,36081027400
340,7.13224183690126,36081027500
1402,6.145499954590173,36081027600
341,6.7796821774602325,36081027700
868,5.332144405698301,36081027800
342,6.10172716939842,36081027900
343,6.084815052141005,36081028000
1660,6.635683285836775,36081028100
1567,2.6437177070818465,36081028200
344,7.2859060903999495,36081028300
456,3.6121495109213866,36081028400
345,7.936667358393184,36081028500
1386,7.533619068582667,36081028700
2150,10.200833344867581,36081028800
346,7.732458946340632,36081028900
600,5.765860543574479,36081029100
601,3.04978168684866,36081029300
2151,5.142536574354012,36081029400
887,3.7978236429024634,36081029500
1363,2.6164778798378316,36081029700
2142,0.27978935689838047,36081029900
1438,2.8154202734022333,36081030600
1842,5.483512149487494,36081030902
1387,6.098212014330295,36081030903
1811,6.5621752989123845,36081030904
2143,5.081422810135707,36081031700
1407,5.730362321647967,36081032000
277,6.599460624083357,36081032700
2105,4.899173404747076,36081032800
347,5.871348312081074,36081032900
2106,6.038279925573889,36081033000
1914,0.15593331389035753,36081033100
1568,3.8681881137491407,36081033401
1397,4.969469826334587,36081033402
1661,5.1510000342575015,36081033700
1553,6.735094043905322,36081033900
1176,3.6737109631516502,36081034700
348,4.679401595460118,36081035100
649,4.259467210016403,36081035200
1655,5.9444574112860975,36081035300
535,5.773586378667459,36081035700
844,5.281203707400465,36081035800
1656,6.737402103745254,36081036100
1657,6.4919148129437145,36081036300
1102,3.9223820771774265,36081036500
1289,2.775113765186765,36081036600
1101,4.481552401106976,36081036700
1400,3.4014155475458687,36081036800
1178,2.849482153800096,36081037100
1179,4.032932497326276,36081037300
349,6.260124924937382,36081037500
1522,4.138542883241482,36081037600
350,6.008696710958495,36081037700
351,5.648216568999283,36081037900
1350,9.106601666058584,36081038100
1045,0.8765779459016527,36081038301
2127,7.796703291864362,36081038302
1523,3.341671833724562,36081038400
352,3.3343309454092753,36081039400
1316,3.6279175033322066,36081039800
1351,5.203542488050987,36081039900
353,4.865992634297823,36081040000
1352,5.129441204145704,36081040100
354,4.795870597863669,36081040200
355,4.198269092666937,36081040300
735,5.037885929576432,36081040400
593,6.376471616338291,36081040500
594,4.928393957971055,36081040700
595,4.565056991883718,36081040900
1565,6.202990237348873,36081041100
356,5.607288740367177,36081041300
651,4.565774105031939,36081041400
357,5.905215465016591,36081041500
823,3.716146351683433,36081042400
1401,9.83710300981568,36081042600
761,4.713753480769697,36081042700
874,8.542711784255927,36081043200
358,7.142080352776676,36081043400
684,2.6696201725544824,36081043701
685,3.7715263751386017,36081043702
670,3.9804404418779997,36081043900
652,6.283372256035696,36081044000
359,9.301621902183172,36081044301
1631,4.657978889039175,36081044302
1619,2.3511772939192186,36081044400
1607,4.878727964152186,36081044601
360,4.402210499684825,36081044602
361,5.228835256638998,36081044800
500,6.225750419464226,36081045000
747,6.797936864467391,36081045200
748,5.98772199353348,36081045400
1632,0.9562359092383587,36081045500
515,6.727531191629802,36081045600
362,4.409086655104802,36081045700
1090,5.117917263398956,36081045800
363,5.321796016907161,36081045900
642,5.468558392264235,36081046000
1377,4.687603791297329,36081046100
667,4.882319659419628,36081046200
1020,3.9975391854603375,36081046300
625,7.008645403968935,36081046400
1021,6.299831430247509,36081046500
1738,4.23303934870609,36081046600
364,7.464281245633864,36081046700
1620,6.29317429400329,36081046800
365,5.53335472656564,36081046900
1623,5.5651156190330555,36081047000
1022,3.1922180960554996,36081047100
1739,5.310576768774908,36081047200
548,4.914220718646016,36081047300
1071,6.179481957812198,36081047500
1617,2.8726569661016206,36081047600
886,3.321949989387804,36081047800
837,4.354801206729538,36081047900
1624,5.211722403877182,36081048000
1431,5.8504259821031575,36081048100
618,4.810408383068167,36081048200
366,3.7389301496577843,36081048300
881,4.739507393586294,36081048400
1433,3.95633601809621,36081048500
367,2.129270799637885,36081048900
573,3.8008473044073163,36081049200
1976,3.531138836358407,36081049301
1346,4.202608653982783,36081049302
368,4.483707762387913,36081049500
369,4.542915000367457,36081049600
1906,3.395809243390763,36081049700
2037,7.142647122314654,36081049900
882,4.90824907540111,36081050000
1591,3.3923089938070428,36081050201
370,6.618912909466715,36081050202
1592,5.088650339970703,36081050400
517,5.302559028892341,36081050500
1441,5.775150469285002,36081050600
2038,4.682078651597615,36081050700
371,5.160665303081122,36081050800
1538,4.465938432899815,36081051000
641,5.244174891821466,36081051100
372,5.4600790099678305,36081051200
1670,4.3710702151804925,36081051300
2126,5.508525104685342,36081051500
879,2.7226475813317146,36081051600
841,5.577038185748082,36081051700
373,4.95681290593246,36081051800
374,5.944727785882448,36081052000
836,4.455655484073083,36081052100
878,7.435157726403768,36081052200
375,6.91049929311388,36081052400
376,3.2442227699980757,36081052500
377,4.682778494276108,36081052600
1317,4.172972493484748,36081052800
378,4.043783110670944,36081053000
660,3.6118118676913715,36081053100
1539,2.984434682805727,36081053200
880,3.5159327488817023,36081053401
1673,1.0440005312915477,36081053500
379,2.7073425630379977,36081053601
1342,3.216024417639344,36081053800
712,5.073064532467142,36081053900
380,2.747747968740903,36081054000
381,4.793646056262522,36081054200
382,7.204329004014531,36081054500
383,7.049611607225397,36081054700
547,4.870608512812871,36081054800
384,6.9485974851905405,36081054900
385,9.939572251745476,36081055100
771,3.99562122192185,36081055200
386,7.85115534433956,36081055300
1554,5.351279645256858,36081055400
979,4.898179632863016,36081055500
387,7.045503545535545,36081055600
1429,7.588574574304079,36081055700
388,6.6688057994314125,36081055800
1502,2.5430520225864632,36081055900
1536,6.001713091576053,36081056000
2025,1.0967710984230572,36081056100
1545,5.038233950955225,36081056200
1322,2.5807006587895107,36081056400
1018,2.1036872201639256,36081056500
1312,4.856660518877681,36081056600
963,8.133446521429969,36081056700
1345,3.012979323126328,36081056800
861,5.793527612471407,36081057700
862,7.8548685280669925,36081057900
457,3.0625175618789173,36081058000
860,7.392661264652355,36081058100
1343,3.43921282523066,36081058200
1430,9.863604059450404,36081058300
389,8.440315778967998,36081058500
390,9.024306590623441,36081058700
391,8.906550718990339,36081058900
1552,5.144226035041662,36081059000
392,7.210191954290327,36081059100
1827,1.819546962270138,36081059200
393,6.296077045920097,36081059300
394,4.8847521243856065,36081059400
1677,4.421590955572089,36081059500
395,3.8690192084957156,36081059600
396,3.81270782800123,36081059800
397,4.553023897349364,36081059900
398,4.373541217165333,36081060000
1678,4.246957963538494,36081060100
743,2.5208162968061996,36081060300
399,4.26709189403318,36081060600
842,0.18808352940586062,36081060701
400,3.6624351702453573,36081060800
833,4.323522062367,36081061000
834,5.279294648772874,36081061200
863,3.706471516863298,36081061301
485,0.30823601122370853,36081061302
401,6.647056107905104,36081061400
1549,5.854975434274116,36081061601
1578,3.481545335970361,36081061602
1076,5.00933025428567,36081061800
996,3.0043695427093,36081061900
1550,4.360002851576147,36081062000
1033,2.99137005053295,36081062100
557,3.8120203661699343,36081062200
497,6.809457108283186,36081062300
739,0.49439300444273754,36081062400
291,6.7056174467388425,36081062500
740,3.670383029812116,36081062600
402,9.311945415034476,36081062700
974,6.223049970915863,36081062900
572,3.0704098315340453,36081063000
1077,4.0793007268932975,36081063200
524,7.299414128199623,36081063301
525,7.760532970145885,36081063302
653,6.161121362082665,36081063500
1035,3.4365053341759184,36081063700
1593,4.736088644603936,36081063800
975,4.429003289199117,36081063900
1381,4.202506752599771,36081064101
1952,2.787267493582644,36081064102
1001,5.26363287424379,36081064500
845,5.9900094157662185,36081064600
884,7.326447348767097,36081065000
1277,10.966899660251872,36081065400
1036,0.5224741227320149,36081065501
1398,6.120689025591773,36081065600
403,4.390414010502456,36081065702
404,5.3667325035835285,36081065703
405,5.89518750648186,36081065900
406,7.286748893254241,36081066000
407,6.233583069268322,36081066100
1074,13.33458395620581,36081066300
1399,3.0497866484980283,36081066400
1558,4.758325310975601,36081066501
1559,4.923257818688091,36081066701
749,4.57478759951949,36081066900
409,6.359191439164824,36081067100
410,8.008484800240888,36081067700
411,5.015115747965556,36081067900
1403,3.6503506073325886,36081068000
1404,3.442870584354128,36081068200
1065,4.793433381982991,36081068300
1072,4.251037051030994,36081068700
1368,5.746904599034286,36081069000
412,3.9924280771833853,36081069300
1369,3.328530447455598,36081069400
413,4.1751065745333005,36081069500
414,4.239699648140351,36081069701
415,7.723168684677467,36081069702
724,5.100811303578649,36081070300
725,6.726614142816176,36081070700
726,7.755573053127876,36081070900
1264,5.346968560705807,36081071100
458,6.569574902267436,36081071303
1361,5.611473493836883,36081071304
838,5.464858771666245,36081071305
416,4.736721820369265,36081071306
1809,0.008638707010309728,36081071600
1621,4.70252640431328,36081071701
1622,6.166335160207567,36081071702
417,6.762235221564318,36081071900
418,6.348123949965444,36081072100
1265,5.681362016905393,36081072300
419,8.126596125492707,36081072900
1002,8.567489486878532,36081073100
1266,4.24301224900365,36081073700
420,6.486240987003835,36081073900
421,12.19668864574901,36081074100
422,6.60739967777891,36081074300
498,3.8844238218686886,36081074500
1825,5.583463898638488,36081074700
633,1.140879514369188,36081074900
2156,5.530602662297202,36081075701
1094,8.42151042418541,36081075702
1280,4.6231676410830636,36081076901
1281,6.384952408317752,36081076902
1137,7.358094431636285,36081077300
1595,7.831483843197848,36081077500
459,6.635411967418037,36081077902
1341,5.400901818268669,36081077903
1964,6.493943940801804,36081077904
1965,2.6352335215151794,36081077905
423,6.530354741237251,36081077906
1643,6.15327737193002,36081077907
654,4.362830037974914,36081077908
1319,3.2108225954594007,36081078800
1318,5.583061813566984,36081079000
1439,6.192383500791046,36081079200
2049,0.3719468778531421,36081079300
1642,2.5057552420648395,36081079701
1635,2.7529971781069986,36081079702
424,4.454212535471498,36081079900
1450,3.438598197872612,36081080301
2057,5.014620258202863,36081080302
1510,3.507326959289692,36081080900
1870,5.093794026546181,36081081400
1871,6.497263362097045,36081081800
1652,6.485952055593783,36081083700
622,6.257390271256232,36081083800
857,5.323601482882638,36081084000
765,6.0386280608108285,36081084500
631,6.738927106492775,36081084601
851,2.392929766662897,36081084602
2065,2.6323018559035543,36081084900
425,4.268016907388602,36081085300
527,4.958805400478559,36081085500
752,3.7292781961988473,36081085700
1634,5.9893785040463525,36081085900
426,5.188807721702421,36081086100
528,5.055044684421337,36081086300
1651,0.8790923121570763,36081086400
305,7.212459656837887,36081086500
984,1.8687543806843583,36081086900
1633,1.5986222054490014,36081087100
1780,3.6144817852305366,36081088400
1821,5.1499724942359215,36081088901
1826,4.192652093329675,36081089200
1916,2.1895139985895633,36081090700
2083,0.03057763413391607,36081091601
2081,0.3851221760957028,36081091800
1919,4.108406240182241,36081091900
2079,6.647693433678129,36081092200
510,5.842251840353547,36081092500
2078,5.008962514560926,36081092800
1872,4.643013052887686,36081092900
1923,4.547604268493862,36081093401
2077,3.5347953162661003,36081093402
2092,2.010522163419077,36081093800
1182,4.825355482811879,36081093900
2095,1.570291821113469,36081094201
2096,3.63364269168751,36081094202
2076,2.0850306422324487,36081094203
1410,4.222531346808489,36081094500
493,3.961860477391266,36081094700
2053,4.35122051760881,36081095400
2052,3.500087214070161,36081096400
2051,0.35096559960219115,36081097202
1925,1.613293161569611,36081097203
2011,4.041640960390597,36081097204
1308,7.294080470804005,36081097300
1309,3.9240610803476113,36081098100
678,4.973485178800308,36081098700
1089,5.688863441645692,36081099100
2046,2.1053640493833363,36081099200
1755,3.192029475785863,36081099701
1774,2.0013834853813166,36081099703
1784,2.197848573869417,36081099704
2130,4.5869075022904475,36081099705
871,3.3580486289959737,36081099801
2072,2.1287982109830157,36081099802
780,2.7867530758581847,36081099900
1775,3.6200390679140915,36081100801
1389,4.961147866883551,36081100802
2073,5.247622377473318,36081101001
1802,7.0565292966306865,36081101002
1489,5.153982981750205,36081101700
427,5.0006889511127,36081102900
680,2.9098914644812974,36081103201
1288,4.767127558098467,36081103202
428,5.173514572571523,36081103300
1411,4.880679199679543,36081103900
530,6.2351877279176975,36081104700
1495,7.014333863592465,36081105900
1935,1.3387093524474423,36081107201
1936,0.0807893204884627,36081107202
1490,4.834219245577387,36081108500
1822,7.198748848804398,36081109300
1487,6.517610279694087,36081109700
1491,5.124640425908733,36081109900
1831,4.023966526487839,36081111300
843,5.926985304614893,36081112300
444,7.464146779195419,36081112900
693,5.937531865396316,36081113300
1611,6.819398826333784,36081113900
499,7.054930543421876,36081114100
429,6.525350295327857,36081114700
1467,10.022614132335216,36081115100
769,5.517923932801529,36081115500
430,5.183881000057955,36081115700
531,4.230088889933676,36081115900
431,3.9477934704276496,36081116100
529,3.9100360937808185,36081116300
1503,6.967793492242861,36081116700
1504,4.7519152213589715,36081117100
432,4.656611401641164,36081117500
1612,5.105359889273694,36081118100
1717,5.726410767071091,36081118500
433,6.160259029169818,36081118700
1344,5.236393046944893,36081118900
1718,3.7370501399839045,36081119100
434,5.627926021954895,36081119300
435,9.494475154515555,36081119500
1722,5.820913609624433,36081119900
1046,3.5272318402360803,36081120100
436,8.754135919940637,36081120300
437,4.822567620181966,36081120500
1723,3.8348859249010427,36081120700
1505,5.345985793349821,36081121100
1653,3.4828790409257877,36081121500
501,6.420806291030806,36081122300
1507,4.819300628818162,36081122701
1511,4.027801332927713,36081122702
1513,7.9253184814148545,36081124100
2004,5.9064000715974805,36081124700
1649,8.85390549789875,36081125700
1064,5.432898396476615,36081126500
2010,3.6436054640871354,36081126700
1448,5.3482196281872625,36081127700
1009,3.374801022853845,36081128300
1771,4.9911917175587135,36081129102
1003,4.277210169115627,36081129103
1772,5.771858734630984,36081129104
1555,5.129412402044787,36081130100
733,7.319308887894516,36081133300
438,3.774840070429311,36081133900
502,5.242230246854073,36081134100
734,4.10706069422053,36081134700
1010,5.882931113866346,36081136700
1306,4.704390378339952,36081137700
1292,4.6713486396153945,36081138501
1828,3.093807548106206,36081138502
636,5.016104892313888,36081139900
496,5.417608801023354,36081140300
1514,5.594618683020355,36081140901
1515,8.348923345282165,36081140902
1516,7.201562368008256,36081141700
1517,5.977616458732697,36081142900
1531,5.005068070844037,36081143500
637,7.456683652469519,36081144100
1532,7.165719164280061,36081144700
672,6.265771271403338,36081145101
439,5.8185051339524465,36081145102
1199,6.206950199813907,36081145900
1613,6.377601951435734,36081146300
586,6.198793837148702,36081146700
1829,6.082482767235704,36081147100
992,5.803368221688082,36081147900
1773,6.079393398199045,36081148300
1803,6.631932441685872,36081150701
993,5.0194897262068565,36081150702
889,2.5082699538081332,36081152901
1163,4.872934576572835,36081152902
1085,0.38713089685288593,36081155101
1838,4.408904573519366,36081155102
1839,4.156268889587798,36081156700
1840,7.044360755318265,36081157101
973,4.6995087056914375,36081157102
440,8.328215223886739,36081157901
1841,8.557203833259246,36081157902
1535,7.280480042806395,36081157903
1546,5.698195940319958,36081161700
1075,7.898932394544495,36081162100
1047,2.7087915797976096,36085000300
1794,4.274430016944915,36085000600
1896,3.429272230876066,36085000700
1141,5.453142184526972,36085000800
0,5.460243076266503,36085000900
888,6.913633365828903,36085001100
1551,3.71394867887646,36085001700
1910,0.00887423835965165,36085001800
1672,2.9493064515792384,36085002001
1396,2.677142177002365,36085002002
1792,4.326530033241935,36085002100
1793,4.738345318669122,36085002700
908,5.162925181387407,36085002900
2128,2.2279369577851083,36085003300
1272,4.893806427164633,36085003600
2129,2.8488536241808466,36085003900
1273,5.276795009112949,36085004000
2087,2.8381622345003237,36085004700
1165,3.104556572260987,36085005000
2074,4.7770874845086215,36085005900
1287,4.45041798789091,36085006400
1969,4.45092528255539,36085006700
1907,3.5102681752801135,36085007000
1908,4.342274979681119,36085007400
1970,3.7067678951602465,36085007500
1331,5.911335499937459,36085007700
1897,3.616786283910519,36085008100
1201,4.711665171969848,36085009601
1434,5.3043973838641865,36085009602
1833,7.338678950252654,36085009700
902,4.135998077259175,36085010500
1905,4.850310630641315,36085011201
2085,3.2784074658021494,36085011202
1164,4.484587121502498,36085011401
508,4.210112043924239,36085011402
986,5.041781374599159,36085012100
1147,6.799971356757977,36085012200
1957,4.336489731042573,36085012500
1911,3.712165409831961,36085012804
1940,2.248741340543818,36085012805
1912,3.1589999758870535,36085012806
694,4.731426090315263,36085013201
2068,5.905394310291982,36085013203
2069,6.086949019568594,36085013204
911,1.3889278735920827,36085013301
1788,2.2636681773797944,36085013302
1030,7.056997907908382,36085013400
1394,6.085208220120143,36085013800
1990,3.6921352212442704,36085014100
1311,6.077856261301217,36085014604
1310,7.040209978215059,36085014605
1395,3.1518567384143523,36085014606
675,6.806068333868989,36085014607
1073,7.069041675410524,36085014608
1958,4.9310231463410625,36085014700
1654,4.692315274979112,36085015100
1941,0.07639614633228893,36085015400
1313,6.095605738915368,36085015601
2101,8.945427855960443,36085015602
1902,5.4044410790440445,36085015603
1136,2.887471604613721,36085016901
1116,7.0847394831057775,36085017005
1922,2.3037702496064054,36085017007
2090,7.825648241333744,36085017008
534,7.878897452611506,36085017009
1113,7.708874838837069,36085017010
2102,7.250974294179019,36085017011
1901,5.743527887739368,36085017012
1133,4.948292780827507,36085017300
1117,4.88944642150132,36085017600
1820,1.522439045704949,36085017700
1843,0.5418978300590729,36085018100
1106,1.9399263848559174,36085018701
1844,5.749665566380783,36085018702
1127,4.9339613381616,36085018901
1260,4.5613921563364865,36085018902
966,4.717611614748741,36085019700
2050,2.5491618304076313,36085019800
1991,6.098319186987434,36085020100
2163,2.7540192647343713,36085020700
1898,5.658096203998736,36085020801
1900,5.676247667223948,36085020803
1601,8.277402996719406,36085020804
2164,3.3575759359290074,36085021300
2162,1.6869558983431525,36085022300
1420,1.6220068599574629,36085022600
2091,0.40432561885741247,36085022800
1080,4.335069952554053,36085023100
2161,3.509174083237819,36085023900
1177,5.498880914047279,36085024401
2070,5.298741361490812,36085024402
1989,3.188072015236419,36085024700
1421,3.833421924111213,36085024800
1128,5.15853612039805,36085025100
1628,2.807016587244458,36085027301
1956,3.179495845710036,36085027302
1442,2.1890035668685988,36085027702
965,4.557116563535126,36085027704
1066,5.946485802751398,36085027705
1393,4.560914874513909,36085027706
2012,0.9083979161493356,36085027900
1992,0.4234818647947938,36085029102
1796,3.1906318341026436,36085029103
1107,3.7497879760155386,36085029104
2103,3.289825385168749,36085030301
2104,3.4623063748400797,36085030302
1797,4.391261100729619,36085031901
1987,2.904225529623435,36085031902
1988,0.23827801557744419,36085032300
