,GeoID,T_Commute
0,36005000100,0.0
1,36005000200,0.4796380090497738
2,36005000400,0.4421648390519986
3,36005001600,0.541030534351145
4,36005001900,0.7256317689530686
5,36005002000,0.733069306930693
6,36005002300,0.8318385650224215
7,36005002400,1.0
8,36005002500,0.8115088355233349
9,36005002701,0.8385481852315394
10,36005002702,0.8876404494382022
11,36005002800,0.5558786871624429
12,36005003100,0.755771567436209
13,36005003300,0.7404403244495944
14,36005003500,0.7426666666666667
15,36005003700,0.6198347107438017
16,36005003800,0.47878787878787876
17,36005003900,0.8350217076700435
18,36005004001,0.6140350877192983
19,36005004100,0.8604651162790697
20,36005004200,0.6015542211232779
21,36005004300,0.7980266976204294
22,36005004400,0.678082191780822
23,36005004600,0.6858552631578947
24,36005004800,0.6383315733896515
25,36005005001,0.7690886699507389
26,36005005002,0.8277227722772277
27,36005005100,0.862202545655783
28,36005005200,0.7869458128078818
29,36005005300,0.694331983805668
30,36005005400,0.7957276368491322
31,36005005600,0.7521685254027262
32,36005005902,0.7569258266309205
33,36005006000,0.5600739371534196
34,36005006100,0.6579108124618204
35,36005006200,0.7831325301204819
36,36005006300,0.8363947031183255
37,36005006400,0.6406135865595325
38,36005006500,0.8537037037037037
39,36005006700,0.781104199066874
40,36005006800,0.7984615384615384
41,36005006900,0.6887172599059772
42,36005007000,0.7156862745098039
43,36005007100,0.6288819875776398
44,36005007200,0.614771296684851
45,36005007300,0.7627511591962906
46,36005007400,0.48172757475083056
47,36005007500,0.7958519723464823
48,36005007600,0.7186067827681026
49,36005007700,0.6764705882352942
50,36005007800,0.6467459324155194
51,36005007900,0.7304582210242587
52,36005008300,0.7867811799850635
53,36005008400,0.49922239502332816
54,36005008500,0.8512526096033403
55,36005008600,0.8151001540832049
56,36005008700,0.8302687411598303
57,36005008900,0.6861377506538797
58,36005009000,0.6151241534988713
59,36005009200,0.6261277517141826
60,36005009300,0.6666666666666666
61,36005009600,0.5715800636267232
62,36005009800,0.42885278188084686
63,36005011000,0.0
64,36005011502,0.7070161912104858
65,36005011700,0.7884615384615384
66,36005011800,0.31603977518374404
67,36005011900,0.8179623370352487
68,36005012101,0.7700534759358288
69,36005012102,0.8568329718004338
70,36005012300,0.7071908949818935
71,36005012500,0.6243386243386243
72,36005012701,0.7990430622009569
73,36005012901,0.8139013452914798
74,36005013000,0.20812807881773399
75,36005013100,0.6535677352637022
76,36005013200,0.32735302235716257
77,36005013300,0.7486361728913135
78,36005013500,0.7844551282051282
79,36005013800,0.2747875354107649
80,36005014100,0.7936643835616438
81,36005014300,0.8426103646833013
82,36005014400,0.5033313143549364
83,36005014500,0.7105263157894737
84,36005014701,0.6881785283474066
85,36005014702,0.8618346545866364
86,36005014900,0.6552941176470588
87,36005015100,0.6769845232151772
88,36005015200,0.41186161449752884
89,36005015300,0.5923076923076923
90,36005015500,0.7574257425742574
91,36005015700,0.8028846153846154
92,36005015800,0.3811188811188811
93,36005015900,0.7473867595818815
94,36005016000,0.272234273318872
95,36005016100,0.6606822262118492
96,36005016200,0.3200962695547533
97,36005016300,0.0
98,36005016400,0.3438914027149321
99,36005016500,0.6837837837837838
100,36005016600,0.382404181184669
101,36005016700,0.6540772532188841
102,36005016900,0.679144385026738
103,36005017100,0.0
104,36005017300,0.9152542372881356
105,36005017500,0.8145315487571702
106,36005017701,0.7127312295973884
107,36005017702,0.7475083056478405
108,36005017901,0.7715355805243446
109,36005017902,0.6976331360946746
110,36005018101,0.8003084040092521
111,36005018102,0.7764350453172205
112,36005018301,0.7348717948717949
113,36005018302,0.8023809523809524
114,36005018400,0.370189701897019
115,36005018500,0.813961038961039
116,36005018900,0.7429274292742928
117,36005019300,0.7838555496548062
118,36005019400,0.4799081515499426
119,36005019500,0.8450909090909091
120,36005019700,0.9189101524489134
121,36005019900,0.7798408488063661
122,36005020000,0.7947122861586314
123,36005020100,0.7483829236739974
124,36005020200,0.688212927756654
125,36005020400,0.6065182829888712
126,36005020501,0.7333904843549078
127,36005020502,0.7033707865168539
128,36005020601,0.6305263157894737
129,36005020900,0.7679425837320574
130,36005021001,0.7503938780103534
131,36005021002,0.7336194563662375
132,36005021100,0.8215984776403426
133,36005021200,0.8085024894676369
134,36005021301,0.8840304182509505
135,36005021302,0.8449275362318841
136,36005021501,0.7100591715976331
137,36005021502,0.7337516808606006
138,36005021601,0.701123595505618
139,36005021602,0.7203174603174604
140,36005021700,0.7250889679715302
141,36005021800,0.6302035855363112
142,36005021900,0.8382687927107062
143,36005022000,0.7094499294781382
144,36005022101,0.7768871075484302
145,36005022102,0.7674743709226468
146,36005022200,0.7686472819216182
147,36005022300,0.862335302135393
148,36005022401,0.709703947368421
149,36005022403,0.7550034506556246
150,36005022404,0.6614173228346457
151,36005022500,0.7273542600896861
152,36005022701,0.8001949317738791
153,36005022702,0.7788018433179723
154,36005022703,0.6766233766233766
155,36005022800,0.735191637630662
156,36005022901,0.7196691176470589
157,36005022902,0.7737117251680359
158,36005023000,0.5737704918032787
159,36005023100,0.7489361702127659
160,36005023200,0.5669811320754717
161,36005023301,0.7108433734939759
162,36005023302,0.7663043478260869
163,36005023501,0.6899628252788104
164,36005023502,0.7399660825325043
165,36005023600,0.5869281045751634
166,36005023702,0.7577777777777778
167,36005023703,0.8114593535749265
168,36005023704,0.7213930348258707
169,36005023800,0.639963167587477
170,36005023900,0.7777414075286416
171,36005024000,0.6869806094182825
172,36005024100,0.7426520847573479
173,36005024300,0.7982541222114452
174,36005024400,0.4701492537313433
175,36005024501,0.6509380329732802
176,36005024502,0.7776289350301406
177,36005024600,0.5505735140771637
178,36005024700,0.6558659217877095
179,36005024800,0.5460569913850232
180,36005024900,0.0
181,36005025000,0.5605658709106985
182,36005025100,0.800761421319797
183,36005025200,0.5414156626506024
184,36005025300,0.7544982007197121
185,36005025400,0.5326991676575505
186,36005025500,0.7687659033078881
187,36005025600,0.6448467966573816
188,36005025700,0.8624213836477987
189,36005026100,0.7360970677451971
190,36005026300,0.8742650384441429
191,36005026400,0.525235243798118
192,36005026500,0.8630952380952381
193,36005026601,0.5175600739371534
194,36005026602,0.572594501718213
195,36005026701,0.7949579831932773
196,36005026702,0.6930178880553952
197,36005026900,0.8085742771684945
198,36005027300,0.7548076923076923
199,36005027401,0.3068949977467328
200,36005027402,0.26920593931568754
201,36005027600,0.0
202,36005027700,0.8231225296442688
203,36005027900,0.6567034242600116
204,36005028100,0.6133786848072562
205,36005028300,0.8279022403258656
206,36005028400,1.0
207,36005028500,0.6459758022093635
208,36005028600,0.34962406015037595
209,36005028700,0.7051094890510949
210,36005028800,0.39177215189873416
211,36005028900,0.6759002770083102
212,36005029301,0.35185185185185186
213,36005029302,0.4709236031927024
214,36005029500,0.6218253968253968
215,36005029600,0.6104368932038835
216,36005029700,0.6356147021546261
217,36005030000,0.46436633344082556
218,36005030100,0.5
219,36005030200,0.5355371900826447
220,36005030701,0.40276179516685845
221,36005030900,0.2774566473988439
222,36005031000,0.37950138504155123
223,36005031200,0.44556677890011226
224,36005031400,0.49353448275862066
225,36005031600,0.44666666666666666
226,36005031800,0.4931972789115646
227,36005031900,0.6481481481481481
228,36005032300,0.647003745318352
229,36005032400,0.625
230,36005032600,0.3981797497155859
231,36005032800,0.7317829457364341
232,36005033000,0.7662100456621005
233,36005033201,0.777822257806245
234,36005033202,0.6382175226586103
235,36005033400,0.6666666666666666
236,36005033500,0.5734966592427617
237,36005033600,0.6719150494324423
238,36005033700,0.36732851985559567
239,36005033800,0.6894510226049516
240,36005034000,0.666270783847981
241,36005034200,0.536
242,36005034300,0.5667539267015707
243,36005034400,0.4458041958041958
244,36005034500,0.4223968565815324
245,36005034800,0.5225225225225225
246,36005035000,0.4772313296903461
247,36005035100,0.5188216039279869
248,36005035600,0.4061990212071778
249,36005035800,0.5435897435897435
250,36005035900,0.576271186440678
251,36005036000,0.3962536023054755
252,36005036100,0.7422394678492239
253,36005036300,0.7786016949152542
254,36005036400,0.5524642289348172
255,36005036501,0.7143869596031184
256,36005036502,0.7523540489642184
257,36005036700,0.6900584795321637
258,36005036800,0.5894105894105894
259,36005036901,0.7240398293029872
260,36005036902,0.7274401473296501
261,36005037000,0.5126859142607174
262,36005037100,0.6569491525423728
263,36005037200,0.5752212389380531
264,36005037300,0.7175355450236967
265,36005037400,0.6523297491039427
266,36005037504,0.657487091222031
267,36005037600,0.6473684210526316
268,36005037800,0.668769716088328
269,36005037900,0.7321921590281613
270,36005038000,0.699657030867222
271,36005038100,0.8060718711276332
272,36005038200,0.505671077504726
273,36005038301,0.7842887473460722
274,36005038302,0.8638272345530894
275,36005038500,0.8439587128111719
276,36005038600,0.4873417721518987
277,36005038700,0.6819866567828021
278,36005038800,0.556469708302169
279,36005038900,0.8255506607929516
280,36005039000,0.6321279554937413
281,36005039100,0.7202872531418313
282,36005039200,0.6931949250288351
283,36005039300,0.7375854214123007
284,36005039400,0.6319737458977965
285,36005039500,0.8218673218673219
286,36005039600,0.594219010561423
287,36005039700,0.7271078875793291
288,36005039800,0.4835221421215242
289,36005039901,0.8313982836951035
290,36005039902,0.748046875
291,36005040100,0.867109634551495
292,36005040302,0.8355002826455624
293,36005040303,0.7430488974113135
294,36005040304,0.8443271767810027
295,36005040400,0.5278236914600551
296,36005040501,0.8203266787658802
297,36005040502,0.771499644633973
298,36005040600,0.6146309601567603
299,36005040701,0.7985125084516566
300,36005040702,0.750827565452904
301,36005040800,0.5387205387205387
302,36005040900,0.7782834850455137
303,36005041100,0.7467348097671778
304,36005041300,0.7686152478328517
305,36005041400,0.6630170316301703
306,36005041500,0.7414943295530354
307,36005041800,0.6139798488664987
308,36005041900,0.7113333333333334
309,36005042000,0.5736620565243535
310,36005042100,0.775238886580806
311,36005042200,0.5503225806451613
312,36005042300,0.7240179015415217
313,36005042400,0.5113085621970921
314,36005042500,0.8239644970414202
315,36005042600,0.49089253187613846
316,36005042800,0.3732620320855615
317,36005042901,0.7595907928388747
318,36005042902,0.757847533632287
319,36005043000,0.4210191082802548
320,36005043100,0.6991465149359887
321,36005043400,0.548892490545651
322,36005043500,0.8134328358208955
323,36005043600,0.4074074074074074
324,36005044200,0.5878787878787879
325,36005044400,0.5150952159777056
326,36005044800,0.38361266294227186
327,36005044901,0.46622369878183834
328,36005044902,0.46325581395348836
329,36005045101,0.5421853388658368
330,36005045102,0.5081466395112016
331,36005045600,0.3785103785103785
332,36005045800,0.910371318822023
333,36005046000,0.6083690987124464
334,36005046201,0.6980782588562168
335,36005046202,0.5183662280701754
336,36005048400,0.48469809760132343
337,36005050400,0.0
338,36005051600,0.33591065292096217
339,36047000100,0.8712352684417285
340,36047000200,0.7803921568627451
341,36047000301,0.780214424951267
342,36047000501,0.8469717984281091
343,36047000502,0.8528735632183908
344,36047000700,0.7945647167204053
345,36047000900,0.9205137105171816
346,36047001100,0.8717728055077453
347,36047001300,0.8712206047032475
348,36047001500,0.8806340718105424
349,36047001800,0.0
350,36047002000,0.8475120385232745
351,36047002100,0.7684057971014493
352,36047002200,0.7538218239325251
353,36047002300,0.8207547169811321
354,36047002901,0.907100199071002
355,36047003000,0.5152198421645998
356,36047003100,0.8108108108108109
357,36047003300,0.8089285714285714
358,36047003400,0.6288461538461538
359,36047003500,0.8105451295799821
360,36047003600,0.7034407427635172
361,36047003700,0.8747016706443914
362,36047003800,0.542910447761194
363,36047003900,0.8513119533527697
364,36047004100,0.8191387559808613
365,36047004300,0.8758510212254705
366,36047004400,0.4677284157585918
367,36047004500,0.8590197069226883
368,36047004600,0.5083333333333333
369,36047004700,0.7474747474747475
370,36047004900,0.8077769625825385
371,36047005000,0.44366812227074237
372,36047005100,0.7228260869565217
373,36047005201,0.7541208791208791
374,36047005202,0.6435568952524491
375,36047005300,0.6875495638382236
376,36047005400,0.6905311778290993
377,36047005601,0.6236162361623616
378,36047005602,0.7048054919908466
379,36047005800,0.7036506800286327
380,36047005900,0.6960651289009498
381,36047006000,0.8037436188315371
382,36047006200,0.6948391922213911
383,36047006300,0.8612873980054397
384,36047006400,0.6259758694109298
385,36047006500,0.8034260039314799
386,36047006600,0.6911764705882353
387,36047006700,0.7556154537286612
388,36047006800,0.794954128440367
389,36047006900,0.8234051542036332
390,36047007000,0.671875
391,36047007100,0.8829676071055381
392,36047007200,0.8912556053811659
393,36047007400,0.7602739726027398
394,36047007500,0.7480448826929615
395,36047007600,0.8859797297297297
396,36047007700,0.8173913043478261
397,36047007800,0.817104149026249
398,36047008000,0.769700332963374
399,36047008200,0.8313106796116505
400,36047008400,0.7868852459016393
401,36047008500,0.8473938742611499
402,36047008600,0.0
403,36047008800,0.9208234362628662
404,36047009000,0.7491814014407334
405,36047009200,0.8511749347258486
406,36047009400,0.7014453477868112
407,36047009600,0.775
408,36047009800,0.7936565803864382
409,36047010000,0.7820685023505709
410,36047010100,0.7694431661297745
411,36047010200,0.7646540326134861
412,36047010400,0.6497890295358649
413,36047010600,0.763050153531218
414,36047010800,0.7038834951456311
415,36047011000,0.6910112359550562
416,36047011200,0.782608695652174
417,36047011400,0.7728658536585366
418,36047011600,0.7905660377358491
419,36047011700,0.7708578143360753
420,36047011800,0.7334689725330621
421,36047011900,0.7785800240673887
422,36047012000,0.720226843100189
423,36047012100,0.7563996696944674
424,36047012200,0.8611963190184049
425,36047012600,0.7477744807121661
426,36047012700,0.8605898123324397
427,36047012801,0.6404867256637168
428,36047012901,0.8959575878064944
429,36047012902,0.8622448979591837
430,36047013000,0.8039961941008563
431,36047013100,0.8519102008664828
432,36047013200,0.5369774919614148
433,36047013300,0.805524025728339
434,36047013400,0.6943081452404318
435,36047013500,0.7739952718676123
436,36047013600,0.6906354515050167
437,36047013700,0.7824947589098532
438,36047013800,0.6643159379407616
439,36047013900,0.8010923987255348
440,36047014000,0.5767397521448999
441,36047014100,0.8368883312421581
442,36047014200,0.6929487179487179
443,36047014300,0.7508605851979346
444,36047014500,0.8343508343508343
445,36047014700,0.7345679012345679
446,36047014800,0.6255060728744939
447,36047014900,0.7729257641921398
448,36047015000,0.49037037037037035
449,36047015100,0.8303375712406839
450,36047015200,0.48813868613138683
451,36047015300,0.8142112125162972
452,36047015400,0.0
453,36047015500,0.8425266903914591
454,36047015700,0.7941520467836257
455,36047015900,0.8148272391814827
456,36047016000,0.7273182957393484
457,36047016100,0.7622585438335809
458,36047016200,0.6777677767776777
459,36047016300,0.8330087633885103
460,36047016400,0.29577464788732394
461,36047016500,0.8281622911694511
462,36047016600,0.3892857142857143
463,36047016700,0.7972027972027972
464,36047016800,0.5262569832402234
465,36047016900,0.8283937065495792
466,36047017000,0.5
467,36047017100,0.7639605818864383
468,36047017200,0.6096333572969087
469,36047017400,0.5734331150608045
470,36047017500,0.0
471,36047017600,0.5445804195804196
472,36047017700,0.0
473,36047017800,0.6636363636363637
474,36047017900,0.78609062170706
475,36047018000,0.6645274212368728
476,36047018100,0.8623188405797102
477,36047018200,0.7522334723049434
478,36047018300,0.8392857142857143
479,36047018400,0.6160635481023831
480,36047018501,0.8481432360742706
481,36047018600,0.6372443487621098
482,36047018700,0.7543859649122807
483,36047018800,0.49859154929577465
484,36047019000,0.6437621832358674
485,36047019100,0.816017316017316
486,36047019200,0.7398171238570241
487,36047019300,0.7473070017953322
488,36047019400,0.7247220751720487
489,36047019500,0.7984073763621123
490,36047019600,0.6487964989059081
491,36047019700,0.8734299516908213
492,36047019800,0.6364628820960698
493,36047019900,0.8285843509724107
494,36047020000,0.542747358309318
495,36047020100,0.818217665615142
496,36047020200,0.4180790960451977
497,36047020300,0.793635486981678
498,36047020400,0.4429223744292237
499,36047020500,0.806483300589391
500,36047020600,0.5182222222222223
501,36047020700,0.828847481021394
502,36047020800,0.685118619698059
503,36047021000,0.6285881663737551
504,36047021100,0.6862745098039216
505,36047021200,0.654979674796748
506,36047021300,0.8643130582730753
507,36047021400,0.6758620689655173
508,36047021500,0.8909967845659164
509,36047021600,0.687843137254902
510,36047021700,0.8244758654314969
511,36047021800,0.7258064516129032
512,36047021900,0.8512642538423401
513,36047022000,0.7147286821705426
514,36047022100,0.905924920850294
515,36047022200,0.6065411298315163
516,36047022400,0.5870622568093385
517,36047022600,0.732943469785575
518,36047022700,0.8968629136226901
519,36047022800,0.7281468531468531
520,36047022900,0.7765029830197339
521,36047023000,0.6684491978609626
522,36047023100,0.75177304964539
523,36047023200,0.724603640634175
524,36047023300,0.8653846153846154
525,36047023400,0.6258992805755396
526,36047023500,0.7311676082862524
527,36047023600,0.7276190476190476
528,36047023800,0.563915857605178
529,36047024000,0.5910676901605024
530,36047024100,0.8299003322259136
531,36047024200,0.504390243902439
532,36047024300,0.846963175514108
533,36047024400,0.5450490633363069
534,36047024500,0.6679566563467493
535,36047024600,0.5991071428571428
536,36047024700,0.891912320483749
537,36047024800,0.6923766816143497
538,36047024900,0.8247582205029014
539,36047025000,0.7413441955193483
540,36047025100,0.7955736750145603
541,36047025200,0.7164579606440071
542,36047025300,0.8419243986254296
543,36047025400,0.5805471124620061
544,36047025500,0.8125695216907676
545,36047025600,0.6790513833992095
546,36047025700,0.7028928850664582
547,36047025800,0.7175763645468203
548,36047025901,0.8570219966159053
549,36047025902,0.789044289044289
550,36047026000,0.69164265129683
551,36047026100,0.8355609558525718
552,36047026200,0.5711711711711712
553,36047026300,0.8541458541458542
554,36047026400,0.7255244755244755
555,36047026500,0.7794253938832252
556,36047026600,0.7610729881472239
557,36047026700,0.7601605619668841
558,36047026800,0.630524152106886
559,36047026900,0.7521160822249093
560,36047027000,0.6200956937799043
561,36047027100,0.6478571428571429
562,36047027200,0.7125435540069687
563,36047027300,0.7061143984220908
564,36047027400,0.6123295791345584
565,36047027500,0.7866388308977036
566,36047027600,0.7153720803910918
567,36047027700,0.8020937188434696
568,36047027800,0.7855877141169522
569,36047027900,0.6993957703927492
570,36047028000,0.6298405466970387
571,36047028100,0.7900954111767379
572,36047028200,0.5657142857142857
573,36047028300,0.7533632286995515
574,36047028400,0.5992462311557789
575,36047028501,0.9702602230483272
576,36047028502,0.8406546080964685
577,36047028600,0.6759376316898441
578,36047028700,0.7929078014184398
579,36047028800,0.7245604688332445
580,36047028900,0.6537785588752196
581,36047029000,0.6730769230769231
582,36047029100,0.7874720357941835
583,36047029200,0.7448529411764706
584,36047029300,0.7699443413729128
585,36047029400,0.7327586206896551
586,36047029500,0.774390243902439
587,36047029600,0.7509622786759046
588,36047029700,0.6830553116769096
589,36047029800,0.5912043978010995
590,36047029900,0.8388704318936877
591,36047030000,0.7674058793192368
592,36047030100,0.7793103448275862
593,36047030200,0.6720484359233098
594,36047030300,0.7948038176033935
595,36047030400,0.6088289393010423
596,36047030500,0.8545045045045045
597,36047030600,0.6616438356164384
598,36047030700,0.7404255319148936
599,36047030800,0.6397350993377483
600,36047030900,0.7395736793327155
601,36047031100,0.8394557823129252
602,36047031300,0.7902772197669747
603,36047031400,0.49744245524296676
604,36047031500,0.789929441949968
605,36047031701,0.7870036101083032
606,36047031702,0.8209104552276139
607,36047031900,0.9032476319350473
608,36047032100,0.8264462809917356
609,36047032300,0.7457440966501923
610,36047032500,0.8596590909090909
611,36047032600,0.8731735827001753
612,36047032700,0.8560606060606061
613,36047032800,0.7051020408163265
614,36047032900,0.8708171206225681
615,36047033000,0.5489864864864865
616,36047033100,0.6724719101123595
617,36047033300,0.6595744680851063
618,36047033500,0.7743702081051479
619,36047033600,0.4163685152057245
620,36047033700,0.5585530349478848
621,36047033900,0.7694470477975632
622,36047034000,0.5742296918767507
623,36047034100,0.7875793930839803
624,36047034200,0.6515625
625,36047034300,0.8630573248407644
626,36047034500,0.7341692789968652
627,36047034700,0.9296875
628,36047034800,0.68984375
629,36047034900,0.829008176324209
630,36047035000,0.5712309820193637
631,36047035100,0.8213825676255904
632,36047035200,0.7681159420289855
633,36047035300,0.7269598470363289
634,36047035400,0.7129745515227367
635,36047035500,0.7488057324840764
636,36047035601,0.6462212486308871
637,36047035602,0.5818327330932372
638,36047035700,0.8468271334792122
639,36047035900,0.8398157625383829
640,36047036001,0.7052238805970149
641,36047036002,0.7852512155591572
642,36047036100,0.8488943488943489
643,36047036200,0.6975273145485912
644,36047036300,0.7955625990491284
645,36047036400,0.7642553191489362
646,36047036501,0.6679506933744221
647,36047036502,0.6448598130841121
648,36047036600,0.6976331360946746
649,36047036700,0.9097320169252469
650,36047036900,0.7682227682227682
651,36047037000,0.5543478260869565
652,36047037100,0.7805212620027435
653,36047037300,0.8789836347975882
654,36047037401,0.6180520142784294
655,36047037402,0.6263537906137184
656,36047037500,0.707345971563981
657,36047037700,0.7029858564693556
658,36047037900,0.7000447027268664
659,36047038100,0.7556497175141242
660,36047038200,0.8604780433574208
661,36047038300,0.7980008329862557
662,36047038500,0.8369920597851471
663,36047038600,0.6266846361185984
664,36047038700,0.8167735042735043
665,36047038800,0.5591160220994476
666,36047038900,0.7820914214151534
667,36047039000,0.5023201856148491
668,36047039100,0.8295511850731215
669,36047039200,0.5094488188976378
670,36047039300,0.8439092172301992
671,36047039400,0.5268505079825835
672,36047039500,0.7662125340599455
673,36047039600,0.4454664914586071
674,36047039700,0.7109692396982008
675,36047039800,0.7166793602437167
676,36047039900,0.8125960061443932
677,36047040000,0.6251682368775235
678,36047040100,0.755387303436226
679,36047040200,0.6378066378066378
680,36047040300,0.8383267382702092
681,36047040400,0.5065387968613775
682,36047040500,0.8676307007786429
683,36047040600,0.75
684,36047040700,0.0
685,36047040800,0.7143691588785047
686,36047040900,0.826204656199242
687,36047041000,0.6280400572246065
688,36047041100,0.8166776968894772
689,36047041200,0.6814946619217082
690,36047041300,0.6941772151898734
691,36047041401,0.5263157894736842
692,36047041402,0.44662921348314605
693,36047041500,0.6609141791044776
694,36047041600,0.5532879818594104
695,36047041700,0.7732942039618489
696,36047041800,0.6292875989445911
697,36047041900,0.7584994138335287
698,36047042000,0.48825503355704697
699,36047042100,0.8190836088804913
700,36047042200,0.6662444585180494
701,36047042300,0.8157086441421676
702,36047042400,0.7034700315457413
703,36047042500,0.8527327935222672
704,36047042600,0.7788649706457925
705,36047042700,0.8806356245380635
706,36047042800,0.615339233038348
707,36047042900,0.9193213296398892
708,36047043000,0.7383177570093458
709,36047043100,0.8597402597402597
710,36047043200,0.7070904645476772
711,36047043300,0.7755662319835278
712,36047043400,0.7718078381795196
713,36047043500,0.7533358749523447
714,36047043600,0.5963855421686747
715,36047043700,0.7497674418604651
716,36047043800,0.647005444646098
717,36047043900,0.8501510574018127
718,36047044000,0.550259067357513
719,36047044100,0.7265112891478515
720,36047044200,0.4801192842942346
721,36047044300,0.804953560371517
722,36047044400,0.45414847161572053
723,36047044500,0.7819905213270142
724,36047044600,0.6798603026775321
725,36047044700,0.8809160305343512
726,36047044800,0.5747800586510264
727,36047044900,0.8844221105527639
728,36047045000,0.6893617021276596
729,36047045200,0.4989247311827957
730,36047045300,0.7925824175824175
731,36047045400,0.5403556771545828
732,36047045600,0.5655737704918032
733,36047045800,0.5020325203252033
734,36047046000,0.608728943338438
735,36047046201,0.591861898890259
736,36047046202,0.4986376021798365
737,36047046400,0.5367298578199052
738,36047046800,0.4554294975688817
739,36047047000,0.4182027649769585
740,36047047200,0.5366528354080221
741,36047047400,0.6567375886524822
742,36047047600,0.5470653377630121
743,36047047700,0.8483904465212876
744,36047047800,0.6664516129032259
745,36047048000,0.7444682369735903
746,36047048100,0.8472222222222222
747,36047048200,0.6810860561435803
748,36047048400,0.6255506607929515
749,36047048500,0.806965761511216
750,36047048600,0.6859574468085107
751,36047048800,0.6175726927939317
752,36047048900,0.8947368421052632
753,36047049000,0.7862171174509077
754,36047049100,0.7688106796116505
755,36047049200,0.5883905013192612
756,36047049300,0.8294573643410853
757,36047049400,0.711070110701107
758,36047049500,0.8207217694994179
759,36047049600,0.7775024777006938
760,36047049700,0.7614445574771109
761,36047049800,0.75139146567718
762,36047049900,0.7668665667166417
763,36047050000,0.775630703166935
764,36047050100,0.8465767116441779
765,36047050202,0.7615686274509804
766,36047050300,0.8029582673005811
767,36047050400,0.7714821763602251
768,36047050500,0.9210663878724517
769,36047050600,0.7142857142857143
770,36047050700,0.7198838896952104
771,36047050801,0.8933612127548354
772,36047050803,0.8777524677296887
773,36047050804,0.7817886178861788
774,36047050900,0.738819320214669
775,36047051001,0.8884892086330936
776,36047051002,0.8501406187223784
777,36047051100,0.8181818181818182
778,36047051200,0.8336783988957902
779,36047051300,0.8384697130712009
780,36047051400,0.707094418362024
781,36047051500,0.8641153632834165
782,36047051601,0.7410387710314558
783,36047051602,0.6731813246471227
784,36047051700,0.8911051212938005
785,36047051800,0.7482352941176471
786,36047051900,0.9114788547412661
787,36047052000,0.7710651828298887
788,36047052300,0.841820987654321
789,36047052500,0.7898671096345515
790,36047052600,0.8168232280102476
791,36047052700,0.8740554156171285
792,36047052800,0.6493506493506493
793,36047052900,0.7738446411012783
794,36047053000,0.61254851228978
795,36047053100,0.7492460146488582
796,36047053200,0.682842287694974
797,36047053300,0.7233065442020666
798,36047053400,0.5591007976794778
799,36047053500,0.7568555758683729
800,36047053700,0.7382319173363949
801,36047053800,0.7074742268041238
802,36047053900,0.6428571428571429
803,36047054200,0.6341040462427746
804,36047054300,0.48497854077253216
805,36047054400,0.5902439024390244
806,36047054500,0.7351290684624018
807,36047054600,0.5962984384037016
808,36047054700,0.7450462351387054
809,36047054800,0.5609397944199707
810,36047054900,0.7924600152322925
811,36047055000,0.6706827309236948
812,36047055100,0.7690067939178259
813,36047055200,0.6762936221419976
814,36047055300,0.850381679389313
815,36047055400,0.6647509578544061
816,36047055500,0.8056338028169014
817,36047055600,0.5880701754385965
818,36047055700,0.86015625
819,36047055800,0.5580645161290323
820,36047056000,0.509405568096313
821,36047056100,0.8404301075268817
822,36047056200,0.5045454545454545
823,36047056300,0.8186631369953673
824,36047056400,0.48658008658008656
825,36047056500,0.7664848785324739
826,36047056600,0.5372378886478669
827,36047056800,0.5673940949935815
828,36047056900,0.8330536912751678
829,36047057000,0.47549909255898365
830,36047057100,0.8451536643026005
831,36047057200,0.6144896879957694
832,36047057300,0.7428236672524897
833,36047057400,0.5316070068545317
834,36047057500,0.7522226517201391
835,36047057600,0.7046263345195729
836,36047057800,0.5955056179775281
837,36047057900,0.9100817438692098
838,36047058000,0.7221366204417052
839,36047058200,0.6140637775960752
840,36047058400,0.648859543817527
841,36047058600,0.6347626339969372
842,36047058800,0.6184049079754601
843,36047058900,0.7381443298969073
844,36047059000,0.6871165644171779
845,36047059100,0.754739814441307
846,36047059200,0.5690399137001079
847,36047059300,0.7059301380991064
848,36047059401,0.6784480467711932
849,36047059402,0.5902621722846442
850,36047059600,0.5574468085106383
851,36047059800,0.45258375922771155
852,36047060000,0.5477259966311061
853,36047060600,0.653012048192771
854,36047060800,0.4756986634264885
855,36047061002,0.6297996661101837
856,36047061003,0.8205128205128205
857,36047061004,0.6804828973843058
858,36047061200,0.4480769230769231
859,36047061600,0.32134831460674157
860,36047062000,0.33816425120772947
861,36047062200,0.30424528301886794
862,36047062600,0.5558739255014327
863,36047062800,0.3161111111111111
864,36047063200,0.4707692307692308
865,36047063600,0.48756218905472637
866,36047063800,0.4723092998955068
867,36047064000,0.41492146596858637
868,36047064200,0.40066592674805773
869,36047064400,0.4977738201246661
870,36047064600,0.40324594257178525
871,36047064800,0.36267232237539765
872,36047065000,0.41119221411192214
873,36047065200,0.2616033755274262
874,36047065400,0.4653130287648054
875,36047065600,0.4411764705882353
876,36047065800,0.3800243605359318
877,36047066000,0.28
878,36047066200,0.45022288261515603
879,36047066600,0.0
880,36047067000,0.5253893026404874
881,36047067200,0.49622166246851385
882,36047067400,0.5555555555555556
883,36047067600,0.5550660792951542
884,36047067800,0.5432900432900433
885,36047068000,0.5885167464114832
886,36047068200,0.5003174603174603
887,36047068600,0.4489311163895487
888,36047068800,0.5093399750933998
889,36047069000,0.6782039289055192
890,36047069200,0.4802146210596915
891,36047069601,0.42684331797235026
892,36047069602,0.333731581043409
893,36047069800,0.29362880886426596
894,36047070000,0.2556291390728477
895,36047070201,0.2273371104815864
896,36047070202,0.5
897,36047070203,0.0
898,36047070600,0.13013168086754454
899,36047072000,0.5496489468405216
900,36047072200,0.5885668276972624
901,36047072400,0.46853932584269664
902,36047072600,0.6418338108882522
903,36047072800,0.601823708206687
904,36047073000,0.571290944123314
905,36047073200,0.5364891518737672
906,36047073400,0.6026315789473684
907,36047073600,0.6138211382113821
908,36047073800,0.580463368816531
909,36047074000,0.596228508042152
910,36047074200,0.5372549019607843
911,36047074400,0.35223555070883317
912,36047074600,0.4942119323241318
913,36047074800,0.41045751633986927
914,36047075000,0.5381882770870338
915,36047075200,0.35152838427947597
916,36047075400,0.3333333333333333
917,36047075600,0.44339622641509435
918,36047075800,0.6100840336134454
919,36047076000,0.602996254681648
920,36047076200,0.6443768996960486
921,36047076400,0.7639686684073107
922,36047076600,0.7720739219712526
923,36047076800,0.533852140077821
924,36047077000,0.5980538922155688
925,36047077200,0.5939803439803439
926,36047077400,0.6596130592503023
927,36047077600,0.6630602782071098
928,36047078000,0.6660516605166051
929,36047078200,0.790112749349523
930,36047078400,0.5968722849695917
931,36047078600,0.7212069698257544
932,36047078800,0.826170622193714
933,36047079000,0.8056057866184448
934,36047079200,0.7675931401537551
935,36047079400,0.672258064516129
936,36047079601,0.8058017727639001
937,36047079602,0.8295365278868814
938,36047079801,0.7531820697288323
939,36047079802,0.8495115995115995
940,36047080000,0.6812705366922235
941,36047080200,0.72818063395571
942,36047080400,0.7463164638052531
943,36047080600,0.8106107341147439
944,36047080800,0.9084507042253521
945,36047081000,0.6707431796801505
946,36047081400,0.6863270777479893
947,36047081600,0.7558991049633849
948,36047081800,0.7824054398640033
949,36047082000,0.7881944444444444
950,36047082200,0.855686274509804
951,36047082400,0.8043178686265503
952,36047082600,0.7401343408900084
953,36047082800,0.7902600996126176
954,36047083000,0.7682807929801755
955,36047083200,0.5127931769722814
956,36047083400,0.5616083009079118
957,36047083600,0.592929292929293
958,36047083800,0.4880611270296084
959,36047084000,0.5795677799607073
960,36047084600,0.5041518386714117
961,36047084800,0.6330845771144279
962,36047085000,0.5279878971255674
963,36047085200,0.6875
964,36047085400,0.6645962732919255
965,36047085600,0.7744034707158352
966,36047085800,0.6309963099630996
967,36047086000,0.58105147864184
968,36047086200,0.625
969,36047086400,0.6921029281277729
970,36047086600,0.6725228390723823
971,36047086800,0.7798701298701298
972,36047087000,0.5911901081916537
973,36047087200,0.6432090077410274
974,36047087401,0.8188405797101449
975,36047087600,0.6742323097463284
976,36047087800,0.7066219614417435
977,36047088000,0.5216049382716049
978,36047088200,0.6872037914691943
979,36047088400,0.7781201848998459
980,36047088600,0.6891252955082743
981,36047088800,0.6202970297029703
982,36047089000,0.8156831042845594
983,36047089200,0.832632464255677
984,36047089400,0.7852998065764023
985,36047089600,0.7410358565737052
986,36047089800,0.8333333333333334
987,36047090000,0.8147157190635451
988,36047090200,0.7644694533762058
989,36047090600,0.827262044653349
990,36047090800,0.8880258899676375
991,36047091000,0.843065693430657
992,36047091200,0.8403068340306834
993,36047091600,0.6522476675148431
994,36047091800,0.6078431372549019
995,36047092000,0.7803234501347709
996,36047092200,0.6084049665711557
997,36047092400,0.7665148063781321
998,36047092800,0.6746666666666666
999,36047093000,0.5886871508379888
1000,36047093200,0.6619144602851323
1001,36047093400,0.6459677419354839
1002,36047093600,0.6301369863013698
1003,36047093800,0.5770348837209303
1004,36047094401,0.5473372781065089
1005,36047094402,0.765295887662989
1006,36047094600,0.60062893081761
1007,36047095000,0.617231638418079
1008,36047095400,0.5730389854391733
1009,36047095600,0.6462306993642144
1010,36047095800,0.6265895953757226
1011,36047096000,0.0
1012,36047096200,0.6186152099886493
1013,36047096400,0.6164519326065411
1014,36047096600,0.6190102120974077
1015,36047096800,0.5229357798165137
1016,36047097000,0.7091412742382271
1017,36047097400,0.5768888888888889
1018,36047098200,0.7450832072617246
1019,36047098400,0.604089219330855
1020,36047098600,0.5675477239353891
1021,36047098800,0.5730129390018485
1022,36047099000,0.4776444929116685
1023,36047099200,0.5294117647058824
1024,36047099400,0.6713483146067416
1025,36047099600,0.5559228650137741
1026,36047099800,0.5038126361655774
1027,36047100400,0.5474683544303798
1028,36047100600,0.5858352578906851
1029,36047100800,0.5538922155688623
1030,36047101000,0.5721784776902887
1031,36047101200,0.6088105726872247
1032,36047101400,0.5399628252788105
1033,36047101600,0.5527638190954773
1034,36047101800,0.31835205992509363
1035,36047102000,0.414041404140414
1036,36047102200,0.5161588180978762
1037,36047102400,0.6049495875343721
1038,36047102600,0.4306569343065693
1039,36047102800,0.4487704918032787
1040,36047103400,0.6539792387543253
1041,36047105801,0.7127991675338189
1042,36047105804,0.64453125
1043,36047107000,0.6124234470691163
1044,36047107800,0.7594123048668503
1045,36047109800,0.7897286821705426
1046,36047110400,0.6549100968188105
1047,36047110600,0.8356545961002786
1048,36047111000,0.851619644723093
1049,36047111600,0.6990595611285266
1050,36047111800,0.5215654952076677
1051,36047112000,0.6783719074221868
1052,36047112200,0.8233510235026535
1053,36047112400,0.6033690658499234
1054,36047112600,0.7321048901488306
1055,36047112800,0.6339222614840989
1056,36047113000,0.692167577413479
1057,36047113200,0.6742671009771987
1058,36047113400,0.8619367209971237
1059,36047114201,0.5319148936170213
1060,36047114202,0.6394658753709199
1061,36047114400,0.7457475380483438
1062,36047114600,0.7748240813135262
1063,36047115000,0.6908431550317317
1064,36047115200,0.6873406966864911
1065,36047115600,0.75177304964539
1066,36047115800,0.7690839694656488
1067,36047116000,0.624
1068,36047116200,0.6223776223776224
1069,36047116400,0.6931330472103004
1070,36047116600,0.7955292570677186
1071,36047116800,0.7213114754098361
1072,36047117000,0.7900146842878121
1073,36047117201,0.6316279069767442
1074,36047117202,0.7329512893982808
1075,36047117400,0.7829124126813541
1076,36047117601,0.7373527373527373
1077,36047117602,0.7231686541737649
1078,36047117800,0.6473429951690821
1079,36047118000,0.0
1080,36047118201,0.5878084179970973
1081,36047118202,0.708479327259986
1082,36047118400,0.7462894248608535
1083,36047118600,0.6350931677018633
1084,36047118800,0.7319422150882825
1085,36047119000,0.8242924528301887
1086,36047119200,0.7292780748663101
1087,36047119400,0.6717417783191231
1088,36047119600,0.621371476651241
1089,36047119800,0.7044776119402985
1090,36047120000,0.7521551724137931
1091,36047120200,0.6959654178674352
1092,36047120800,0.6852843662331038
1093,36047121000,0.8416578108395324
1094,36047121400,0.7978003384094755
1095,36047122000,0.5439400249895877
1096,36047123700,0.6527472527472528
1097,36047150200,0.7171581769436998
1098,36047152200,0.6024481106971793
1099,36047990100,0.0
1100,36061000100,0.0
1101,36061000201,0.7866795366795367
1102,36061000202,0.7414330218068536
1103,36061000500,0.0
1104,36061000600,0.8905807365439093
1105,36061000700,0.9327793441163378
1106,36061000800,0.7523856129190115
1107,36061000900,0.7850609756097561
1108,36061001001,0.8157894736842105
1109,36061001002,0.9908361970217641
1110,36061001200,0.7896457765667575
1111,36061001300,0.8600944510035419
1112,36061001401,0.8432465923172243
1113,36061001402,0.9074333800841514
1114,36061001501,0.8091160916645681
1115,36061001502,0.8805868304332992
1116,36061001600,0.818885910038725
1117,36061001800,0.8020531718873388
1118,36061002000,0.8730025231286795
1119,36061002100,0.8671540206705319
1120,36061002201,0.8215277777777777
1121,36061002202,0.9329569513055752
1122,36061002400,0.8997050147492626
1123,36061002500,0.735885788449059
1124,36061002601,0.8349339735894358
1125,36061002602,0.850907686365392
1126,36061002700,0.9629629629629629
1127,36061002800,0.9015892420537898
1128,36061002900,0.8222336065573771
1129,36061003001,0.9223555888972244
1130,36061003002,0.8610624635143024
1131,36061003100,0.8845861807137434
1132,36061003200,0.8589630931458699
1133,36061003300,0.7406052544063851
1134,36061003400,0.8438262567105905
1135,36061003601,0.8847392144236961
1136,36061003602,0.8120300751879699
1137,36061003700,0.7874015748031497
1138,36061003800,0.8811438784629133
1139,36061003900,0.6822173435784852
1140,36061004000,0.8715305313243458
1141,36061004100,0.8902912621359224
1142,36061004200,0.8225867989317055
1143,36061004300,0.8301030927835051
1144,36061004400,0.868886794428736
1145,36061004500,0.6615969581749049
1146,36061004700,0.7287009063444109
1147,36061004800,0.8869276029675108
1148,36061004900,0.7488471089038666
1149,36061005000,0.8106435643564357
1150,36061005200,0.7196702002355713
1151,36061005400,0.8615819209039548
1152,36061005501,0.8796934865900383
1153,36061005502,0.8318014705882353
1154,36061005600,0.8411405295315683
1155,36061005700,0.8248484848484848
1156,36061005800,0.8766954377311961
1157,36061005900,0.7997967479674797
1158,36061006000,0.7948313898518752
1159,36061006100,0.808997955010225
1160,36061006200,0.9030511811023622
1161,36061006300,0.7692895339954163
1162,36061006400,0.7976675305442429
1163,36061006500,0.8696205755029285
1164,36061006600,0.8331356267299328
1165,36061006700,0.8136946527945802
1166,36061006800,0.85625
1167,36061006900,0.6687074829931973
1168,36061007000,0.8856456678366894
1169,36061007100,0.7990919409761634
1170,36061007200,0.9030396306271643
1171,36061007300,0.8024090210148642
1172,36061007400,0.8887817422050788
1173,36061007500,0.6784394250513347
1174,36061007600,0.9168937329700273
1175,36061007700,0.786268516341406
1176,36061007800,0.8428980268112668
1177,36061007900,0.6167820069204152
1178,36061008000,0.7976291278577476
1179,36061008100,0.7912749153817225
1180,36061008200,0.7948825503355704
1181,36061008300,0.8629213483146068
1182,36061008400,0.8441660140955364
1183,36061008601,0.7979274611398963
1184,36061008602,0.0
1185,36061008603,0.6840579710144927
1186,36061008700,0.8800891229491594
1187,36061008800,0.7307126340130334
1188,36061008900,0.8368312148980195
1189,36061009000,0.8761746821448314
1190,36061009100,0.8670634920634921
1191,36061009200,0.8552188552188552
1192,36061009300,0.8545688545688546
1193,36061009400,0.8181818181818182
1194,36061009500,0.7923497267759563
1195,36061009600,0.9559748427672956
1196,36061009700,0.9042307692307693
1197,36061009800,0.7803379416282642
1198,36061009900,0.7260703878054248
1199,36061010000,0.8893409275834011
1200,36061010100,0.8831437435367114
1201,36061010200,0.6031746031746031
1202,36061010300,0.8461538461538461
1203,36061010400,0.8189806678383128
1204,36061010601,0.754731656728027
1205,36061010602,0.7817643186306781
1206,36061010800,0.80836820083682
1207,36061010900,0.9494949494949495
1208,36061011000,0.8478937538908488
1209,36061011100,0.9127151917849592
1210,36061011201,0.8599221789883269
1211,36061011202,0.8565573770491803
1212,36061011203,0.7328467153284671
1213,36061011300,1.0
1214,36061011401,0.6053130929791272
1215,36061011402,0.8314833501513622
1216,36061011500,0.8642770841723721
1217,36061011600,0.8338643604915794
1218,36061011700,0.7947716346153846
1219,36061011800,0.8163338729987408
1220,36061011900,0.6728723404255319
1221,36061012000,0.6708151835718731
1222,36061012100,0.910718045904401
1223,36061012200,0.6107249255213505
1224,36061012400,0.8132510013351135
1225,36061012500,0.8617343844754397
1226,36061012600,0.7011843790012804
1227,36061012700,0.8434468327943694
1228,36061012800,0.5591656638588046
1229,36061012900,0.815068493150685
1230,36061013000,0.611254851228978
1231,36061013100,0.843186372745491
1232,36061013200,0.7786069651741293
1233,36061013300,0.8365472910927456
1234,36061013400,0.7387142857142858
1235,36061013500,0.7570042116828419
1236,36061013600,0.7452345255943457
1237,36061013700,0.8587424633936261
1238,36061013800,0.8534651049292338
1239,36061013900,0.8216138328530259
1240,36061014000,0.7412441191845269
1241,36061014200,0.6965918536990856
1242,36061014300,0.0
1243,36061014401,0.8151973441534489
1244,36061014402,0.7240896358543417
1245,36061014500,0.7594202898550725
1246,36061014601,0.8686084142394822
1247,36061014602,0.821769573520051
1248,36061014700,0.8053777208706786
1249,36061014801,0.7898130238555771
1250,36061014802,0.8031746031746032
1251,36061014900,0.7146932952924394
1252,36061015001,0.7370441458733206
1253,36061015002,0.5736505032021958
1254,36061015100,0.7675493905002102
1255,36061015200,0.7439024390243902
1256,36061015300,0.7019513991163475
1257,36061015400,0.8366942534094883
1258,36061015500,0.8266778523489933
1259,36061015601,0.8628266033254157
1260,36061015602,0.8757875787578758
1261,36061015700,0.7532777115613826
1262,36061015801,0.7258273848150552
1263,36061015802,0.8988188976377953
1264,36061015900,0.7361505681818182
1265,36061016001,0.5750591016548463
1266,36061016002,0.7955097087378641
1267,36061016100,0.7743091095189355
1268,36061016200,0.8654781199351702
1269,36061016300,0.7879815846862127
1270,36061016400,0.8365019011406845
1271,36061016500,0.7672872340425532
1272,36061016600,0.9033095392602206
1273,36061016700,0.7734682405845981
1274,36061016800,0.8156467854376452
1275,36061016900,0.738939816660024
1276,36061017000,0.8677662845960302
1277,36061017100,0.8537284894837476
1278,36061017200,0.8629032258064516
1279,36061017300,0.747139855241653
1280,36061017401,0.8429639700883752
1281,36061017402,0.8579638752052545
1282,36061017500,0.7629837909361561
1283,36061017700,0.7693439865433137
1284,36061017800,0.8237864077669903
1285,36061017900,0.7508926696072253
1286,36061018000,0.8881905391994708
1287,36061018100,0.801123069723912
1288,36061018200,0.9029159519725557
1289,36061018300,0.7703553756185335
1290,36061018400,0.8658589355257464
1291,36061018500,0.8098522167487685
1292,36061018600,0.857630979498861
1293,36061018700,0.7496691662990737
1294,36061018800,0.7928571428571428
1295,36061018900,0.8584825234441603
1296,36061019000,0.8045154185022027
1297,36061019100,0.8625217223402201
1298,36061019200,0.8462732919254659
1299,36061019300,0.8335011073082343
1300,36061019400,0.895984518626028
1301,36061019500,0.8208769307424016
1302,36061019600,0.8175487465181058
1303,36061019701,0.7217391304347827
1304,36061019702,0.8911290322580645
1305,36061019800,0.842809364548495
1306,36061019900,0.8135759960649287
1307,36061020000,0.7172449508026929
1308,36061020101,0.7876923076923077
1309,36061020102,0.8256564786913474
1310,36061020300,0.7712609970674487
1311,36061020500,0.7922727272727272
1312,36061020600,0.8638709677419355
1313,36061020701,0.8974729241877256
1314,36061020800,0.7153234175025942
1315,36061020901,0.8816295157571099
1316,36061021000,0.85177623519804
1317,36061021100,0.7644755821141562
1318,36061021200,0.7573099415204678
1319,36061021303,0.8516615279205207
1320,36061021400,0.7745202558635395
1321,36061021500,0.830393487109905
1322,36061021600,0.8057255244755245
1323,36061021703,1.0
1324,36061021800,0.8157240522063394
1325,36061021900,0.7939097335508428
1326,36061022000,0.8102652825836217
1327,36061022102,0.7786163522012579
1328,36061022200,0.7778561354019746
1329,36061022301,0.8690210102816271
1330,36061022302,0.9143454038997214
1331,36061022400,0.8198013018156903
1332,36061022500,0.7816091954022989
1333,36061022600,0.7933363349842414
1334,36061022700,0.8673578834465498
1335,36061022800,0.864326375711575
1336,36061022900,0.8628196998520398
1337,36061023000,0.8314752398236972
1338,36061023100,0.8624803060994823
1339,36061023200,0.8861333333333333
1340,36061023300,0.8749119924900258
1341,36061023400,0.8867783985102421
1342,36061023501,0.8452234016292274
1343,36061023502,0.8736462093862816
1344,36061023600,0.8910277324632953
1345,36061023700,0.8318482322506467
1346,36061023801,0.8731487443657437
1347,36061023802,0.7989276139410187
1348,36061023900,0.7807829181494662
1349,36061024000,0.9848484848484849
1350,36061024100,0.8245033112582781
1351,36061024200,0.8558606124604012
1352,36061024301,0.805975941016686
1353,36061024302,0.7819244604316546
1354,36061024500,0.8748681434599156
1355,36061024700,0.80411407199626
1356,36061024900,0.7531446540880503
1357,36061025100,0.8815426997245179
1358,36061025300,0.8553935860058309
1359,36061025500,0.8084341288002616
1360,36061025700,0.8365844681634156
1361,36061025900,0.7856529209621993
1362,36061026100,0.7796445880452343
1363,36061026300,0.7994313210848644
1364,36061026500,0.8217257993867718
1365,36061026700,0.7435233160621761
1366,36061026900,0.7989913544668588
1367,36061027100,0.8010114335971856
1368,36061027300,0.8074110190151146
1369,36061027500,0.7144463181562676
1370,36061027700,0.8902991840435177
1371,36061027900,0.8011461318051576
1372,36061028100,0.781267217630854
1373,36061028300,0.8740410789408563
1374,36061028500,0.846071619454837
1375,36061028700,0.8207547169811321
1376,36061029100,0.8288900505314515
1377,36061029300,0.7424341389070325
1378,36061029500,0.7903428093645485
1379,36061029700,0.0
1380,36061029900,0.7495812395309883
1381,36061030300,0.8073654390934845
1382,36061030700,0.7093266415725638
1383,36061030900,0.7166979362101313
1384,36061031100,0.0
1385,36061031703,0.8304073033707865
1386,36061031704,0.8224753227031132
1387,36061031900,0.0
1388,36081000100,0.8619561661759896
1389,36081000200,0.6056166056166056
1390,36081000400,0.638560411311054
1391,36081000600,0.556745182012848
1392,36081000700,0.833810888252149
1393,36081000800,0.5726807888970051
1394,36081001000,0.7279661016949153
1395,36081001200,0.5626373626373626
1396,36081001400,0.6216470588235294
1397,36081001600,0.7199055861526357
1398,36081001800,0.6645833333333333
1399,36081001900,0.8349328214971209
1400,36081002000,0.6718377088305489
1401,36081002200,0.5341296928327645
1402,36081002400,0.599406528189911
1403,36081002500,0.8837597330367074
1404,36081002600,0.5176125244618396
1405,36081002800,0.5631188118811881
1406,36081003000,0.4429065743944637
1407,36081003100,0.8395802098950524
1408,36081003200,0.5728900255754475
1409,36081003300,0.8553321678321678
1410,36081003400,0.49293119698397736
1411,36081003600,0.5449469570072585
1412,36081003700,0.0
1413,36081003800,0.5689922480620155
1414,36081003900,0.7031019202363368
1415,36081004001,0.6444232602478551
1416,36081004002,0.7385714285714285
1417,36081004200,0.6368593238822247
1418,36081004300,0.6924778761061947
1419,36081004401,0.5250162443144899
1420,36081004500,0.7388663967611336
1421,36081004700,0.912528216704289
1422,36081005000,0.3333333333333333
1423,36081005100,0.7969072164948454
1424,36081005200,0.6549468520032706
1425,36081005300,0.9217214503558115
1426,36081005400,0.5845525689009867
1427,36081005500,0.6555555555555556
1428,36081005700,0.8006366892160764
1429,36081005800,0.5
1430,36081005900,0.7473684210526316
1431,36081006100,0.8880393227744402
1432,36081006201,0.5163216560509554
1433,36081006202,0.42639773531493275
1434,36081006300,0.8961303462321792
1435,36081006501,0.8265795206971678
1436,36081006502,0.8643410852713178
1437,36081006900,0.8207171314741036
1438,36081007100,0.8606921029281278
1439,36081007300,0.8505701926858041
1440,36081007500,0.755398854120758
1441,36081007700,0.8089233753637245
1442,36081007900,0.7654929577464789
1443,36081008100,0.6740547588005215
1444,36081008300,0.724031007751938
1445,36081008500,0.6144578313253012
1446,36081008600,0.46238130021913804
1447,36081008700,0.7126213592233009
1448,36081008800,0.4636065573770492
1449,36081009100,0.7019230769230769
1450,36081009400,0.6628099173553719
1451,36081009500,0.8020565552699229
1452,36081009600,0.3798017348203222
1453,36081009700,0.7294117647058823
1454,36081009800,0.5279747832939322
1455,36081009900,0.0
1456,36081010000,0.529835390946502
1457,36081010100,0.6347438752783965
1458,36081010200,0.5625
1459,36081010300,0.6796078431372549
1460,36081010400,0.6501950585175552
1461,36081010500,0.6530330882352942
1462,36081010600,0.607789358200768
1463,36081010701,0.0
1464,36081010800,0.6029593094944513
1465,36081011000,0.6581986143187067
1466,36081011100,0.7770163415919874
1467,36081011200,0.5560165975103735
1468,36081011300,0.7586337760910816
1469,36081011400,0.4880694143167028
1470,36081011500,0.6908244680851063
1471,36081011600,0.5843806104129264
1472,36081011700,0.7561929595827901
1473,36081011800,0.48484848484848486
1474,36081011900,0.7882736156351792
1475,36081012000,0.5021795989537925
1476,36081012100,0.6698564593301436
1477,36081012200,0.5263852242744064
1478,36081012301,0.7238278741168914
1479,36081012400,0.5707317073170731
1480,36081012500,0.8015794669299111
1481,36081012601,0.6989090909090909
1482,36081012602,0.6491228070175439
1483,36081012800,0.6004983388704319
1484,36081013000,0.5248990578734859
1485,36081013200,0.5167464114832536
1486,36081013400,0.667577058134998
1487,36081013500,0.44982698961937717
1488,36081013600,0.623991935483871
1489,36081013700,0.6763565891472868
1490,36081013800,0.6958845537145911
1491,36081014000,0.5280960174577196
1492,36081014100,0.8195020746887967
1493,36081014201,0.5873836608066184
1494,36081014202,0.6674737691686844
1495,36081014300,0.7602611940298507
1496,36081014400,0.5176010430247718
1497,36081014500,0.6715265866209262
1498,36081014700,0.7154912597950572
1499,36081014800,0.5756578947368421
1500,36081014900,0.8597510373443984
1501,36081015000,0.5911365260900643
1502,36081015100,0.8078155028827675
1503,36081015200,0.526395173453997
1504,36081015300,0.7985725614591594
1505,36081015400,0.5933054393305439
1506,36081015500,0.7609692206941716
1507,36081015600,0.6396648044692738
1508,36081015700,0.8891891891891892
1509,36081015801,0.4146341463414634
1510,36081015802,0.5841816758026624
1511,36081015900,0.8259753593429158
1512,36081016100,0.8518518518518519
1513,36081016300,0.8481228668941979
1514,36081016400,0.48940036341611143
1515,36081016600,0.6271023546371937
1516,36081016800,0.5470588235294118
1517,36081016900,0.7280163599182005
1518,36081017000,0.475448168355417
1519,36081017100,0.7142857142857143
1520,36081017200,0.4564732142857143
1521,36081017400,0.4267631103074141
1522,36081017600,0.5585106382978723
1523,36081017800,0.4302554027504912
1524,36081017900,0.6809917355371901
1525,36081018000,0.4623115577889447
1526,36081018101,0.8621022179363549
1527,36081018102,0.8231098430813124
1528,36081018200,0.4278728606356968
1529,36081018300,0.7770014556040757
1530,36081018401,0.52431906614786
1531,36081018402,0.41866913123844735
1532,36081018501,0.6965002868617326
1533,36081018502,0.8278765201122544
1534,36081018600,0.529335071707953
1535,36081018700,0.7296137339055794
1536,36081018800,0.46465968586387435
1537,36081018900,0.6666666666666666
1538,36081019000,0.44191714053614944
1539,36081019200,0.45143487858719644
1540,36081019400,0.390847711927982
1541,36081019600,0.5938287153652393
1542,36081019800,0.5720858895705522
1543,36081019900,0.7643979057591623
1544,36081020200,0.352112676056338
1545,36081020400,0.7382198952879581
1546,36081020500,0.6878216123499142
1547,36081020600,0.5279299014238773
1548,36081020800,0.529373368146214
1549,36081021200,0.7707736389684814
1550,36081021400,0.7683000604960678
1551,36081021600,0.700960219478738
1552,36081021900,0.0
1553,36081022001,0.6142362036790189
1554,36081022002,0.6503589470885403
1555,36081022900,0.0
1556,36081023000,0.5575221238938053
1557,36081023200,0.4931752873563218
1558,36081023500,0.7055762081784387
1559,36081023600,0.7728155339805826
1560,36081023800,0.704468802698145
1561,36081024000,0.7827216628775576
1562,36081024300,0.5838926174496645
1563,36081024500,0.7249544626593807
1564,36081024600,0.0
1565,36081024700,0.6319612590799032
1566,36081024900,0.7329140461215933
1567,36081025100,0.8035201149425287
1568,36081025301,0.7443068318018378
1569,36081025302,0.7614957049014653
1570,36081025400,0.5400733368255631
1571,36081025500,0.7073791348600509
1572,36081025700,0.7221526908635795
1573,36081025800,0.5289532293986637
1574,36081025900,0.7273245864232744
1575,36081026000,0.6376451077943616
1576,36081026100,0.7941507311586051
1577,36081026200,0.5294117647058824
1578,36081026300,0.8107435076485237
1579,36081026400,0.4678714859437751
1580,36081026500,0.7272727272727273
1581,36081026600,0.5831932773109244
1582,36081026700,0.8366056572379368
1583,36081026901,0.8993017273061374
1584,36081026902,0.8020948180815877
1585,36081027000,0.45989847715736043
1586,36081027100,0.8125894134477826
1587,36081027200,0.6462167689161554
1588,36081027300,0.8311006041502496
1589,36081027400,0.5196560196560197
1590,36081027500,0.6716494845360824
1591,36081027600,0.45746388443017655
1592,36081027700,0.7400633991709339
1593,36081027800,0.7023809523809523
1594,36081027900,0.7269180754226268
1595,36081028000,0.4397790055248619
1596,36081028100,0.8653305203938115
1597,36081028200,0.5300353356890459
1598,36081028300,0.785570638511815
1599,36081028400,0.45846313603322947
1600,36081028500,0.7887263339070568
1601,36081028700,0.8186877562975982
1602,36081028800,0.5616204690831557
1603,36081028900,0.7525577870405457
1604,36081029100,0.696271186440678
1605,36081029300,0.6830065359477124
1606,36081029400,0.3572060123784262
1607,36081029500,0.7496470588235294
1608,36081029700,0.7396039603960396
1609,36081029900,0.0
1610,36081030600,0.439847836424156
1611,36081030902,0.519298245614035
1612,36081030903,0.6276477146042363
1613,36081030904,0.5133689839572193
1614,36081031700,0.5638103919781221
1615,36081032000,0.5193199381761978
1616,36081032700,0.5976070528967254
1617,36081032800,0.409823484267076
1618,36081032900,0.6072186836518046
1619,36081033000,0.39251497005988023
1620,36081033100,0.0
1621,36081033401,0.5041095890410959
1622,36081033402,0.5240135690055348
1623,36081033700,0.5295420974889217
1624,36081033900,0.5543792107795957
1625,36081034700,0.4964257347100874
1626,36081035100,0.6021290751829674
1627,36081035200,0.46504559270516715
1628,36081035300,0.6038095238095238
1629,36081035700,0.6236722306525038
1630,36081035800,0.47912524850894633
1631,36081036100,0.6601941747572816
1632,36081036300,0.5934819897084048
1633,36081036500,0.7502040816326531
1634,36081036600,0.421978021978022
1635,36081036700,0.6045197740112994
1636,36081036800,0.3938053097345133
1637,36081037100,0.4438095238095238
1638,36081037300,0.6376101860920667
1639,36081037500,0.7754065040650406
1640,36081037600,0.40534834623504573
1641,36081037700,0.8223209328151028
1642,36081037900,0.8547470922369489
1643,36081038100,0.7846556233653008
1644,36081038301,0.0
1645,36081038302,0.0
1646,36081038400,0.47323704333050126
1647,36081039400,0.47303754266211606
1648,36081039800,0.3671147880041365
1649,36081039900,0.7769436997319035
1650,36081040000,0.391304347826087
1651,36081040100,0.8164523043944266
1652,36081040200,0.49411764705882355
1653,36081040300,0.7564752252252253
1654,36081040400,0.46773333333333333
1655,36081040500,0.8247177658942365
1656,36081040700,0.8606650079167609
1657,36081040900,0.8244360902255639
1658,36081041100,0.7705159705159705
1659,36081041300,0.7659176029962547
1660,36081041400,0.5475319926873857
1661,36081041500,0.7613927291346646
1662,36081042400,0.425
1663,36081042600,1.0
1664,36081042700,0.6967930029154519
1665,36081043200,0.43211920529801323
1666,36081043400,0.5358910891089109
1667,36081043701,0.735934664246824
1668,36081043702,0.7279952899617309
1669,36081043900,0.6460361613351877
1670,36081044000,0.4834123222748815
1671,36081044301,0.648323301805675
1672,36081044302,0.7364297705651931
1673,36081044400,0.7195121951219512
1674,36081044601,0.6295467263570229
1675,36081044602,0.6994350282485876
1676,36081044800,0.5645161290322581
1677,36081045000,0.5342222222222223
1678,36081045200,0.4842105263157895
1679,36081045400,0.5040899795501023
1680,36081045500,0.7285954970133252
1681,36081045600,0.4370139968895801
1682,36081045700,0.7619284294234593
1683,36081045800,0.6076993583868011
1684,36081045900,0.7320968572900567
1685,36081046000,0.6243781094527363
1686,36081046100,0.7725358045492839
1687,36081046200,0.7458092045108199
1688,36081046300,0.8455696202531645
1689,36081046400,0.6057692307692307
1690,36081046500,0.856378233719893
1691,36081046600,0.6427397260273973
1692,36081046700,0.8085250338294994
1693,36081046800,0.7289117836445589
1694,36081046900,0.8123393316195373
1695,36081047000,0.5832766825288919
1696,36081047100,0.7341640706126688
1697,36081047200,0.5980105324751317
1698,36081047300,0.797975352112676
1699,36081047500,0.7555742532604123
1700,36081047600,0.3046875
1701,36081047800,0.37729816147082335
1702,36081047900,0.6611394557823129
1703,36081048000,0.5389048991354467
1704,36081048100,0.7517810273715786
1705,36081048200,0.5576271186440678
1706,36081048300,0.6139032409581964
1707,36081048400,0.4239695185313474
1708,36081048500,0.7207792207792207
1709,36081048900,0.5637910085054678
1710,36081049200,0.39001101726037457
1711,36081049301,0.5561440677966102
1712,36081049302,0.6698044895003621
1713,36081049500,0.33166666666666667
1714,36081049600,0.38238993710691827
1715,36081049700,0.6987654320987654
1716,36081049900,0.6317619783616693
1717,36081050000,0.5713665943600867
1718,36081050201,0.417201540436457
1719,36081050202,0.5067064083457526
1720,36081050400,0.45267489711934156
1721,36081050500,0.5443037974683544
1722,36081050600,0.4543046357615894
1723,36081050700,0.568608570052961
1724,36081050800,0.48188405797101447
1725,36081051000,0.5424133811230586
1726,36081051100,0.3809073724007561
1727,36081051200,0.4800625488663018
1728,36081051300,0.4928390901432182
1729,36081051500,0.4011703511053316
1730,36081051600,0.4876190476190476
1731,36081051700,0.4954379562043796
1732,36081051800,0.4007029876977153
1733,36081052000,0.4378698224852071
1734,36081052100,0.4891611687087653
1735,36081052200,0.3466666666666667
1736,36081052400,0.5752212389380531
1737,36081052500,0.4445364238410596
1738,36081052600,0.42077649527806926
1739,36081052800,0.41333333333333333
1740,36081053000,0.4760432766615147
1741,36081053100,0.5601635514018691
1742,36081053200,0.49106078665077474
1743,36081053401,0.4400360685302074
1744,36081053500,0.625
1745,36081053601,0.34619188921859545
1746,36081053800,0.4023391812865497
1747,36081053900,0.7409557838320678
1748,36081054000,0.4909729187562688
1749,36081054200,0.4533277521975722
1750,36081054500,0.8045414069456812
1751,36081054700,0.7147962830593281
1752,36081054800,0.45193929173693087
1753,36081054900,0.8976377952755905
1754,36081055100,0.7920372723422279
1755,36081055200,0.5704697986577181
1756,36081055300,0.811626195732156
1757,36081055400,0.5648068669527897
1758,36081055500,0.7846715328467153
1759,36081055600,0.39468503937007876
1760,36081055700,0.775975449364314
1761,36081055800,0.42744656917885265
1762,36081055900,0.8035961272475796
1763,36081056000,0.3844086021505376
1764,36081056100,1.0
1765,36081056200,0.3258741258741259
1766,36081056400,0.34601449275362317
1767,36081056500,0.4423529411764706
1768,36081056600,0.4807162534435262
1769,36081056700,0.4624867911236351
1770,36081056800,0.372982158028887
1771,36081057700,0.509967845659164
1772,36081057900,0.6582633053221288
1773,36081058000,0.39664528860384807
1774,36081058100,0.6508452535760728
1775,36081058200,0.45845697329376855
1776,36081058300,0.7844036697247706
1777,36081058500,0.6936243046640993
1778,36081058700,0.7579408543263965
1779,36081058900,0.7891156462585034
1780,36081059000,0.37920937042459735
1781,36081059100,0.6720197652872143
1782,36081059200,0.44044665012406947
1783,36081059300,0.7406764960971379
1784,36081059400,0.5320641282565131
1785,36081059500,0.5841584158415841
1786,36081059600,0.36593591905564926
1787,36081059800,0.45958646616541354
1788,36081059900,0.5081240768094535
1789,36081060000,0.3712374581939799
1790,36081060100,0.4189765458422175
1791,36081060300,0.46624087591240876
1792,36081060600,0.3727544910179641
1793,36081060701,1.0
1794,36081060800,0.30856423173803527
1795,36081061000,0.2853437094682231
1796,36081061200,0.3620689655172414
1797,36081061301,0.6841004184100419
1798,36081061302,0.0
1799,36081061400,0.4398216939078752
1800,36081061601,0.3127413127413127
1801,36081061602,0.32684824902723736
1802,36081061800,0.4132420091324201
1803,36081061900,0.5683397683397683
1804,36081062000,0.2553846153846154
1805,36081062100,0.4324693042291951
1806,36081062200,0.32637571157495254
1807,36081062300,0.4775474956822107
1808,36081062400,0.0
1809,36081062500,0.460446247464503
1810,36081062600,0.2852112676056338
1811,36081062700,0.51954513148543
1812,36081062900,0.6741649625085208
1813,36081063000,0.49022164276401564
1814,36081063200,0.4783904619970194
1815,36081063301,0.5170387779083431
1816,36081063302,0.3866120218579235
1817,36081063500,0.35572374645222327
1818,36081063700,0.3890577507598784
1819,36081063800,0.3618721461187215
1820,36081063900,0.33620159803318994
1821,36081064101,0.45535714285714285
1822,36081064102,0.0
1823,36081064500,0.560233918128655
1824,36081064600,0.41513437057991515
1825,36081065000,0.28582259287338896
1826,36081065400,0.33369565217391306
1827,36081065501,0.0
1828,36081065600,0.42772108843537415
1829,36081065702,0.5298013245033113
1830,36081065703,0.44369063772048845
1831,36081065900,0.38828202581926513
1832,36081066000,0.4925758553905746
1833,36081066100,0.37135614702154623
1834,36081066300,0.3818040435458787
1835,36081066400,0.30287398673544585
1836,36081066501,0.5370114942528735
1837,36081066701,0.409629044988161
1838,36081066900,0.4598337950138504
1839,36081067100,0.5153321976149915
1840,36081067700,0.4162621359223301
1841,36081067900,0.6016907011437096
1842,36081068000,0.464255677039529
1843,36081068200,0.44507575757575757
1844,36081068300,0.7566579634464752
1845,36081068700,0.748641304347826
1846,36081069000,0.4366438356164384
1847,36081069300,0.7417654808959157
1848,36081069400,0.3231118682566723
1849,36081069500,0.5434969853574505
1850,36081069701,0.7236719478098789
1851,36081069702,0.4638009049773756
1852,36081070300,0.5502702702702703
1853,36081070700,0.5130361648444071
1854,36081070900,0.6874145006839946
1855,36081071100,0.6346322883094052
1856,36081071303,0.7511900983814662
1857,36081071304,0.6420361247947455
1858,36081071305,0.7503054989816701
1859,36081071306,0.7021218715995647
1860,36081071600,0.0
1861,36081071701,0.7195020746887967
1862,36081071702,0.7321339330334833
1863,36081071900,0.6875
1864,36081072100,0.7089737233515121
1865,36081072300,0.5491329479768786
1866,36081072900,0.6951048951048951
1867,36081073100,0.48316251830161056
1868,36081073700,0.6893491124260355
1869,36081073900,0.6900355871886121
1870,36081074100,0.6756583172768144
1871,36081074300,0.5622340425531915
1872,36081074500,0.5595092024539877
1873,36081074700,0.5929739551786796
1874,36081074900,0.6139240506329114
1875,36081075701,0.7368048175699611
1876,36081075702,0.7674522009782125
1877,36081076901,0.7852068533221898
1878,36081076902,0.7265500794912559
1879,36081077300,0.6113074204946997
1880,36081077500,0.5317073170731708
1881,36081077902,0.2978931896129348
1882,36081077903,0.5753516409912927
1883,36081077904,0.5476006191950464
1884,36081077905,0.5556323427781618
1885,36081077906,0.4525801952580195
1886,36081077907,0.36469673405909797
1887,36081077908,0.4589867310012063
1888,36081078800,0.4100642398286938
1889,36081079000,0.5204855842185129
1890,36081079200,0.2611353711790393
1891,36081079300,0.0
1892,36081079701,0.6923762817654926
1893,36081079702,0.6368921775898521
1894,36081079900,0.4779299847792998
1895,36081080301,0.4475484606613455
1896,36081080302,0.49349804941482445
1897,36081080900,0.5001550387596899
1898,36081081400,0.2761463163317877
1899,36081081800,0.29770992366412213
1900,36081083700,0.4913294797687861
1901,36081083800,0.3199044042335268
1902,36081084000,0.3312313308994358
1903,36081084500,0.5432432432432432
1904,36081084601,0.3598508390304537
1905,36081084602,0.3903002309468822
1906,36081084900,0.6567677399187246
1907,36081085300,0.6479968883702839
1908,36081085500,0.73224043715847
1909,36081085700,0.6238132911392406
1910,36081085900,0.5882570162481536
1911,36081086100,0.644723092998955
1912,36081086300,0.6971061093247588
1913,36081086400,0.5707762557077626
1914,36081086500,0.72818063395571
1915,36081086900,0.6186440677966102
1916,36081087100,0.6793650793650794
1917,36081088400,0.24748162265178328
1918,36081088901,0.6386723100913344
1919,36081089200,0.2930537352555701
1920,36081090700,0.34519572953736655
1921,36081091601,0.15656229180546302
1922,36081091602,0.0
1923,36081091800,0.0
1924,36081091900,0.46321890325456977
1925,36081092200,0.18376068376068377
1926,36081092500,0.4538216560509554
1927,36081092800,0.2133845309928689
1928,36081092900,0.34915641978839007
1929,36081093401,0.23844837421563034
1930,36081093402,0.34521158129175944
1931,36081093800,0.38161898965307367
1932,36081093900,0.29926442121564073
1933,36081094201,0.46682897139379187
1934,36081094202,0.4183729939125623
1935,36081094203,0.4722222222222222
1936,36081094500,0.3076923076923077
1937,36081094700,0.4405377456049638
1938,36081095400,0.4741705165896682
1939,36081096400,0.42532813054274565
1940,36081097202,0.7595682041216879
1941,36081097203,0.5553530751708429
1942,36081097204,0.5910964550700742
1943,36081097300,0.23137254901960785
1944,36081098100,0.19548022598870057
1945,36081098700,0.21145374449339208
1946,36081099100,0.2177154786758127
1947,36081099200,0.477414871438499
1948,36081099701,0.3227118644067797
1949,36081099703,0.26763848396501455
1950,36081099704,0.16313094367227504
1951,36081099705,0.3236784938450398
1952,36081099801,0.4373326843514237
1953,36081099802,0.5264159923845788
1954,36081099900,0.0
1955,36081100801,0.22486486486486487
1956,36081100802,0.34490681644115395
1957,36081101001,0.46027935399388914
1958,36081101002,0.2920284135753749
1959,36081101700,0.32592592592592595
1960,36081102900,0.33607118412046544
1961,36081103201,0.6645743428795606
1962,36081103202,0.3961671379202011
1963,36081103300,0.34952830188679246
1964,36081103900,0.2612330198537095
1965,36081104700,0.4400840925017519
1966,36081105900,0.3056957462148522
1967,36081107201,0.2713097713097713
1968,36081107202,0.0
1969,36081108500,0.38240574506283664
1970,36081109300,0.3847376788553259
1971,36081109700,0.43937575030012005
1972,36081109900,0.3431654676258993
1973,36081111300,0.24538258575197888
1974,36081112300,0.4059787849566056
1975,36081112900,0.44886363636363635
1976,36081113300,0.29896907216494845
1977,36081113900,0.494949494949495
1978,36081114100,0.41751152073732717
1979,36081114700,0.5013054830287206
1980,36081115100,0.25970873786407767
1981,36081115500,0.4896049896049896
1982,36081115700,0.5616535994297933
1983,36081115900,0.4290447266703479
1984,36081116100,0.6231393775372125
1985,36081116300,0.7115431946837313
1986,36081116700,0.5672082717872969
1987,36081117100,0.5114309906858594
1988,36081117500,0.5198430004361099
1989,36081118100,0.3848964677222899
1990,36081118500,0.521505376344086
1991,36081118700,0.539047619047619
1992,36081118900,0.5555555555555556
1993,36081119100,0.49150036954915005
1994,36081119300,0.5246406570841889
1995,36081119500,0.3387096774193548
1996,36081119900,0.3323903818953324
1997,36081120100,0.4886934673366834
1998,36081120300,0.47493403693931396
1999,36081120500,0.5172413793103449
2000,36081120700,0.3410104011887073
2001,36081121100,0.0
2002,36081121500,0.4222431668237512
2003,36081122300,0.42145369284876905
2004,36081122701,0.4855058173930191
2005,36081122702,0.5925644916540213
2006,36081124100,0.4366952789699571
2007,36081124700,0.28688524590163933
2008,36081125700,0.5441493180186647
2009,36081126500,0.4703448275862069
2010,36081126700,0.46701692936368944
2011,36081127700,0.3108682452944748
2012,36081128300,0.0
2013,36081129102,0.3414084507042254
2014,36081129103,0.3297818366311517
2015,36081129104,0.23066666666666666
2016,36081130100,0.33175604626708727
2017,36081133300,0.4206489675516224
2018,36081133900,0.3929889298892989
2019,36081134100,0.4272300469483568
2020,36081134700,0.39924812030075185
2021,36081136700,0.3733788395904437
2022,36081137700,0.40302655960469425
2023,36081138501,0.3221222169587873
2024,36081138502,0.0
2025,36081139900,0.3748411689961881
2026,36081140300,0.43010752688172044
2027,36081140901,0.33557046979865773
2028,36081140902,0.31781701444622795
2029,36081141700,0.2920572274296991
2030,36081142900,0.3024
2031,36081143500,0.417036379769299
2032,36081144100,0.47128851540616246
2033,36081144700,0.41065171688857743
2034,36081145101,0.2869022869022869
2035,36081145102,0.34365781710914456
2036,36081145900,0.44191176470588234
2037,36081146300,0.4531590413943355
2038,36081146700,0.4453268173488088
2039,36081147100,0.313373253493014
2040,36081147900,0.42489626556016596
2041,36081148300,0.4115138592750533
2042,36081150701,0.30513176144244103
2043,36081150702,0.34662576687116564
2044,36081152901,0.270083932853717
2045,36081152902,0.24468988954970264
2046,36081155101,0.41013824884792627
2047,36081155102,0.24681996086105676
2048,36081156700,0.34169278996865204
2049,36081157101,0.3340961098398169
2050,36081157102,0.2661122661122661
2051,36081157901,0.19294770206022188
2052,36081157902,0.25933609958506226
2053,36081157903,0.24132573795960643
2054,36081161700,0.2767543859649123
2055,36081162100,0.2705578845533699
2056,36081990100,0.0
2057,36085000300,0.6358131487889274
2058,36085000600,0.3867069486404834
2059,36085000700,0.6403326403326404
2060,36085000800,0.5606481481481481
2061,36085000900,0.7140600315955766
2062,36085001100,0.6841750841750842
2063,36085001700,0.36
2064,36085001800,0.41522491349480967
2065,36085002001,0.4606656580937973
2066,36085002002,0.4268884268884269
2067,36085002100,0.5652173913043478
2068,36085002700,0.42948717948717946
2069,36085002900,0.6315453384418902
2070,36085003300,0.3970507919169853
2071,36085003600,0.3986832479882955
2072,36085003900,0.38052373158756136
2073,36085004000,0.45996628739991574
2074,36085004700,0.4385832705350414
2075,36085005000,0.3306653326663332
2076,36085005900,0.37526959022286127
2077,36085006400,0.4211320754716981
2078,36085006700,0.35614525139664804
2079,36085007000,0.29874041621029573
2080,36085007400,0.41870105941962227
2081,36085007500,0.48516218081435475
2082,36085007700,0.3625
2083,36085008100,0.5349276274386406
2084,36085009601,0.4149377593360996
2085,36085009602,0.4746600741656366
2086,36085009700,0.2947419199228172
2087,36085010500,0.46629526462395543
2088,36085011201,0.27175843694493784
2089,36085011202,0.39274809160305346
2090,36085011401,0.46106736657917763
2091,36085011402,0.3953488372093023
2092,36085012100,0.21630727762803234
2093,36085012200,0.2873684210526316
2094,36085012500,0.4206041828040279
2095,36085012804,0.29365079365079366
2096,36085012805,0.3455706304868316
2097,36085012806,0.36464088397790057
2098,36085013201,0.29685157421289354
2099,36085013203,0.30518945634266886
2100,36085013204,0.2868686868686869
2101,36085013301,0.8045602605863192
2102,36085013302,0.510569105691057
2103,36085013400,0.33077830188679247
2104,36085013800,0.27602577144794843
2105,36085014100,0.3583260680034874
2106,36085014604,0.2392104382736701
2107,36085014605,0.23298856831790962
2108,36085014606,0.2798965740142211
2109,36085014607,0.3073263558515699
2110,36085014608,0.2996411483253589
2111,36085014700,0.25428194993412384
2112,36085015100,0.2911129568106312
2113,36085015400,0.0
2114,36085015601,0.3128419697457354
2115,36085015602,0.23122142390594383
2116,36085015603,0.3155105973025048
2117,36085016901,0.23574368018812464
2118,36085017005,0.2634088200238379
2119,36085017007,0.2765705254839984
2120,36085017008,0.17960602549246812
2121,36085017009,0.1216710182767624
2122,36085017010,0.2704858593183466
2123,36085017011,0.27658623771224305
2124,36085017012,0.19400544959128066
2125,36085017300,0.33729216152019004
2126,36085017600,0.20826010544815465
2127,36085017700,0.2665821715251373
2128,36085018100,0.1831223628691983
2129,36085018701,0.3805970149253731
2130,36085018702,0.2619524763813341
2131,36085018901,0.27855960264900664
2132,36085018902,0.2814070351758794
2133,36085019700,0.20426065162907267
2134,36085019800,0.25132341820015125
2135,36085020100,0.3076463560334528
2136,36085020700,0.3571790969051243
2137,36085020801,0.29256478566238797
2138,36085020803,0.25360067777463996
2139,36085020804,0.21044605413648493
2140,36085021300,0.354788877445932
2141,36085022300,0.3755868544600939
2142,36085022600,0.18601747815230962
2143,36085022800,0.0
2144,36085023100,0.40066917607695524
2145,36085023900,0.4445096887844979
2146,36085024401,0.18036363636363636
2147,36085024402,0.20356768100734524
2148,36085024700,0.28190338860850755
2149,36085024800,0.20549682875264272
2150,36085025100,0.2664783427495292
2151,36085027301,0.3806366047745358
2152,36085027302,0.1405166981726528
2153,36085027702,0.31962616822429907
2154,36085027704,0.20692974013474494
2155,36085027705,0.31867253098760495
2156,36085027706,0.31205211726384363
2157,36085027900,0.1278772378516624
2158,36085029102,0.15704225352112677
2159,36085029103,0.3528705260629354
2160,36085029104,0.2955615332885003
2161,36085030301,0.32368972746331237
2162,36085030302,0.2725008893632159
2163,36085031901,0.47502656748140276
2164,36085031902,0.43781344032096287
2165,36085032300,0.4200426439232409
2166,36085990100,0.0
