,GeoID,BE_nodeD
0,36005000100,53.30769230769231
1,36005000200,1292.5217391304348
2,36005000400,1353.7435897435898
3,36005001600,2556.0
4,36005001900,836.8279569892474
5,36005002000,2355.9444444444443
6,36005002300,1472.3
7,36005002400,2582.5
8,36005002500,1161.375
9,36005002701,896.2
10,36005002702,841.1666666666666
11,36005002800,2309.4814814814813
12,36005003100,994.7272727272727
13,36005003300,910.7692307692307
14,36005003500,979.8461538461538
15,36005003700,1063.0
16,36005003800,2604.0
17,36005003900,1193.5
18,36005004001,3195.1666666666665
19,36005004100,1165.1
20,36005004200,3056.2083333333335
21,36005004300,1223.888888888889
22,36005004400,3084.7
23,36005004600,2782.923076923077
24,36005004800,2626.0
25,36005005001,2364.6
26,36005005002,2265.3333333333335
27,36005005100,1555.2857142857142
28,36005005200,2028.0
29,36005005300,1657.4285714285713
30,36005005400,2129.6666666666665
31,36005005600,2069.875
32,36005005902,1414.5
33,36005006000,1792.5454545454545
34,36005006100,1527.8
35,36005006200,2335.214285714286
36,36005006300,1598.5409836065573
37,36005006400,2611.818181818182
38,36005006500,1396.0588235294117
39,36005006700,1384.65
40,36005006800,2967.3
41,36005006900,1452.3333333333333
42,36005007000,3296.2727272727275
43,36005007100,1341.3636363636363
44,36005007200,3217.4615384615386
45,36005007300,1216.0
46,36005007400,2360.8571428571427
47,36005007500,1342.142857142857
48,36005007600,2904.9444444444443
49,36005007700,1424.3333333333333
50,36005007800,2609.391304347826
51,36005007900,1358.3529411764705
52,36005008300,1340.0714285714287
53,36005008400,1621.0
54,36005008500,1578.3846153846155
55,36005008600,2118.6
56,36005008700,1634.0
57,36005008900,1735.125
58,36005009000,1435.46875
59,36005009200,2644.818181818182
60,36005009300,1393.48623853211
61,36005009600,1700.888888888889
62,36005009800,2239.3142857142857
63,36005011000,859.047619047619
64,36005011502,1865.7407407407406
65,36005011700,1649.078947368421
66,36005011800,414.4096385542169
67,36005011900,1844.0
68,36005012101,1725.25
69,36005012102,1858.0
70,36005012300,1717.4705882352941
71,36005012500,1543.5714285714287
72,36005012701,1751.75
73,36005012901,1570.5833333333333
74,36005013000,765.6
75,36005013100,1472.0
76,36005013200,668.4130434782609
77,36005013300,1308.0
78,36005013500,1317.9
79,36005013800,582.3676470588235
80,36005014100,1434.5652173913043
81,36005014300,1408.388888888889
82,36005014400,772.4736842105264
83,36005014500,1399.888888888889
84,36005014701,1382.1666666666667
85,36005014702,1373.142857142857
86,36005014900,1399.4444444444443
87,36005015100,1397.888888888889
88,36005015200,792.0
89,36005015300,1359.625
90,36005015500,1372.0
91,36005015700,1613.75
92,36005015800,770.8
93,36005015900,1748.25
94,36005016000,569.6216216216217
95,36005016100,1486.1666666666667
96,36005016200,758.1
97,36005016300,1323.4
98,36005016400,653.6153846153846
99,36005016500,1271.8636363636363
100,36005016600,911.2631578947369
101,36005016700,1304.6923076923076
102,36005016900,1378.5714285714287
103,36005017100,1275.0
104,36005017300,1443.0666666666666
105,36005017500,1375.1818181818182
106,36005017701,1353.857142857143
107,36005017702,1243.0
108,36005017901,1213.6
109,36005017902,1154.0
110,36005018101,1289.6666666666667
111,36005018102,1235.875
112,36005018301,1230.0
113,36005018302,1322.3333333333333
114,36005018400,807.0571428571428
115,36005018500,1327.4074074074074
116,36005018900,1459.5
117,36005019300,1538.2727272727273
118,36005019400,1052.2432432432433
119,36005019500,1163.4545454545455
120,36005019700,1130.4
121,36005019900,1392.75
122,36005020000,1623.84375
123,36005020100,1790.76
124,36005020200,1934.0
125,36005020400,2044.090909090909
126,36005020501,1653.96
127,36005020502,1421.6
128,36005020601,2207.785714285714
129,36005020900,966.4
130,36005021001,2129.1666666666665
131,36005021002,2341.3846153846152
132,36005021100,1245.3846153846155
133,36005021200,2645.7
134,36005021301,1153.0
135,36005021302,1133.4
136,36005021501,1233.4285714285713
137,36005021502,1056.111111111111
138,36005021601,2660.5333333333333
139,36005021602,2684.0526315789475
140,36005021700,973.0
141,36005021800,2331.3225806451615
142,36005021900,992.5714285714286
143,36005022000,1582.0
144,36005022101,1015.0
145,36005022102,1062.6
146,36005022200,2612.1428571428573
147,36005022300,990.0
148,36005022401,1018.7142857142857
149,36005022403,997.4
150,36005022404,948.8571428571429
151,36005022500,1132.1818181818182
152,36005022701,1033.4615384615386
153,36005022702,987.6666666666666
154,36005022703,1049.8
155,36005022800,1006.1666666666666
156,36005022901,1091.0714285714287
157,36005022902,1124.5
158,36005023000,1170.6666666666667
159,36005023100,1177.5714285714287
160,36005023200,1411.625
161,36005023301,1061.5555555555557
162,36005023302,1121.8
163,36005023501,1147.0
164,36005023502,1197.5
165,36005023600,1681.7777777777778
166,36005023702,1467.25
167,36005023703,1386.5
168,36005023704,1272.75
169,36005023800,1742.2857142857142
170,36005023900,1201.0666666666666
171,36005024000,2017.56
172,36005024100,1055.3333333333333
173,36005024300,1010.0
174,36005024400,1667.1666666666667
175,36005024501,1215.2
176,36005024502,1171.0
177,36005024600,1153.1666666666667
178,36005024700,1486.5714285714287
179,36005024800,1092.2857142857142
180,36005024900,1168.0
181,36005025000,1254.7777777777778
182,36005025100,1072.111111111111
183,36005025200,1670.25
184,36005025300,1171.3
185,36005025400,1530.8
186,36005025500,1246.0
187,36005025600,1779.2666666666667
188,36005025700,1491.5
189,36005026100,1349.0
190,36005026300,1273.2857142857142
191,36005026400,967.2222222222222
192,36005026500,1262.7272727272727
193,36005026601,1077.5714285714287
194,36005026602,935.5
195,36005026701,1164.0
196,36005026702,1145.3333333333333
197,36005026900,1364.8125
198,36005027300,1148.857142857143
199,36005027401,585.2592592592592
200,36005027402,417.11538461538464
201,36005027600,837.8181818181819
202,36005027700,1091.7857142857142
203,36005027900,1041.3846153846155
204,36005028100,908.375
205,36005028300,1105.6666666666667
206,36005028400,1201.1785714285713
207,36005028500,1105.9285714285713
208,36005028600,1383.0
209,36005028700,1195.6666666666667
210,36005028800,1073.8461538461538
211,36005028900,1205.8666666666666
212,36005029301,816.8888888888889
213,36005029302,1039.9583333333333
214,36005029500,1199.2666666666667
215,36005029600,1113.0869565217392
216,36005029700,1130.4736842105262
217,36005030000,955.6923076923077
218,36005030100,867.1666666666666
219,36005030200,990.0
220,36005030701,1086.3125
221,36005030900,820.2916666666666
222,36005031000,1187.1351351351352
223,36005031200,1077.5
224,36005031400,1055.5714285714287
225,36005031600,1043.9166666666667
226,36005031800,1002.4666666666667
227,36005031900,324.0
228,36005032300,726.4705882352941
229,36005032400,1063.0
230,36005032600,1053.7727272727273
231,36005032800,1015.9230769230769
232,36005033000,1055.4375
233,36005033201,1176.625
234,36005033202,1155.3333333333333
235,36005033400,1240.4468085106382
236,36005033500,1133.6969696969697
237,36005033600,1104.625
238,36005033700,596.5833333333334
239,36005033800,999.9166666666666
240,36005034000,978.8461538461538
241,36005034200,954.6
242,36005034300,417.8
243,36005034400,948.7692307692307
244,36005034500,625.2857142857143
245,36005034800,852.3703703703703
246,36005035000,891.2941176470588
247,36005035100,975.4705882352941
248,36005035600,1342.3684210526317
249,36005035800,1282.3809523809523
250,36005035900,1440.0555555555557
251,36005036000,1084.0555555555557
252,36005036100,1341.5
253,36005036300,1145.4615384615386
254,36005036400,832.9230769230769
255,36005036501,1149.2222222222222
256,36005036502,1295.375
257,36005036700,1295.2857142857142
258,36005036800,834.3
259,36005036901,1311.0
260,36005036902,1270.6
261,36005037000,880.3636363636364
262,36005037100,1181.5
263,36005037200,897.6666666666666
264,36005037300,1259.642857142857
265,36005037400,891.1428571428571
266,36005037504,1297.1052631578948
267,36005037600,877.75
268,36005037800,771.4615384615385
269,36005037900,1202.25
270,36005038000,797.5625
271,36005038100,1220.6
272,36005038200,850.9166666666666
273,36005038301,1432.857142857143
274,36005038302,1442.7
275,36005038500,1483.4074074074074
276,36005038600,922.9333333333333
277,36005038700,1535.0666666666666
278,36005038800,896.25
279,36005038900,1507.2631578947369
280,36005039000,754.375
281,36005039100,1394.1
282,36005039200,720.8
283,36005039300,1299.3636363636363
284,36005039400,716.5714285714286
285,36005039500,1253.875
286,36005039600,801.5833333333334
287,36005039700,1538.625
288,36005039800,893.7272727272727
289,36005039901,1583.4166666666667
290,36005039902,1522.6
291,36005040100,1385.888888888889
292,36005040302,1450.0
293,36005040303,1335.6
294,36005040304,1411.0
295,36005040400,778.4
296,36005040501,1493.6666666666667
297,36005040502,1508.7
298,36005040600,758.6
299,36005040701,1286.25
300,36005040702,1455.6923076923076
301,36005040800,640.2222222222222
302,36005040900,1013.5454545454545
303,36005041100,970.625
304,36005041300,1070.8666666666666
305,36005041400,322.4166666666667
306,36005041500,1449.1
307,36005041800,550.6470588235294
308,36005041900,912.0454545454545
309,36005042000,617.0
310,36005042100,821.8461538461538
311,36005042200,722.75
312,36005042300,900.0
313,36005042400,716.75
314,36005042500,1259.3333333333333
315,36005042600,675.8620689655172
316,36005042800,573.2
317,36005042901,935.1428571428571
318,36005042902,882.0
319,36005043000,678.1875
320,36005043100,799.6666666666666
321,36005043400,534.0
322,36005043500,497.2432432432432
323,36005043600,505.09090909090907
324,36005044200,218.04166666666666
325,36005044400,329.4375
326,36005044800,496.72727272727275
327,36005044901,489.92857142857144
328,36005044902,448.3
329,36005045101,534.8333333333334
330,36005045102,435.875
331,36005045600,340.7826086956522
332,36005045800,789.2
333,36005046000,1098.0
334,36005046201,1396.0
335,36005046202,1452.267857142857
336,36005048400,1121.6571428571428
337,36005050400,424.7857142857143
338,36005051600,173.2625
339,36047000100,1730.7931034482758
340,36047000200,645.5
341,36047000301,1262.095238095238
342,36047000501,1196.1666666666667
343,36047000502,1272.6666666666667
344,36047000700,1017.0833333333334
345,36047000900,1300.1818181818182
346,36047001100,1418.5
347,36047001300,1325.7272727272727
348,36047001500,1247.6216216216217
349,36047001800,834.2115384615385
350,36047002000,690.0
351,36047002100,1727.125
352,36047002200,751.2
353,36047002300,1263.0
354,36047002901,1176.1176470588234
355,36047003000,695.3
356,36047003100,1253.5
357,36047003300,1181.2857142857142
358,36047003400,545.1666666666666
359,36047003500,1081.0
360,36047003600,668.4444444444445
361,36047003700,1246.3333333333333
362,36047003800,476.7142857142857
363,36047003900,1024.8181818181818
364,36047004100,1112.7
365,36047004300,1199.4615384615386
366,36047004400,492.23809523809524
367,36047004500,970.9230769230769
368,36047004600,480.8333333333333
369,36047004700,689.0714285714286
370,36047004900,777.2222222222222
371,36047005000,440.46153846153845
372,36047005100,801.3333333333334
373,36047005201,433.2857142857143
374,36047005202,405.22222222222223
375,36047005300,801.3684210526316
376,36047005400,458.2307692307692
377,36047005601,440.72727272727275
378,36047005602,401.375
379,36047005800,561.4545454545455
380,36047005900,923.9777777777778
381,36047006000,606.4444444444445
382,36047006200,634.625
383,36047006300,926.2
384,36047006400,737.1
385,36047006500,1087.2380952380952
386,36047006600,763.875
387,36047006700,916.7
388,36047006800,828.4
389,36047006900,1025.8
390,36047007000,826.1818181818181
391,36047007100,981.4444444444445
392,36047007200,833.5714285714286
393,36047007400,818.75
394,36047007500,1054.0
395,36047007600,806.5
396,36047007700,1170.5
397,36047007800,734.625
398,36047008000,706.0
399,36047008200,760.125
400,36047008400,862.0769230769231
401,36047008500,975.4375
402,36047008600,861.0
403,36047008800,960.0
404,36047009000,969.375
405,36047009200,811.0
406,36047009400,686.75
407,36047009600,737.125
408,36047009800,718.75
409,36047010000,776.625
410,36047010100,1175.6666666666667
411,36047010200,822.75
412,36047010400,661.125
413,36047010600,648.875
414,36047010800,622.25
415,36047011000,887.7272727272727
416,36047011200,700.7142857142857
417,36047011400,577.75
418,36047011600,604.625
419,36047011700,1312.5384615384614
420,36047011800,713.3636363636364
421,36047011900,1108.0666666666666
422,36047012000,676.3076923076923
423,36047012100,1210.75
424,36047012200,867.3636363636364
425,36047012600,824.3157894736842
426,36047012700,978.3
427,36047012801,654.0
428,36047012901,1056.909090909091
429,36047012902,1102.5
430,36047013000,814.9
431,36047013100,1121.125
432,36047013200,668.8181818181819
433,36047013300,1124.75
434,36047013400,730.2962962962963
435,36047013500,1281.25
436,36047013600,696.3076923076923
437,36047013700,1383.0
438,36047013800,642.75
439,36047013900,1461.125
440,36047014000,580.3333333333334
441,36047014100,1525.125
442,36047014200,608.4090909090909
443,36047014300,1493.8666666666666
444,36047014500,1459.5833333333333
445,36047014700,1566.3333333333333
446,36047014800,617.4285714285714
447,36047014900,1567.1333333333334
448,36047015000,648.1428571428571
449,36047015100,1483.5
450,36047015200,611.3846153846154
451,36047015300,1548.875
452,36047015400,556.6666666666666
453,36047015500,1430.25
454,36047015700,1374.1
455,36047015900,1421.5294117647059
456,36047016000,624.421052631579
457,36047016100,1204.7692307692307
458,36047016200,469.05882352941177
459,36047016300,1280.0
460,36047016400,420.5405405405405
461,36047016500,1568.7
462,36047016600,575.1428571428571
463,36047016700,1615.0
464,36047016800,568.2727272727273
465,36047016900,1594.5
466,36047017000,710.4545454545455
467,36047017100,1654.875
468,36047017200,705.5454545454545
469,36047017400,711.25
470,36047017500,1400.0
471,36047017600,716.2222222222222
472,36047017700,1601.9166666666667
473,36047017800,780.1428571428571
474,36047017900,1139.8333333333333
475,36047018000,742.25
476,36047018100,1171.6363636363637
477,36047018200,602.9090909090909
478,36047018300,1153.5
479,36047018400,618.625
480,36047018501,1206.6666666666667
481,36047018600,581.3333333333334
482,36047018700,1137.7777777777778
483,36047018800,606.5454545454545
484,36047019000,599.0714285714286
485,36047019100,994.1071428571429
486,36047019200,617.1875
487,36047019300,1015.4444444444445
488,36047019400,612.9
489,36047019500,1119.375
490,36047019600,653.7
491,36047019700,1113.9166666666667
492,36047019800,664.7142857142857
493,36047019900,1161.25
494,36047020000,703.8571428571429
495,36047020100,1157.2
496,36047020200,715.5714285714286
497,36047020300,1360.6666666666667
498,36047020400,661.0
499,36047020500,1462.7777777777778
500,36047020600,649.625
501,36047020700,1537.5
502,36047020800,697.25
503,36047021000,673.3333333333334
504,36047021100,1149.7777777777778
505,36047021200,670.0833333333334
506,36047021300,1577.1333333333334
507,36047021400,644.6923076923077
508,36047021500,1645.8333333333333
509,36047021600,589.5555555555555
510,36047021700,1616.5
511,36047021800,548.3333333333334
512,36047021900,1498.0
513,36047022000,539.2941176470588
514,36047022100,1204.0
515,36047022200,554.9333333333333
516,36047022400,671.0
517,36047022600,821.6666666666666
518,36047022700,1079.6875
519,36047022800,834.1666666666666
520,36047022900,1103.7
521,36047023000,687.6666666666666
522,36047023100,1086.5
523,36047023200,606.4166666666666
524,36047023300,1062.111111111111
525,36047023400,574.0
526,36047023500,926.125
527,36047023600,562.7777777777778
528,36047023800,560.6
529,36047024000,584.0
530,36047024100,1020.2
531,36047024200,590.1538461538462
532,36047024300,1065.5714285714287
533,36047024400,622.5
534,36047024500,984.1111111111111
535,36047024600,572.1111111111111
536,36047024700,977.8888888888889
537,36047024800,607.4166666666666
538,36047024900,933.125
539,36047025000,582.7857142857143
540,36047025100,1029.6666666666667
541,36047025200,593.6363636363636
542,36047025300,1101.625
543,36047025400,588.1818181818181
544,36047025500,1258.5
545,36047025600,573.1
546,36047025700,1324.3
547,36047025800,556.5555555555555
548,36047025901,1226.0
549,36047025902,1289.0
550,36047026000,610.2222222222222
551,36047026100,1122.4
552,36047026200,589.1666666666666
553,36047026300,1042.6
554,36047026400,597.25
555,36047026500,1010.875
556,36047026600,535.6666666666666
557,36047026700,940.4444444444445
558,36047026800,496.27272727272725
559,36047026900,963.5714285714286
560,36047027000,535.4285714285714
561,36047027100,1073.5454545454545
562,36047027200,524.7142857142857
563,36047027300,1108.375
564,36047027400,561.1111111111111
565,36047027500,1138.2222222222222
566,36047027600,623.625
567,36047027700,1246.5
568,36047027800,754.8
569,36047027900,1313.0
570,36047028000,748.8
571,36047028100,1330.125
572,36047028200,743.0909090909091
573,36047028300,1351.0
574,36047028400,733.5
575,36047028501,1380.25
576,36047028502,1410.5
577,36047028600,725.2727272727273
578,36047028700,1463.6363636363637
579,36047028800,741.375
580,36047028900,1527.8
581,36047029000,742.875
582,36047029100,1590.0
583,36047029200,730.6
584,36047029300,1642.0
585,36047029400,760.4
586,36047029500,1544.4444444444443
587,36047029600,792.0
588,36047029700,1409.3
589,36047029800,799.6875
590,36047029900,1596.0
591,36047030000,951.8181818181819
592,36047030100,1782.25
593,36047030200,940.0
594,36047030300,1598.0
595,36047030400,903.2592592592592
596,36047030500,1369.1666666666667
597,36047030600,1062.1666666666667
598,36047030700,1376.8
599,36047030800,1458.0833333333333
600,36047030900,1138.142857142857
601,36047031100,930.6666666666666
602,36047031300,929.9
603,36047031400,1026.6785714285713
604,36047031500,993.125
605,36047031701,1098.0
606,36047031702,1197.3333333333333
607,36047031900,1075.875
608,36047032100,1292.5
609,36047032300,1380.888888888889
610,36047032500,1474.7142857142858
611,36047032600,1077.5882352941176
612,36047032700,1453.2727272727273
613,36047032800,701.8
614,36047032900,922.7777777777778
615,36047033000,624.9
616,36047033100,801.7142857142857
617,36047033300,800.0
618,36047033500,843.625
619,36047033600,308.75555555555553
620,36047033700,860.625
621,36047033900,861.7777777777778
622,36047034000,589.7777777777778
623,36047034100,932.8
624,36047034200,649.4444444444445
625,36047034300,860.2857142857143
626,36047034500,1034.3333333333333
627,36047034700,1159.2857142857142
628,36047034800,1470.3666666666666
629,36047034900,876.125
630,36047035000,1438.7
631,36047035100,882.2857142857143
632,36047035200,996.4375
633,36047035300,847.8571428571429
634,36047035400,1536.8333333333333
635,36047035500,781.1111111111111
636,36047035601,1506.0
637,36047035602,1362.8
638,36047035700,879.8333333333334
639,36047035900,1068.125
640,36047036001,1240.25
641,36047036002,1077.5
642,36047036100,1100.0
643,36047036200,1366.875
644,36047036300,1371.4117647058824
645,36047036400,1452.7
646,36047036501,1562.3333333333333
647,36047036502,1508.3333333333333
648,36047036600,1514.45
649,36047036700,1675.2272727272727
650,36047036900,1934.235294117647
651,36047037000,1398.2380952380952
652,36047037100,2017.8181818181818
653,36047037300,2070.076923076923
654,36047037401,1466.0
655,36047037402,1532.6666666666667
656,36047037500,1817.2307692307693
657,36047037700,1923.0
658,36047037900,1885.8333333333333
659,36047038100,1725.7
660,36047038200,1174.25
661,36047038300,1783.6
662,36047038500,1774.0
663,36047038600,1158.304347826087
664,36047038700,1682.2
665,36047038800,1152.1538461538462
666,36047038900,1418.6153846153845
667,36047039000,1138.7692307692307
668,36047039100,1434.4166666666667
669,36047039200,889.7
670,36047039300,1508.2
671,36047039400,776.5
672,36047039500,1596.5
673,36047039600,953.2222222222222
674,36047039700,1844.0
675,36047039800,1030.111111111111
676,36047039900,1838.9
677,36047040000,865.1666666666666
678,36047040100,2163.5
679,36047040200,931.2941176470588
680,36047040300,2241.923076923077
681,36047040400,650.3333333333334
682,36047040500,2058.5
683,36047040600,754.8571428571429
684,36047040700,2408.0
685,36047040800,761.0
686,36047040900,2368.0
687,36047041000,798.5
688,36047041100,2347.1111111111113
689,36047041200,653.7777777777778
690,36047041300,2222.4
691,36047041401,669.8571428571429
692,36047041402,618.75
693,36047041500,1857.0
694,36047041600,607.875
695,36047041700,1627.5
696,36047041800,552.3
697,36047041900,1612.0
698,36047042000,524.625
699,36047042100,1544.3636363636363
700,36047042200,566.1538461538462
701,36047042300,1526.3846153846155
702,36047042400,589.1
703,36047042500,1484.6363636363637
704,36047042600,595.0
705,36047042700,1441.4
706,36047042800,535.5
707,36047042900,1385.7777777777778
708,36047043000,489.8
709,36047043100,1434.0714285714287
710,36047043200,522.375
711,36047043300,1464.1666666666667
712,36047043400,550.8
713,36047043500,1737.3333333333333
714,36047043600,567.875
715,36047043700,2059.4
716,36047043800,555.7142857142857
717,36047043900,1605.095238095238
718,36047044000,572.6153846153846
719,36047044100,1197.090909090909
720,36047044200,538.0
721,36047044300,1054.3333333333333
722,36047044400,555.2222222222222
723,36047044500,1061.25
724,36047044600,584.2222222222222
725,36047044700,1064.642857142857
726,36047044800,597.25
727,36047044900,1012.0909090909091
728,36047045000,649.625
729,36047045200,611.5714285714286
730,36047045300,1322.4333333333334
731,36047045400,551.125
732,36047045600,730.4
733,36047045800,748.8888888888889
734,36047046000,805.3571428571429
735,36047046201,729.5
736,36047046202,683.5454545454545
737,36047046400,614.0909090909091
738,36047046800,593.75
739,36047047000,620.6
740,36047047200,622.2727272727273
741,36047047400,623.5833333333334
742,36047047600,648.8571428571429
743,36047047700,1224.5757575757575
744,36047047800,669.7857142857143
745,36047048000,721.7777777777778
746,36047048100,1265.0
747,36047048200,751.5294117647059
748,36047048400,734.5
749,36047048500,1376.3548387096773
750,36047048600,866.875
751,36047048800,938.125
752,36047048900,1434.75
753,36047049000,818.3636363636364
754,36047049100,1414.7894736842106
755,36047049200,967.5555555555555
756,36047049300,1430.5263157894738
757,36047049400,1021.8333333333334
758,36047049500,1375.0833333333333
759,36047049600,1037.923076923077
760,36047049700,1303.5
761,36047049800,1134.5454545454545
762,36047049900,1269.5555555555557
763,36047050000,1297.357142857143
764,36047050100,1352.8148148148148
765,36047050202,1533.375
766,36047050300,1387.7272727272727
767,36047050400,1250.375
768,36047050500,1429.076923076923
769,36047050600,1167.3636363636363
770,36047050700,1415.0588235294117
771,36047050801,1087.5
772,36047050803,1221.6666666666667
773,36047050804,1241.125
774,36047050900,1403.25
775,36047051001,906.4
776,36047051002,1003.6
777,36047051100,1361.0
778,36047051200,1015.8571428571429
779,36047051300,1313.03125
780,36047051400,918.2
781,36047051500,1345.0
782,36047051601,1063.1
783,36047051602,999.75
784,36047051700,1258.4
785,36047051800,1011.3333333333334
786,36047051900,1250.1333333333334
787,36047052000,928.375
788,36047052300,1150.125
789,36047052500,1041.2
790,36047052600,868.5
791,36047052700,1272.0384615384614
792,36047052800,827.4545454545455
793,36047052900,1182.3636363636363
794,36047053000,750.0909090909091
795,36047053100,1265.8
796,36047053200,740.6153846153846
797,36047053300,1102.3333333333333
798,36047053400,630.1111111111111
799,36047053500,986.6923076923077
800,36047053700,1033.904761904762
801,36047053800,492.5
802,36047053900,976.5
803,36047054200,492.5
804,36047054300,1075.6607142857142
805,36047054400,465.4
806,36047054500,896.5
807,36047054600,591.4545454545455
808,36047054700,924.5833333333334
809,36047054800,701.6666666666666
810,36047054900,1082.1304347826087
811,36047055000,601.2
812,36047055100,1215.2105263157894
813,36047055200,487.7692307692308
814,36047055300,1074.125
815,36047055400,501.2
816,36047055500,1278.6521739130435
817,36047055600,564.3333333333334
818,36047055700,1196.8333333333333
819,36047055800,591.9
820,36047056000,728.25
821,36047056100,1271.1666666666667
822,36047056200,817.75
823,36047056300,1172.8823529411766
824,36047056400,835.0
825,36047056500,1196.642857142857
826,36047056600,970.75
827,36047056800,1014.0
828,36047056900,1278.909090909091
829,36047057000,1095.764705882353
830,36047057100,1301.2727272727273
831,36047057200,1139.25
832,36047057300,1394.857142857143
833,36047057400,1013.9090909090909
834,36047057500,1267.909090909091
835,36047057600,979.3636363636364
836,36047057800,822.5
837,36047057900,1388.1142857142856
838,36047058000,698.9
839,36047058200,688.875
840,36047058400,873.5833333333334
841,36047058600,854.75
842,36047058800,1118.0
843,36047058900,1236.0
844,36047059000,967.6923076923077
845,36047059100,1185.6153846153845
846,36047059200,1012.25
847,36047059300,1046.8461538461538
848,36047059401,1089.75
849,36047059402,1131.75
850,36047059600,1213.2
851,36047059800,1185.0666666666666
852,36047060000,1140.59375
853,36047060600,1174.1875
854,36047060800,1156.8805970149253
855,36047061002,807.375
856,36047061003,1314.5
857,36047061004,1007.5714285714286
858,36047061200,952.5833333333334
859,36047061600,697.8
860,36047062000,848.6666666666666
861,36047062200,1051.8484848484848
862,36047062600,1140.3
863,36047062800,838.7938931297709
864,36047063200,1066.0
865,36047063600,965.3333333333334
866,36047063800,918.4285714285714
867,36047064000,879.0
868,36047064200,726.4545454545455
869,36047064400,789.5833333333334
870,36047064600,839.7777777777778
871,36047064800,888.6666666666666
872,36047065000,869.0
873,36047065200,992.2222222222222
874,36047065400,967.75
875,36047065600,950.625
876,36047065800,928.25
877,36047066000,860.625
878,36047066200,791.75
879,36047066600,552.35
880,36047067000,777.0555555555555
881,36047067200,974.2
882,36047067400,972.2727272727273
883,36047067600,1086.5833333333333
884,36047067800,1038.375
885,36047068000,981.25
886,36047068200,871.8
887,36047068600,756.7777777777778
888,36047068800,830.1818181818181
889,36047069000,899.3333333333334
890,36047069200,985.3333333333334
891,36047069601,1059.5
892,36047069602,830.6875
893,36047069800,737.2
894,36047070000,687.9285714285714
895,36047070201,467.7692307692308
896,36047070202,205.25
897,36047070203,17.0
898,36047070600,361.42857142857144
899,36047072000,1058.5
900,36047072200,1167.6875
901,36047072400,1205.8333333333333
902,36047072600,1199.85
903,36047072800,1135.5833333333333
904,36047073000,1100.6
905,36047073200,1061.7692307692307
906,36047073400,1073.0
907,36047073600,899.5384615384615
908,36047073800,851.6923076923077
909,36047074000,1080.0
910,36047074200,1058.4444444444443
911,36047074400,833.0
912,36047074600,811.0
913,36047074800,865.5
914,36047075000,997.375
915,36047075200,880.25
916,36047075400,812.75
917,36047075600,688.375
918,36047075800,554.6153846153846
919,36047076000,686.0
920,36047076200,744.5
921,36047076400,868.75
922,36047076600,934.25
923,36047076800,505.9642857142857
924,36047077000,1039.5
925,36047077200,938.3157894736842
926,36047077400,1115.0666666666666
927,36047077600,1166.1875
928,36047078000,1115.0
929,36047078200,1139.857142857143
930,36047078400,1103.25
931,36047078600,1106.1
932,36047078800,1137.875
933,36047079000,1042.2142857142858
934,36047079200,889.9411764705883
935,36047079400,863.5
936,36047079601,1186.8
937,36047079602,1002.4
938,36047079801,1319.2
939,36047079802,1365.625
940,36047080000,1183.125
941,36047080200,1049.5555555555557
942,36047080400,881.2222222222222
943,36047080600,739.4166666666666
944,36047080800,760.6666666666666
945,36047081000,745.2857142857143
946,36047081400,799.8333333333334
947,36047081600,794.0
948,36047081800,788.375
949,36047082000,915.4
950,36047082200,958.6
951,36047082400,876.4615384615385
952,36047082600,918.2222222222222
953,36047082800,1079.4545454545455
954,36047083000,1113.4375
955,36047083200,1060.7142857142858
956,36047083400,1032.0
957,36047083600,1196.8
958,36047083800,1048.375
959,36047084000,1159.0
960,36047084600,1179.25
961,36047084800,1008.75
962,36047085000,972.4615384615385
963,36047085200,935.5
964,36047085400,938.0
965,36047085600,919.7
966,36047085800,822.6
967,36047086000,868.25
968,36047086200,927.375
969,36047086400,947.0714285714286
970,36047086600,869.6153846153846
971,36047086800,886.5
972,36047087000,879.0
973,36047087200,844.0
974,36047087401,748.2857142857143
975,36047087600,772.0
976,36047087800,846.0
977,36047088000,784.7333333333333
978,36047088200,794.5555555555555
979,36047088400,787.3333333333334
980,36047088600,918.6
981,36047088800,1009.7222222222222
982,36047089000,972.3125
983,36047089200,886.8571428571429
984,36047089400,967.3076923076923
985,36047089600,922.1666666666666
986,36047089800,975.2222222222222
987,36047090000,953.1111111111111
988,36047090200,1062.8333333333333
989,36047090600,1219.2222222222222
990,36047090800,1336.375
991,36047091000,1064.2
992,36047091200,1019.8
993,36047091600,962.7333333333333
994,36047091800,1068.357142857143
995,36047092000,1282.409090909091
996,36047092200,1299.2222222222222
997,36047092400,1044.4666666666667
998,36047092800,1195.888888888889
999,36047093000,1090.5454545454545
1000,36047093200,1215.9285714285713
1001,36047093400,1068.375
1002,36047093600,1063.090909090909
1003,36047093800,1011.7777777777778
1004,36047094401,1299.9411764705883
1005,36047094402,1269.0
1006,36047094600,1132.0
1007,36047095000,1384.076923076923
1008,36047095400,1443.5833333333333
1009,36047095600,1489.75
1010,36047095800,1470.2142857142858
1011,36047096000,1309.8461538461538
1012,36047096200,1394.6153846153845
1013,36047096400,1457.5882352941176
1014,36047096600,1536.3076923076924
1015,36047096800,1522.4375
1016,36047097000,1473.0
1017,36047097400,1566.0
1018,36047098200,1683.5
1019,36047098400,1704.1666666666667
1020,36047098600,1617.125
1021,36047098800,1555.5454545454545
1022,36047099000,1619.7777777777778
1023,36047099200,1514.7
1024,36047099400,1382.5
1025,36047099600,1436.7
1026,36047099800,1175.2777777777778
1027,36047100400,1170.7777777777778
1028,36047100600,1135.125
1029,36047100800,1327.888888888889
1030,36047101000,1429.9
1031,36047101200,1612.5
1032,36047101400,1628.75
1033,36047101600,1558.8333333333333
1034,36047101800,1167.25
1035,36047102000,1131.75
1036,36047102200,1129.5
1037,36047102400,1106.25
1038,36047102600,940.0
1039,36047102800,814.7058823529412
1040,36047103400,649.6
1041,36047105801,1496.1
1042,36047105804,1432.8181818181818
1043,36047107000,999.5454545454545
1044,36047107800,1430.8064516129032
1045,36047109800,1554.5277777777778
1046,36047110400,1591.8823529411766
1047,36047110600,1669.0
1048,36047111000,1438.0
1049,36047111600,1296.7878787878788
1050,36047111800,1217.7857142857142
1051,36047112000,1118.8461538461538
1052,36047112200,1199.5454545454545
1053,36047112400,1098.125
1054,36047112600,1141.0
1055,36047112800,1316.4166666666667
1056,36047113000,1304.4
1057,36047113200,1258.5
1058,36047113400,1141.75
1059,36047114201,1868.2272727272727
1060,36047114202,2182.5714285714284
1061,36047114400,1267.7027027027027
1062,36047114600,1547.142857142857
1063,36047115000,992.5333333333333
1064,36047115200,1003.2
1065,36047115600,1132.75
1066,36047115800,1021.75
1067,36047116000,964.9166666666666
1068,36047116200,940.0833333333334
1069,36047116400,999.8
1070,36047116600,999.5333333333333
1071,36047116800,1287.5
1072,36047117000,1059.3
1073,36047117201,1711.0
1074,36047117202,1812.6
1075,36047117400,1597.6666666666667
1076,36047117601,1531.7142857142858
1077,36047117602,1523.2857142857142
1078,36047117800,1454.2222222222222
1079,36047118000,2028.0
1080,36047118201,1591.2
1081,36047118202,1568.3333333333333
1082,36047118400,1479.7142857142858
1083,36047118600,1300.625
1084,36047118800,1243.2857142857142
1085,36047119000,1286.0
1086,36047119200,1138.5333333333333
1087,36047119400,1098.9333333333334
1088,36047119600,1206.107142857143
1089,36047119800,1310.142857142857
1090,36047120000,1292.0
1091,36047120200,1319.0
1092,36047120800,1318.6206896551723
1093,36047121000,1255.5
1094,36047121400,1296.25
1095,36047122000,1253.984375
1096,36047123700,1038.1176470588234
1097,36047150200,1602.6923076923076
1098,36047152200,1047.8
1099,36061000100,0.0
1100,36061000201,3239.8333333333335
1101,36061000202,2715.4444444444443
1102,36061000500,188.3658536585366
1103,36061000600,3741.8695652173915
1104,36061000700,3069.8285714285716
1105,36061000800,4286.387096774193
1106,36061000900,2240.6451612903224
1107,36061001001,2576.6363636363635
1108,36061001002,2917.2
1109,36061001200,3380.842105263158
1110,36061001300,3046.28125
1111,36061001401,3738.4
1112,36061001402,4152.142857142857
1113,36061001501,4259.8
1114,36061001502,3681.5172413793102
1115,36061001600,4732.2
1116,36061001800,5029.076923076923
1117,36061002000,3043.2
1118,36061002100,4398.652173913043
1119,36061002201,3978.875
1120,36061002202,4214.0
1121,36061002400,3006.076923076923
1122,36061002500,4352.642857142857
1123,36061002601,4179.4
1124,36061002602,4043.1666666666665
1125,36061002700,4888.3
1126,36061002800,3532.090909090909
1127,36061002900,5131.674418604651
1128,36061003001,4996.785714285715
1129,36061003002,5279.666666666667
1130,36061003100,5310.608695652174
1131,36061003200,5061.5
1132,36061003300,4820.340425531915
1133,36061003400,4351.666666666667
1134,36061003601,5313.571428571428
1135,36061003602,5411.0
1136,36061003700,4140.822222222222
1137,36061003800,5337.642857142857
1138,36061003900,3830.5526315789475
1139,36061004000,4814.75
1140,36061004100,5551.086956521739
1141,36061004200,5071.0
1142,36061004300,5519.071428571428
1143,36061004400,3136.576923076923
1144,36061004500,5631.583333333333
1145,36061004700,5179.619047619048
1146,36061004800,4112.25
1147,36061004900,5249.705882352941
1148,36061005000,4121.133333333333
1149,36061005200,3874.3571428571427
1150,36061005400,3362.0
1151,36061005501,5158.75
1152,36061005502,5284.5
1153,36061005600,2997.0714285714284
1154,36061005700,5037.818181818182
1155,36061005800,2602.75
1156,36061005900,4782.583333333333
1157,36061006000,3144.0
1158,36061006100,4504.818181818182
1159,36061006200,2768.9285714285716
1160,36061006300,4141.0
1161,36061006400,3572.7
1162,36061006500,4706.277777777777
1163,36061006600,3132.6428571428573
1164,36061006700,4157.130434782609
1165,36061006800,3257.0666666666666
1166,36061006900,3294.6470588235293
1167,36061007000,2484.3333333333335
1168,36061007100,3895.9444444444443
1169,36061007200,2421.0714285714284
1170,36061007300,3639.782608695652
1171,36061007400,2322.1428571428573
1172,36061007500,2912.722222222222
1173,36061007600,2266.5384615384614
1174,36061007700,3073.086956521739
1175,36061007800,1795.75
1176,36061007900,2451.4814814814813
1177,36061008000,1871.642857142857
1178,36061008100,3249.125
1179,36061008200,2015.0
1180,36061008300,2508.2
1181,36061008400,2045.7142857142858
1182,36061008601,1679.0555555555557
1183,36061008602,1524.4
1184,36061008603,1600.25
1185,36061008700,2942.75
1186,36061008800,1602.4375
1187,36061008900,2405.625
1188,36061009000,1577.9
1189,36061009100,2602.8
1190,36061009200,1756.1176470588234
1191,36061009300,2327.0833333333335
1192,36061009400,1808.6666666666667
1193,36061009500,2423.375
1194,36061009600,1768.125
1195,36061009700,2236.875
1196,36061009800,1605.9
1197,36061009900,1781.8139534883721
1198,36061010000,1780.357142857143
1199,36061010100,2243.6666666666665
1200,36061010200,1840.7857142857142
1201,36061010300,2047.0
1202,36061010400,1705.5555555555557
1203,36061010601,1637.6153846153845
1204,36061010602,1730.6
1205,36061010800,1734.5
1206,36061010900,2129.0
1207,36061011000,1823.8461538461538
1208,36061011100,1981.0
1209,36061011201,1971.75
1210,36061011202,1939.6666666666667
1211,36061011203,1826.8333333333333
1212,36061011300,1933.25
1213,36061011401,2022.5
1214,36061011402,1892.5
1215,36061011500,1956.2142857142858
1216,36061011600,1895.2727272727273
1217,36061011700,1681.2941176470588
1218,36061011800,2025.2727272727273
1219,36061011900,1763.076923076923
1220,36061012000,2037.5714285714287
1221,36061012100,1920.4444444444443
1222,36061012200,2242.9285714285716
1223,36061012400,2086.4666666666667
1224,36061012500,1822.5
1225,36061012600,2197.0
1226,36061012700,1960.25
1227,36061012800,2338.3571428571427
1228,36061012900,1622.9583333333333
1229,36061013000,2364.1428571428573
1230,36061013100,1868.6666666666667
1231,36061013200,2158.285714285714
1232,36061013300,1978.5555555555557
1233,36061013400,2382.2
1234,36061013500,1638.3636363636363
1235,36061013600,2296.5882352941176
1236,36061013700,2021.2666666666667
1237,36061013800,2457.909090909091
1238,36061013900,2055.25
1239,36061014000,2542.0714285714284
1240,36061014200,2453.285714285714
1241,36061014300,2540.403846153846
1242,36061014401,2460.75
1243,36061014402,2535.2
1244,36061014500,2174.1111111111113
1245,36061014601,2552.75
1246,36061014602,2656.714285714286
1247,36061014700,1730.3333333333333
1248,36061014801,2719.0
1249,36061014802,2844.7
1250,36061014900,2323.7272727272725
1251,36061015001,2655.25
1252,36061015002,2883.4
1253,36061015100,1629.1
1254,36061015200,2798.375
1255,36061015300,2374.6666666666665
1256,36061015400,2887.1
1257,36061015500,1696.4
1258,36061015601,3093.2
1259,36061015602,3208.5
1260,36061015700,2413.818181818182
1261,36061015801,3157.6
1262,36061015802,3320.0
1263,36061015900,1834.8235294117646
1264,36061016001,3199.5
1265,36061016002,3519.25
1266,36061016100,2308.75
1267,36061016200,2931.190476190476
1268,36061016300,1709.6666666666667
1269,36061016400,3345.3333333333335
1270,36061016500,2011.8333333333333
1271,36061016600,3531.0714285714284
1272,36061016700,1516.8823529411766
1273,36061016800,3657.8
1274,36061016900,1928.5
1275,36061017000,3276.923076923077
1276,36061017100,1389.5
1277,36061017200,3416.5714285714284
1278,36061017300,1884.5
1279,36061017401,3366.0
1280,36061017402,3249.2
1281,36061017500,1367.7142857142858
1282,36061017700,1811.076923076923
1283,36061017800,2220.3
1284,36061017900,1397.4
1285,36061018000,3077.5
1286,36061018100,1860.5714285714287
1287,36061018200,2878.4285714285716
1288,36061018300,1354.047619047619
1289,36061018400,2883.5384615384614
1290,36061018500,1975.0
1291,36061018600,2896.3636363636365
1292,36061018700,1456.5882352941176
1293,36061018800,2476.625
1294,36061018900,2329.375
1295,36061019000,2664.5
1296,36061019100,1684.0
1297,36061019200,1664.2105263157894
1298,36061019300,2502.769230769231
1299,36061019400,2076.4285714285716
1300,36061019500,1754.6666666666667
1301,36061019600,2217.0
1302,36061019701,2098.75
1303,36061019702,2643.6666666666665
1304,36061019800,2234.4545454545455
1305,36061019900,1701.4666666666667
1306,36061020000,2253.375
1307,36061020101,1952.6666666666667
1308,36061020102,2317.5
1309,36061020300,1622.25
1310,36061020500,1375.5
1311,36061020600,1789.8333333333333
1312,36061020701,1737.25
1313,36061020800,1817.5714285714287
1314,36061020901,1783.888888888889
1315,36061021000,1656.391304347826
1316,36061021100,1355.4761904761904
1317,36061021200,1671.25
1318,36061021303,1698.75
1319,36061021400,1715.2
1320,36061021500,1961.1666666666667
1321,36061021600,2879.769230769231
1322,36061021703,1603.4
1323,36061021800,2569.6666666666665
1324,36061021900,1278.576923076923
1325,36061022000,2254.5
1326,36061022102,1604.2307692307693
1327,36061022200,2151.25
1328,36061022301,945.4615384615385
1329,36061022302,898.1666666666666
1330,36061022400,1943.1818181818182
1331,36061022500,933.6875
1332,36061022600,1741.3333333333333
1333,36061022700,1342.9
1334,36061022800,1618.4444444444443
1335,36061022900,913.2142857142857
1336,36061023000,1560.2222222222222
1337,36061023100,1325.1538461538462
1338,36061023200,1626.875
1339,36061023300,932.75
1340,36061023400,1584.0
1341,36061023501,1405.1333333333334
1342,36061023502,1505.6
1343,36061023600,1598.6666666666667
1344,36061023700,1001.75
1345,36061023801,2047.0
1346,36061023802,2518.6153846153848
1347,36061023900,1375.8333333333333
1348,36061024000,1109.4545454545455
1349,36061024100,1056.5714285714287
1350,36061024200,1740.2592592592594
1351,36061024301,1543.6
1352,36061024302,1543.5
1353,36061024500,1391.3125
1354,36061024700,1230.9
1355,36061024900,1777.0
1356,36061025100,1671.5714285714287
1357,36061025300,1895.6875
1358,36061025500,1746.4545454545455
1359,36061025700,1995.75
1360,36061025900,1512.2222222222222
1361,36061026100,2170.9375
1362,36061026300,2111.65
1363,36061026500,1982.1666666666667
1364,36061026700,2168.0
1365,36061026900,2199.5
1366,36061027100,2128.9444444444443
1367,36061027300,1959.3333333333333
1368,36061027500,1812.5454545454545
1369,36061027700,2193.4
1370,36061027900,2132.733333333333
1371,36061028100,2009.6666666666667
1372,36061028300,2068.125
1373,36061028500,1940.8333333333333
1374,36061028700,1558.0
1375,36061029100,1790.2222222222222
1376,36061029300,1695.1666666666667
1377,36061029500,1466.4444444444443
1378,36061029700,1109.6666666666667
1379,36061029900,1749.8333333333333
1380,36061030300,1525.4166666666667
1381,36061030700,1456.7142857142858
1382,36061030900,1213.9375
1383,36061031100,2074.4285714285716
1384,36061031703,3231.733333333333
1385,36061031704,2597.9444444444443
1386,36061031900,1886.0
1387,36081000100,1524.3898305084747
1388,36081000200,1939.8181818181818
1389,36081000400,1411.6470588235295
1390,36081000600,1226.5217391304348
1391,36081000700,1562.8196721311476
1392,36081000800,949.0833333333334
1393,36081001000,985.1111111111111
1394,36081001200,1418.0714285714287
1395,36081001400,865.5625
1396,36081001600,928.25
1397,36081001800,903.0
1398,36081001900,1982.6753246753246
1399,36081002000,868.625
1400,36081002200,787.9166666666666
1401,36081002400,802.6666666666666
1402,36081002500,2332.125
1403,36081002600,816.9090909090909
1404,36081002800,814.3888888888889
1405,36081003000,845.4285714285714
1406,36081003100,2614.3125
1407,36081003200,867.5
1408,36081003300,2521.878048780488
1409,36081003400,1096.157894736842
1410,36081003600,1082.3333333333333
1411,36081003700,2610.125
1412,36081003800,902.0714285714286
1413,36081003900,2758.0
1414,36081004001,922.8461538461538
1415,36081004002,938.8
1416,36081004200,1140.1764705882354
1417,36081004300,2829.0
1418,36081004401,1306.12
1419,36081004500,3041.6315789473683
1420,36081004700,2971.5
1421,36081005000,1283.0
1422,36081005100,2776.0
1423,36081005200,1180.9
1424,36081005300,3081.1666666666665
1425,36081005400,1092.4615384615386
1426,36081005500,2609.0
1427,36081005700,2872.6428571428573
1428,36081005800,1200.4347826086957
1429,36081005900,3086.1111111111113
1430,36081006100,3269.1111111111113
1431,36081006201,1106.6923076923076
1432,36081006202,1208.859375
1433,36081006300,3232.5555555555557
1434,36081006501,2908.4285714285716
1435,36081006502,2909.4285714285716
1436,36081006900,2899.6363636363635
1437,36081007100,3064.875
1438,36081007300,3269.0
1439,36081007500,3273.6
1440,36081007700,3102.875
1441,36081007900,2983.5555555555557
1442,36081008100,2741.6666666666665
1443,36081008300,2714.6428571428573
1444,36081008500,2740.125
1445,36081008600,949.8275862068965
1446,36081008700,2443.0
1447,36081008800,1014.9714285714285
1448,36081009100,2460.6666666666665
1449,36081009400,850.5833333333334
1450,36081009500,2777.65
1451,36081009600,796.6153846153846
1452,36081009700,2519.6923076923076
1453,36081009800,759.6363636363636
1454,36081009900,2298.1666666666665
1455,36081010000,716.7692307692307
1456,36081010100,2233.3529411764707
1457,36081010200,628.3888888888889
1458,36081010300,1845.5714285714287
1459,36081010400,686.5
1460,36081010500,1568.5555555555557
1461,36081010600,645.4
1462,36081010701,954.0
1463,36081010800,698.0
1464,36081011000,797.0
1465,36081011100,1856.2
1466,36081011200,864.0
1467,36081011300,2158.714285714286
1468,36081011400,832.0
1469,36081011500,2599.923076923077
1470,36081011600,840.1818181818181
1471,36081011700,2549.909090909091
1472,36081011800,780.4545454545455
1473,36081011900,2208.2
1474,36081012000,680.7
1475,36081012100,1925.6666666666667
1476,36081012200,813.6666666666666
1477,36081012301,1512.6470588235295
1478,36081012400,793.2
1479,36081012500,2753.4285714285716
1480,36081012601,824.0
1481,36081012602,833.2222222222222
1482,36081012800,798.5
1483,36081013000,818.7857142857143
1484,36081013200,877.44
1485,36081013400,993.25
1486,36081013500,1733.4285714285713
1487,36081013600,1136.857142857143
1488,36081013700,2282.576923076923
1489,36081013800,1304.4166666666667
1490,36081014000,1185.3684210526317
1491,36081014100,2403.625
1492,36081014201,1258.6666666666667
1493,36081014202,1632.344827586207
1494,36081014300,2613.4
1495,36081014400,937.3333333333334
1496,36081014500,2496.8333333333335
1497,36081014700,2702.8888888888887
1498,36081014800,1229.642857142857
1499,36081014900,2978.8571428571427
1500,36081015000,1248.1666666666667
1501,36081015100,2655.875
1502,36081015200,1996.1333333333334
1503,36081015300,2699.2
1504,36081015400,1208.3333333333333
1505,36081015500,3102.5
1506,36081015600,1058.6666666666667
1507,36081015700,2678.1111111111113
1508,36081015801,1681.6666666666667
1509,36081015802,943.2352941176471
1510,36081015900,2753.3
1511,36081016100,2568.875
1512,36081016300,2459.5625
1513,36081016400,1052.4545454545455
1514,36081016600,646.0
1515,36081016800,705.9473684210526
1516,36081016900,2021.1612903225807
1517,36081017000,1302.5333333333333
1518,36081017100,2149.8372093023254
1519,36081017200,1308.6875
1520,36081017400,1320.5
1521,36081017600,1311.9285714285713
1522,36081017800,1314.5333333333333
1523,36081017900,1682.6666666666667
1524,36081018000,1604.8461538461538
1525,36081018101,1452.625
1526,36081018102,1375.625
1527,36081018200,2019.047619047619
1528,36081018300,1423.4705882352941
1529,36081018401,2500.181818181818
1530,36081018402,2557.9285714285716
1531,36081018501,1011.5714285714286
1532,36081018502,1013.7
1533,36081018600,2208.0
1534,36081018700,956.8064516129032
1535,36081018800,2228.7
1536,36081018900,1064.7857142857142
1537,36081019000,2691.909090909091
1538,36081019200,2247.8333333333335
1539,36081019400,2192.1304347826085
1540,36081019600,2553.470588235294
1541,36081019800,2639.2083333333335
1542,36081019900,1094.2533333333333
1543,36081020200,2099.2727272727275
1544,36081020400,2861.153846153846
1545,36081020500,1021.219512195122
1546,36081020600,2370.6470588235293
1547,36081020800,2706.2272727272725
1548,36081021200,2292.0
1549,36081021400,1972.7307692307693
1550,36081021600,1508.967741935484
1551,36081021900,1099.6923076923076
1552,36081022001,1628.1290322580646
1553,36081022002,1860.6315789473683
1554,36081022900,1403.4705882352941
1555,36081023000,2122.285714285714
1556,36081023200,2253.0
1557,36081023500,1281.2608695652175
1558,36081023600,2708.0
1559,36081023800,2384.4166666666665
1560,36081024000,2798.733333333333
1561,36081024300,1616.75
1562,36081024500,1600.7037037037037
1563,36081024600,3400.266666666667
1564,36081024700,1496.875
1565,36081024900,1639.2
1566,36081025100,1719.2222222222222
1567,36081025301,1443.9285714285713
1568,36081025302,1491.0
1569,36081025400,3257.953488372093
1570,36081025500,2216.529411764706
1571,36081025700,2134.2727272727275
1572,36081025800,2930.1176470588234
1573,36081025900,2007.8125
1574,36081026000,3025.3571428571427
1575,36081026100,1786.0
1576,36081026200,3029.9166666666665
1577,36081026300,1559.35
1578,36081026400,2866.5555555555557
1579,36081026500,1502.0
1580,36081026600,2774.3636363636365
1581,36081026700,1480.3684210526317
1582,36081026901,1440.0
1583,36081026902,1406.5
1584,36081027000,2939.625
1585,36081027100,1361.4
1586,36081027200,2842.625
1587,36081027300,1074.7142857142858
1588,36081027400,2951.25
1589,36081027500,1143.3076923076924
1590,36081027600,2960.4166666666665
1591,36081027700,1197.9
1592,36081027800,2940.222222222222
1593,36081027900,1287.7
1594,36081028000,2866.9
1595,36081028100,1356.8
1596,36081028200,2828.0
1597,36081028300,1398.7
1598,36081028400,2773.7096774193546
1599,36081028500,1391.2222222222222
1600,36081028700,1410.1538461538462
1601,36081028800,2881.897435897436
1602,36081028900,1434.75
1603,36081029100,1681.409090909091
1604,36081029300,1981.2857142857142
1605,36081029400,2499.2571428571428
1606,36081029500,2357.9375
1607,36081029700,2276.358974358974
1608,36081029900,2285.0
1609,36081030600,1798.9882352941177
1610,36081030902,2007.7307692307693
1611,36081030903,1582.6
1612,36081030904,1632.12
1613,36081031700,1546.8461538461538
1614,36081032000,1341.948717948718
1615,36081032700,1426.6666666666667
1616,36081032800,1798.7272727272727
1617,36081032900,1398.7586206896551
1618,36081033000,2103.938775510204
1619,36081033100,676.375
1620,36081033401,2777.2285714285713
1621,36081033402,2663.9545454545455
1622,36081033700,1366.6
1623,36081033900,1266.0
1624,36081034700,1107.909090909091
1625,36081035100,1219.6666666666667
1626,36081035200,2277.896551724138
1627,36081035300,1129.7142857142858
1628,36081035700,782.8529411764706
1629,36081035800,1678.3333333333333
1630,36081036100,1043.857142857143
1631,36081036300,976.4444444444445
1632,36081036500,808.1538461538462
1633,36081036600,2684.6785714285716
1634,36081036700,827.375
1635,36081036800,2786.55
1636,36081037100,625.1
1637,36081037300,689.0
1638,36081037500,1046.4166666666667
1639,36081037600,2309.9811320754716
1640,36081037700,977.8
1641,36081037900,917.6923076923077
1642,36081038100,819.2631578947369
1643,36081038301,1954.2631578947369
1644,36081038302,1677.8814229249012
1645,36081038400,1815.6923076923076
1646,36081039400,2625.5185185185187
1647,36081039800,2744.5555555555557
1648,36081039900,1070.5555555555557
1649,36081040000,2720.375
1650,36081040100,1116.4166666666667
1651,36081040200,2759.45
1652,36081040300,1095.0
1653,36081040400,2824.0
1654,36081040500,1050.5454545454545
1655,36081040700,1000.0
1656,36081040900,1000.2307692307693
1657,36081041100,1178.5833333333333
1658,36081041300,1156.2857142857142
1659,36081041400,2888.3478260869565
1660,36081041500,1249.2727272727273
1661,36081042400,2784.032258064516
1662,36081042600,2831.0
1663,36081042700,1341.923076923077
1664,36081043200,2834.6666666666665
1665,36081043400,2730.176470588235
1666,36081043701,1434.0666666666666
1667,36081043702,1463.0
1668,36081043900,1349.578947368421
1669,36081044000,3172.9285714285716
1670,36081044301,1301.857142857143
1671,36081044302,1351.1764705882354
1672,36081044400,2980.4418604651164
1673,36081044601,3104.0
1674,36081044602,2724.3
1675,36081044800,2468.4615384615386
1676,36081045000,2074.8
1677,36081045200,2183.75
1678,36081045400,2370.125
1679,36081045500,1425.8333333333333
1680,36081045600,1912.2
1681,36081045700,1389.3
1682,36081045800,2108.0
1683,36081045900,1360.2
1684,36081046000,2723.5789473684213
1685,36081046100,1316.6363636363637
1686,36081046200,2588.222222222222
1687,36081046300,1265.909090909091
1688,36081046400,1780.2666666666667
1689,36081046500,1126.923076923077
1690,36081046600,2219.75
1691,36081046700,1258.7272727272727
1692,36081046800,2505.0714285714284
1693,36081046900,1289.7692307692307
1694,36081047000,2407.842105263158
1695,36081047100,1324.1666666666667
1696,36081047200,1652.3461538461538
1697,36081047300,1318.090909090909
1698,36081047500,1339.892857142857
1699,36081047600,1194.576923076923
1700,36081047800,1743.28
1701,36081047900,1231.2692307692307
1702,36081048000,2324.2
1703,36081048100,1336.75
1704,36081048200,2351.9166666666665
1705,36081048300,1449.1
1706,36081048400,2090.0
1707,36081048500,1311.85
1708,36081048900,1589.0645161290322
1709,36081049200,1251.08
1710,36081049301,1601.6923076923076
1711,36081049302,1235.8636363636363
1712,36081049500,1052.7222222222222
1713,36081049600,1669.7272727272727
1714,36081049700,1389.4545454545455
1715,36081049900,1311.1724137931035
1716,36081050000,2518.217391304348
1717,36081050201,2753.3076923076924
1718,36081050202,2568.230769230769
1719,36081050400,2832.9
1720,36081050500,1420.6153846153845
1721,36081050600,2768.8571428571427
1722,36081050700,1295.6774193548388
1723,36081050800,2460.266666666667
1724,36081051000,2171.6428571428573
1725,36081051100,1465.9259259259259
1726,36081051200,1854.107142857143
1727,36081051300,1652.0555555555557
1728,36081051500,1539.8125
1729,36081051600,1769.2666666666667
1730,36081051700,1386.037037037037
1731,36081051800,2323.1666666666665
1732,36081052000,2592.6666666666665
1733,36081052100,1102.090909090909
1734,36081052200,2773.25
1735,36081052400,2874.8333333333335
1736,36081052500,912.75
1737,36081052600,2845.0833333333335
1738,36081052800,2687.5
1739,36081053000,2320.5
1740,36081053100,1259.9722222222222
1741,36081053200,2008.0588235294117
1742,36081053401,1522.6
1743,36081053500,919.6923076923077
1744,36081053601,1654.6666666666667
1745,36081053800,1378.0
1746,36081053900,1002.3703703703703
1747,36081054000,1243.28125
1748,36081054200,1287.5714285714287
1749,36081054500,1121.3
1750,36081054700,1268.7272727272727
1751,36081054800,1298.4545454545455
1752,36081054900,1357.2
1753,36081055100,1559.5625
1754,36081055200,1082.2121212121212
1755,36081055300,1615.0
1756,36081055400,1069.3846153846155
1757,36081055500,2074.4
1758,36081055600,1134.0833333333333
1759,36081055700,2147.842105263158
1760,36081055800,1121.6666666666667
1761,36081055900,2298.6923076923076
1762,36081056000,1080.3636363636363
1763,36081056100,2450.75
1764,36081056200,982.0769230769231
1765,36081056400,850.3076923076923
1766,36081056500,2392.3
1767,36081056600,942.9230769230769
1768,36081056700,2298.125
1769,36081056800,730.5483870967741
1770,36081057700,1985.375
1771,36081057900,1436.142857142857
1772,36081058000,526.7441860465116
1773,36081058100,1361.8
1774,36081058200,936.3529411764706
1775,36081058300,1741.75
1776,36081058500,1359.0
1777,36081058700,1178.0
1778,36081058900,1321.4375
1779,36081059000,909.4166666666666
1780,36081059100,1174.0625
1781,36081059200,448.8
1782,36081059300,1035.5
1783,36081059400,462.0
1784,36081059500,934.3703703703703
1785,36081059600,914.6666666666666
1786,36081059800,1243.7692307692307
1787,36081059900,837.5
1788,36081060000,622.5454545454545
1789,36081060100,830.0
1790,36081060300,808.2
1791,36081060600,733.5714285714286
1792,36081060701,830.25
1793,36081060800,1229.3846153846155
1794,36081061000,1325.875
1795,36081061200,851.2352941176471
1796,36081061301,970.5454545454545
1797,36081061302,1274.0
1798,36081061400,541.9333333333333
1799,36081061601,751.8214285714286
1800,36081061602,742.304347826087
1801,36081061800,984.25
1802,36081061900,1506.7222222222222
1803,36081062000,1003.3846153846154
1804,36081062100,1551.0
1805,36081062200,397.3125
1806,36081062300,1797.3076923076924
1807,36081062400,1378.0
1808,36081062500,1859.0
1809,36081062600,1613.5333333333333
1810,36081062700,1634.9166666666667
1811,36081062900,2184.684210526316
1812,36081063000,1337.7272727272727
1813,36081063200,1182.0
1814,36081063301,1669.888888888889
1815,36081063302,1679.6666666666667
1816,36081063500,1757.2
1817,36081063700,1368.9655172413793
1818,36081063800,891.1639344262295
1819,36081063900,1142.888888888889
1820,36081064101,762.5
1821,36081064102,1345.741935483871
1822,36081064500,931.9411764705883
1823,36081064600,1259.08
1824,36081065000,1262.0
1825,36081065400,834.6904761904761
1826,36081065501,1297.5
1827,36081065600,557.8695652173913
1828,36081065702,865.0
1829,36081065703,1032.4705882352941
1830,36081065900,879.421052631579
1831,36081066000,588.2142857142857
1832,36081066100,933.1111111111111
1833,36081066300,1175.75
1834,36081066400,383.1573033707865
1835,36081066501,921.1851851851852
1836,36081066701,918.8
1837,36081066900,1042.6666666666667
1838,36081067100,1260.1764705882354
1839,36081067700,1166.5882352941176
1840,36081067900,1389.888888888889
1841,36081068000,1070.0
1842,36081068200,1364.304347826087
1843,36081068300,1437.9333333333334
1844,36081068700,1470.6190476190477
1845,36081069000,981.2083333333334
1846,36081069300,1549.875
1847,36081069400,627.3636363636364
1848,36081069500,1497.857142857143
1849,36081069701,1696.0
1850,36081069702,1531.4137931034484
1851,36081070300,1245.5625
1852,36081070700,1259.8823529411766
1853,36081070900,1527.2777777777778
1854,36081071100,1532.5
1855,36081071303,1529.6
1856,36081071304,1624.25
1857,36081071305,1571.7142857142858
1858,36081071306,1704.4444444444443
1859,36081071600,865.5945945945946
1860,36081071701,1573.357142857143
1861,36081071702,1480.8125
1862,36081071900,1491.076923076923
1863,36081072100,1554.7272727272727
1864,36081072300,1351.655172413793
1865,36081072900,1134.5384615384614
1866,36081073100,1167.0833333333333
1867,36081073700,1318.0454545454545
1868,36081073900,1493.6470588235295
1869,36081074100,1531.3333333333333
1870,36081074300,1518.4166666666667
1871,36081074500,1474.75
1872,36081074700,1671.7857142857142
1873,36081074900,1213.774193548387
1874,36081075701,1484.5384615384614
1875,36081075702,1761.909090909091
1876,36081076901,1246.8
1877,36081076902,1226.375
1878,36081077300,1130.157894736842
1879,36081077500,1146.6
1880,36081077902,2247.8518518518517
1881,36081077903,1858.4375
1882,36081077904,1882.8148148148148
1883,36081077905,1729.2
1884,36081077906,2682.6875
1885,36081077907,2495.75
1886,36081077908,2435.1
1887,36081078800,2231.285714285714
1888,36081079000,1982.3157894736842
1889,36081079200,1794.4583333333333
1890,36081079300,2576.0
1891,36081079701,3372.6
1892,36081079702,3197.1
1893,36081079900,2999.0
1894,36081080301,2667.733333333333
1895,36081080302,2730.4545454545455
1896,36081080900,2651.703703703704
1897,36081081400,1500.6296296296296
1898,36081081800,1109.3333333333333
1899,36081083700,2819.1794871794873
1900,36081083800,815.1290322580645
1901,36081084000,743.5
1902,36081084500,3093.1
1903,36081084601,845.448275862069
1904,36081084602,941.5909090909091
1905,36081084900,2881.4285714285716
1906,36081085300,3223.0
1907,36081085500,3596.75
1908,36081085700,3592.0
1909,36081085900,3583.9
1910,36081086100,3505.1111111111113
1911,36081086300,3615.714285714286
1912,36081086400,820.0666666666667
1913,36081086500,3530.3333333333335
1914,36081086900,2690.5945945945946
1915,36081087100,2935.3125
1916,36081088400,801.8396226415094
1917,36081088901,2786.2285714285713
1918,36081089200,710.7984496124031
1919,36081090700,1949.872340425532
1920,36081091601,723.4683544303797
1921,36081091602,534.6176470588235
1922,36081091800,626.8
1923,36081091900,1901.0833333333333
1924,36081092200,399.17391304347825
1925,36081092500,2149.5666666666666
1926,36081092800,221.3095238095238
1927,36081092900,1509.530612244898
1928,36081093401,236.38709677419354
1929,36081093402,321.46153846153845
1930,36081093800,440.8
1931,36081093900,1605.5945945945946
1932,36081094201,622.4242424242424
1933,36081094202,729.0612244897959
1934,36081094203,706.6666666666666
1935,36081094500,1984.840579710145
1936,36081094700,2133.2
1937,36081095400,729.0689655172414
1938,36081096400,706.64
1939,36081097202,529.8181818181819
1940,36081097203,533.9230769230769
1941,36081097204,553.3181818181819
1942,36081097300,1632.4117647058824
1943,36081098100,1628.0625
1944,36081098700,2154.1666666666665
1945,36081099100,2241.231884057971
1946,36081099200,580.6888888888889
1947,36081099701,2733.1470588235293
1948,36081099703,1620.0
1949,36081099704,2160.5
1950,36081099705,2069.8888888888887
1951,36081099801,855.1142857142858
1952,36081099802,673.8235294117648
1953,36081099900,936.5135135135135
1954,36081100801,373.0
1955,36081100802,798.2075471698113
1956,36081101001,778.7352941176471
1957,36081101002,504.13793103448273
1958,36081101700,2872.1846153846154
1959,36081102900,3082.457142857143
1960,36081103201,597.2173913043479
1961,36081103202,599.3636363636364
1962,36081103300,3179.4871794871797
1963,36081103900,2624.4310344827586
1964,36081104700,2909.591836734694
1965,36081105900,3102.0
1966,36081107201,131.4
1967,36081107202,104.0
1968,36081108500,2313.4285714285716
1969,36081109300,1954.9130434782608
1970,36081109700,2024.8857142857144
1971,36081109900,2125.6428571428573
1972,36081111300,1512.325
1973,36081112300,1841.3478260869565
1974,36081112900,1953.7272727272727
1975,36081113300,2035.0434782608695
1976,36081113900,2156.5588235294117
1977,36081114100,2600.3333333333335
1978,36081114700,3006.842105263158
1979,36081115100,3202.375
1980,36081115500,3162.8571428571427
1981,36081115700,3261.8214285714284
1982,36081115900,3315.3529411764707
1983,36081116100,3241.0
1984,36081116300,3534.090909090909
1985,36081116700,3312.266666666667
1986,36081117100,3075.0625
1987,36081117500,2472.1463414634145
1988,36081118100,1901.1538461538462
1989,36081118500,2805.714285714286
1990,36081118700,3380.2727272727275
1991,36081118900,3289.714285714286
1992,36081119100,2988.9
1993,36081119300,2532.9
1994,36081119500,2386.7
1995,36081119900,2863.9
1996,36081120100,3146.5
1997,36081120300,2733.2
1998,36081120500,3161.8333333333335
1999,36081120700,2226.3703703703704
2000,36081121100,2038.0
2001,36081121500,2282.9
2002,36081122300,1684.611111111111
2003,36081122701,2060.5555555555557
2004,36081122702,2324.1428571428573
2005,36081124100,1819.871794871795
2006,36081124700,1343.111111111111
2007,36081125700,2087.222222222222
2008,36081126500,1663.8
2009,36081126700,1628.148148148148
2010,36081127700,984.4915254237288
2011,36081128300,927.0833333333334
2012,36081129102,1091.7735849056603
2013,36081129103,954.9473684210526
2014,36081129104,1218.5666666666666
2015,36081130100,1036.71875
2016,36081133300,982.8055555555555
2017,36081133900,1081.9166666666667
2018,36081134100,1385.3
2019,36081134700,1127.6315789473683
2020,36081136700,1241.65
2021,36081137700,1109.0857142857142
2022,36081138501,1144.891304347826
2023,36081138502,950.7027027027027
2024,36081139900,1464.7307692307693
2025,36081140300,1322.0384615384614
2026,36081140901,1177.7058823529412
2027,36081140902,1281.35
2028,36081141700,1549.8461538461538
2029,36081142900,1549.05
2030,36081143500,1603.142857142857
2031,36081144100,1570.28
2032,36081144700,1682.6923076923076
2033,36081145101,1659.357142857143
2034,36081145102,1596.857142857143
2035,36081145900,1973.4347826086957
2036,36081146300,1792.4444444444443
2037,36081146700,1825.6538461538462
2038,36081147100,1541.96875
2039,36081147900,579.8695652173913
2040,36081148300,413.11392405063293
2041,36081150701,913.6851851851852
2042,36081150702,795.9642857142857
2043,36081152901,1066.6976744186047
2044,36081152902,1176.2916666666667
2045,36081155101,1312.75
2046,36081155102,1304.0
2047,36081156700,995.8125
2048,36081157101,1107.5977011494253
2049,36081157102,977.6818181818181
2050,36081157901,834.4677419354839
2051,36081157902,1250.9591836734694
2052,36081157903,450.1509433962264
2053,36081161700,616.5490196078431
2054,36081162100,877.1851851851852
2055,36085000300,0.0
2056,36085000600,0.0
2057,36085000700,0.0
2058,36085000800,0.0
2059,36085000900,0.0
2060,36085001100,0.0
2061,36085001700,0.0
2062,36085001800,0.0
2063,36085002001,0.0
2064,36085002002,0.0
2065,36085002100,0.0
2066,36085002700,0.0
2067,36085002900,0.0
2068,36085003300,0.0
2069,36085003600,0.0
2070,36085003900,0.0
2071,36085004000,0.0
2072,36085004700,0.0
2073,36085005000,0.0
2074,36085005900,0.0
2075,36085006400,0.0
2076,36085006700,0.0
2077,36085007000,0.0
2078,36085007400,0.0
2079,36085007500,0.0
2080,36085007700,0.0
2081,36085008100,0.0
2082,36085009601,0.0
2083,36085009602,0.0
2084,36085009700,0.0
2085,36085010500,0.0
2086,36085011201,0.0
2087,36085011202,0.0
2088,36085011401,0.0
2089,36085011402,0.0
2090,36085012100,0.0
2091,36085012200,0.0
2092,36085012500,0.0
2093,36085012804,0.0
2094,36085012805,0.0
2095,36085012806,0.0
2096,36085013201,0.0
2097,36085013203,0.0
2098,36085013204,0.0
2099,36085013301,0.0
2100,36085013302,0.0
2101,36085013400,0.0
2102,36085013800,0.0
2103,36085014100,0.0
2104,36085014604,0.0
2105,36085014605,0.0
2106,36085014606,0.0
2107,36085014607,0.0
2108,36085014608,0.0
2109,36085014700,0.0
2110,36085015100,0.0
2111,36085015400,0.0
2112,36085015601,0.0
2113,36085015602,0.0
2114,36085015603,0.0
2115,36085016901,0.0
2116,36085017005,0.0
2117,36085017007,0.0
2118,36085017008,0.0
2119,36085017009,0.0
2120,36085017010,0.0
2121,36085017011,0.0
2122,36085017012,0.0
2123,36085017300,0.0
2124,36085017600,0.0
2125,36085017700,0.0
2126,36085018100,0.0
2127,36085018701,0.0
2128,36085018702,0.0
2129,36085018901,0.0
2130,36085018902,0.0
2131,36085019700,0.0
2132,36085019800,0.0
2133,36085020100,0.0
2134,36085020700,0.0
2135,36085020801,0.0
2136,36085020803,0.0
2137,36085020804,0.0
2138,36085021300,0.0
2139,36085022300,0.0
2140,36085022600,0.0
2141,36085022800,0.0
2142,36085023100,0.0
2143,36085023900,0.0
2144,36085024401,0.0
2145,36085024402,0.0
2146,36085024700,0.0
2147,36085024800,0.0
2148,36085025100,0.0
2149,36085027301,0.0
2150,36085027302,0.0
2151,36085027702,0.0
2152,36085027704,0.0
2153,36085027705,0.0
2154,36085027706,0.0
2155,36085027900,0.0
2156,36085029102,0.0
2157,36085029103,0.0
2158,36085029104,0.0
2159,36085030301,0.0
2160,36085030302,0.0
2161,36085031901,0.0
2162,36085031902,0.0
2163,36085032300,0.0
2164,36085990100,0.0
