,GeoID,T_Transit
0,36005000100,9.01631953836444e-05
1,36005000200,0.0025230232138199475
2,36005000400,0.002078120558949198
3,36005001600,0.005440368598263335
4,36005001900,0.02125296582361553
5,36005002000,0.003423306481375431
6,36005002300,0.01562943442124468
7,36005002400,10.15
8,36005002500,0.011723729739573849
9,36005002701,0.01792483135239319
10,36005002702,0.01355679702048417
11,36005002800,0.008201721234302689
12,36005003100,0.04030284055331018
13,36005003300,0.019878744168225562
14,36005003500,0.018693882559875648
15,36005003700,0.3346938775510204
16,36005003800,0.024367088607594938
17,36005003900,0.011088803088803088
18,36005004001,0.0392018779342723
19,36005004100,0.01248571894891464
20,36005004200,0.007023192869475944
21,36005004300,0.017438027426160338
22,36005004400,0.011340421096518657
23,36005004600,0.027702201335641854
24,36005004800,0.010893638938964717
25,36005005001,0.00998531571218796
26,36005005002,0.007928330184898963
27,36005005100,0.01490041799852471
28,36005005200,0.028627699233312234
29,36005005300,0.014074595355383532
30,36005005400,0.01019420240332593
31,36005005600,0.019964957580228697
32,36005005902,0.033985282726568554
33,36005006000,0.04956115629277719
34,36005006100,0.024589280904928627
35,36005006200,0.008601800629135481
36,36005006300,0.018569920516641827
37,36005006400,0.015124779430299974
38,36005006500,0.01721610510421144
39,36005006700,0.013258877434135166
40,36005006800,0.01715567828788402
41,36005006900,0.011707503378576884
42,36005007000,0.012315564017134698
43,36005007100,0.04652714878199934
44,36005007200,0.010861561119293078
45,36005007300,0.02150012843565374
46,36005007400,0.008124759337697343
47,36005007500,0.01710530176334243
48,36005007600,0.011571397987582959
49,36005007700,0.0453208787407023
50,36005007800,0.006889590418253011
51,36005007900,0.011829356724124373
52,36005008300,0.011163978182662179
53,36005008400,0.006234203875315923
54,36005008500,0.013391409763042528
55,36005008600,0.006513409961685823
56,36005008700,0.013226146660640108
57,36005008900,0.019239848914069876
58,36005009000,0.005164303245159531
59,36005009200,0.008869842535379709
60,36005009300,0.00562063729424195
61,36005009600,0.010472886147519919
62,36005009800,0.007066296149265582
63,36005011000,0.07347839798170924
64,36005011502,0.012126642771804062
65,36005011700,0.013382035530466544
66,36005011800,0.0005966092706451667
67,36005011900,0.010721465266919812
68,36005012101,0.02087378640776699
69,36005012102,0.041385652973635806
70,36005012300,0.014720049869658846
71,36005012500,0.0168465337479422
72,36005012701,0.030681313803817133
73,36005012901,0.01774595267745953
74,36005013000,0.00998062015503876
75,36005013100,0.013406185519475278
76,36005013200,0.001539086144533845
77,36005013300,0.012670565302144249
78,36005013500,0.01939715322355568
79,36005013800,0.0023397919325521136
80,36005014100,0.025249522460183933
81,36005014300,0.08740445330674643
82,36005014400,0.0020855710705334767
83,36005014500,0.01195934586581079
84,36005014701,0.009441262962389722
85,36005014702,0.01118255521386637
86,36005014900,0.012488201553764613
87,36005015100,0.011472648466547525
88,36005015200,0.005654889038058624
89,36005015300,0.012031753907219053
90,36005015500,0.0166864749227478
91,36005015700,0.01532122905027933
92,36005015800,0.010696517412935324
93,36005015900,0.029574861367837338
94,36005016000,0.0025326627397240617
95,36005016100,0.011821410451547438
96,36005016200,0.007292255511588468
97,36005016300,inf
98,36005016400,0.00970808332771523
99,36005016500,0.057820545285726346
100,36005016600,0.006074743645818146
101,36005016700,0.0299875991131487
102,36005016900,0.03453311571170862
103,36005017100,inf
104,36005017300,0.013919046823673514
105,36005017500,0.012154536246563449
106,36005017701,0.017133541819149643
107,36005017702,0.013631633714880333
108,36005017901,0.018516142826598244
109,36005017902,0.018678561471982158
110,36005018101,0.026111111111111113
111,36005018102,0.015166516651665166
112,36005018301,0.017281767955801105
113,36005018302,0.02275843158760625
114,36005018400,0.003357420789327404
115,36005018500,0.009881834687620918
116,36005018900,0.013007395940832472
117,36005019300,0.017296199497261574
118,36005019400,0.009430344690460299
119,36005019500,0.009775423132823854
120,36005019700,0.010651913078256234
121,36005019900,0.010158613359496362
122,36005020000,0.0069508507585075855
123,36005020100,0.019347121853974584
124,36005020200,0.016874077198903187
125,36005020400,0.016037390029325513
126,36005020501,0.010182961692395654
127,36005020502,0.036281179138321996
128,36005020601,0.013629976580796252
129,36005020900,0.017243751433157532
130,36005021001,0.006171028439541525
131,36005021002,0.007625946213459008
132,36005021100,0.01234363121155574
133,36005021200,0.010100626542623885
134,36005021301,0.05636969192339717
135,36005021302,0.012668513388734995
136,36005021501,0.017969195664575013
137,36005021502,0.01057676417121137
138,36005021601,0.014376287842764306
139,36005021602,0.009834779356086525
140,36005021700,0.013048368953880764
141,36005021800,0.009376132308196299
142,36005021900,0.05157278712509144
143,36005022000,0.03698722259583053
144,36005022101,0.018446349701221096
145,36005022102,0.013119533527696793
146,36005022200,0.0135140771637122
147,36005022300,0.013696255201109571
148,36005022401,0.01872757965815573
149,36005022403,0.016813048933500628
150,36005022404,0.010518645249184172
151,36005022500,0.009270412621932497
152,36005022701,0.014389767276603306
153,36005022702,0.047086521483225424
154,36005022703,0.049999999999999996
155,36005022800,0.007786533719309531
156,36005022901,0.014219207235967013
157,36005022902,0.022369167648727685
158,36005023000,0.016858757062146894
159,36005023100,0.044195557207918956
160,36005023200,0.018930853062758362
161,36005023301,0.01609422993932932
162,36005023302,0.020849194729136166
163,36005023501,0.023271475606105957
164,36005023502,0.017698358413132696
165,36005023600,0.027734079123696322
166,36005023702,0.072522159548751
167,36005023703,0.018037312012183514
168,36005023704,0.025412453432676955
169,36005023800,0.0178366566511882
170,36005023900,0.01159559175850503
171,36005024000,0.015198351365275631
172,36005024100,0.012940795858945324
173,36005024300,0.012371738493110523
174,36005024400,0.023820754716981134
175,36005024501,0.014185855263157895
176,36005024502,0.021703296703296703
177,36005024600,0.024821833495302884
178,36005024700,0.0409782960803369
179,36005024800,0.016750916840122906
180,36005024900,inf
181,36005025000,0.022240872849349558
182,36005025100,0.01332124538534418
183,36005025200,0.01940052700922266
184,36005025300,0.015777005685407457
185,36005025400,0.02286881061766207
186,36005025500,0.014958901312094758
187,36005025600,0.02465423932651834
188,36005025700,0.04445606694560669
189,36005026100,0.04917184265010352
190,36005026300,0.014277532318769432
191,36005026400,0.004373522458628841
192,36005026500,0.013213378381917709
193,36005026601,0.0115571477646366
194,36005026602,0.004991196629566748
195,36005026701,0.02415159772108001
196,36005026702,0.012720959595959596
197,36005026900,0.02366296002118083
198,36005027300,0.009137676727704429
199,36005027401,0.0027361740005418167
200,36005027402,0.0028965423235948933
201,36005027600,0.05330258184380806
202,36005027700,0.012015230573967
203,36005027900,0.00771881004439144
204,36005028100,0.014035318924617818
205,36005028300,0.01605952002903416
206,36005028400,0.03743208692873123
207,36005028500,0.010950797010670008
208,36005028600,0.030646515533165407
209,36005028700,0.014054961191525068
210,36005028800,0.013536673207322221
211,36005028900,0.010632311565230267
212,36005029301,0.01191111111111111
213,36005029302,0.006655779889152811
214,36005029500,0.008380503144654088
215,36005029600,0.01623825199993177
216,36005029700,0.008411574800817462
217,36005030000,0.0053034495480538645
218,36005030100,0.017254601226993866
219,36005030200,0.002911102480244794
220,36005030701,0.0031029193008553367
221,36005030900,0.0020774436734344215
222,36005031000,0.008619264791405222
223,36005031200,0.02143482064741907
224,36005031400,0.01965557331783171
225,36005031600,0.023125782787618537
226,36005031800,0.024346224677716393
227,36005031900,0.007989347536617843
228,36005032300,0.0016433163803857595
229,36005032400,0.016638484950963817
230,36005032600,0.017221998040006917
231,36005032800,0.011328706478241538
232,36005033000,0.008119733146067416
233,36005033201,0.011907654921020656
234,36005033202,0.011559075273978082
235,36005033400,0.03625368127628077
236,36005033500,0.008918384951442803
237,36005033600,0.007726648351648352
238,36005033700,0.003429500777824919
239,36005033800,0.011633490483673825
240,36005034000,0.009444648032781423
241,36005034200,0.0271044776119403
242,36005034300,0.004790782292298363
243,36005034400,0.025611485288904643
244,36005034500,0.002390299922548941
245,36005034800,0.006586779306635727
246,36005035000,0.020687547746371274
247,36005035100,0.005058897381928289
248,36005035600,0.01986342274037338
249,36005035800,0.006130138351740362
250,36005035900,0.02283141948353011
251,36005036000,0.013919684651391968
252,36005036100,0.008293182699230215
253,36005036300,0.005787926283331797
254,36005036400,0.013898498841791763
255,36005036501,0.010452571108308812
256,36005036502,0.018210895583986794
257,36005036700,0.01753421645687902
258,36005036800,0.01949278965688712
259,36005036901,0.02437655860349127
260,36005036902,0.020858895705521473
261,36005037000,0.018789720917380494
262,36005037100,0.009859113416647016
263,36005037200,0.01851185118511851
264,36005037300,0.00895879224198141
265,36005037400,0.012537883505625442
266,36005037504,0.015830983496271274
267,36005037600,0.01978584729981378
268,36005037800,0.011356753482737734
269,36005037900,0.014480659729039858
270,36005038000,0.006842966194111232
271,36005038100,0.012472579128799748
272,36005038200,0.014894709809964046
273,36005038301,0.01983382471187349
274,36005038302,0.014624959056665575
275,36005038500,0.0172497003098096
276,36005038600,0.005038916632923922
277,36005038700,0.022533167495854062
278,36005038800,0.0147256331542594
279,36005038900,0.009369903632320237
280,36005039000,0.009411764705882352
281,36005039100,0.006814931350114416
282,36005039200,0.014935429533969681
283,36005039300,0.004700077032141382
284,36005039400,0.006279091562275468
285,36005039500,0.015398878437047757
286,36005039600,0.008386581469648562
287,36005039700,0.016291869259859534
288,36005039800,0.01247425713445131
289,36005039901,0.017119357306809486
290,36005039902,0.016726652775146806
291,36005040100,0.019595035924232528
292,36005040302,0.019892840857273143
293,36005040303,0.019606967396158997
294,36005040304,0.023106659638024954
295,36005040400,0.010676392572944298
296,36005040501,0.019862027139716472
297,36005040502,0.012195832726213027
298,36005040600,0.007936962750716332
299,36005040701,0.026516283238721242
300,36005040702,0.011482954808270503
301,36005040800,0.006281439778976725
302,36005040900,0.020796360636888545
303,36005041100,0.02234732173319686
304,36005041300,0.008595160707836764
305,36005041400,0.003271224277788829
306,36005041500,0.012213880241713972
307,36005041800,0.007095445181963837
308,36005041900,0.00868050868050868
309,36005042000,0.006753246753246753
310,36005042100,0.009417296651339203
311,36005042200,0.009667314754806653
312,36005042300,0.013932926829268293
313,36005042400,0.012041515517936316
314,36005042500,0.008906226998380685
315,36005042600,0.0044864838599957884
316,36005042800,0.012057063966866084
317,36005042901,0.016791979949874688
318,36005042902,0.013628088426527959
319,36005043000,0.01069703243616287
320,36005043100,0.004497245179063361
321,36005043400,0.007225652966187487
322,36005043500,0.38184338184338185
323,36005043600,0.011811023622047244
324,36005044200,0.003270042194092827
325,36005044400,0.004238653945332646
326,36005044800,0.010948577582338689
327,36005044901,0.004557598617004558
328,36005044902,0.007439712673165726
329,36005045101,0.012026972624798713
330,36005045102,0.009305702217529039
331,36005045600,0.0032353471054527984
332,36005045800,0.0054221786705863145
333,36005046000,0.014897239450322267
334,36005046201,0.0013002643512648026
335,36005046202,0.005145497851188319
336,36005048400,0.009219407607400937
337,36005050400,0.17216117216117216
338,36005051600,0.0003582072443833104
339,36047000100,0.017432155291648783
340,36047000200,0.019931972789115647
341,36047000301,0.017822202842160576
342,36047000501,0.020602778431834237
343,36047000502,0.0394771762208068
344,36047000700,0.026272700208395356
345,36047000900,0.02638804148871263
346,36047001100,1.3877551020408163
347,36047001300,0.041718281718281715
348,36047001500,0.034334533340497554
349,36047001800,0.010396491869175954
350,36047002000,0.020773524720893142
351,36047002100,0.01810488346281909
352,36047002200,0.007457186212876652
353,36047002300,0.021608012895980876
354,36047002901,0.03739991957006544
355,36047003000,0.016705202312138727
356,36047003100,0.05531957928802589
357,36047003300,0.05826017557861134
358,36047003400,0.004881851000984575
359,36047003500,0.08336258336258336
360,36047003600,0.0059586400280406595
361,36047003700,0.33589743589743587
362,36047003800,0.01058554262826626
363,36047003900,0.060402137118153267
364,36047004100,0.03652028904947193
365,36047004300,0.03956117021276596
366,36047004400,0.009285613355134338
367,36047004500,0.02935801041064199
368,36047004600,0.020920211287183764
369,36047004700,0.04503213049925853
370,36047004900,0.03228228228228228
371,36047005000,0.01000405569825605
372,36047005100,0.015161983724857976
373,36047005201,0.010700617042880575
374,36047005202,0.00761341752877424
375,36047005300,0.010154159232827833
376,36047005400,0.007057612664493836
377,36047005601,0.009109054618036653
378,36047005602,0.013004413619167718
379,36047005800,0.00879672358098754
380,36047005900,0.01697174052665382
381,36047006000,0.012227726665093969
382,36047006200,0.01345075359270943
383,36047006300,0.01760042283298097
384,36047006400,0.009631972397929844
385,36047006500,0.005843446991588005
386,36047006600,0.008633633633633633
387,36047006700,0.019478945774007876
388,36047006800,0.006591375770020534
389,36047006900,0.03175007068136839
390,36047007000,0.01605646912814148
391,36047007100,0.026918798665183537
392,36047007200,0.02084862722067244
393,36047007400,0.007429829389102917
394,36047007500,0.01801277663700662
395,36047007600,0.00881119673617407
396,36047007700,0.009396629069469366
397,36047007800,0.007991318074191003
398,36047008000,0.00932477812425042
399,36047008200,0.0076370441922241
400,36047008400,0.0073682001538927875
401,36047008500,0.0031717222541690626
402,36047008600,inf
403,36047008800,0.010809687142708658
404,36047009000,0.011606546426185705
405,36047009200,0.0075863028953229395
406,36047009400,0.008354866494401378
407,36047009600,0.007713026444662096
408,36047009800,0.006726936218678816
409,36047010000,0.006289891643164613
410,36047010100,0.004723511686619431
411,36047010200,0.00787086446104589
412,36047010400,0.007997630331753554
413,36047010600,0.009058280635788753
414,36047010800,0.009990530303030303
415,36047011000,0.015157722244981565
416,36047011200,0.005449258634466838
417,36047011400,0.01045858484238766
418,36047011600,0.00895452657807309
419,36047011700,0.013503839645971625
420,36047011800,0.021950530605657104
421,36047011900,0.03320261437908496
422,36047012000,0.033426352826983745
423,36047012100,0.0233940704138357
424,36047012200,0.009075584464234024
425,36047012600,0.01688894181154243
426,36047012700,0.03247790134017679
427,36047012801,0.01726762189681415
428,36047012901,0.05128636995241905
429,36047012902,0.04882892057026477
430,36047013000,0.008409849749582638
431,36047013100,0.02086598746081505
432,36047013200,0.017459092939217997
433,36047013300,0.015583109919571046
434,36047013400,0.010645659737034194
435,36047013500,0.014634315906562848
436,36047013600,0.00999000999000999
437,36047013700,0.013289172391233235
438,36047013800,0.013218118686868686
439,36047013900,0.011239586325768457
440,36047014000,0.02313800657174151
441,36047014100,0.01168379184620484
442,36047014200,0.012664654613149804
443,36047014300,0.00885192620208393
444,36047014500,0.0063811119087501
445,36047014700,0.01567498400511836
446,36047014800,0.02741344676828548
447,36047014900,0.006993569131832797
448,36047015000,0.025957524051552005
449,36047015100,0.010096422582448295
450,36047015200,0.014658360262517907
451,36047015300,0.01541433738901677
452,36047015400,inf
453,36047015500,0.01581601466992665
454,36047015700,0.013542926239419589
455,36047015900,0.013981684810540577
456,36047016000,0.008461989690850318
457,36047016100,0.027467166979362103
458,36047016200,0.011160083629993784
459,36047016300,0.029660409800831063
460,36047016400,0.022534314419131174
461,36047016500,0.01067885625364715
462,36047016600,0.01647817942135572
463,36047016700,0.008217143404724259
464,36047016800,0.01119807344972908
465,36047016900,0.007523534207990513
466,36047017000,0.009498798681343242
467,36047017100,0.009019071752467325
468,36047017200,0.011320988803076828
469,36047017400,0.013733965421081986
470,36047017500,6.2
471,36047017600,0.012587751149842653
472,36047017700,inf
473,36047017800,0.01464063886424135
474,36047017900,0.02959437086092715
475,36047018000,0.01096147823363608
476,36047018100,0.028108832224685885
477,36047018200,0.013393498692265686
478,36047018300,0.04165
479,36047018400,0.01948051948051948
480,36047018501,0.028206021542838893
481,36047018600,0.017890772128060263
482,36047018700,0.053311284353098676
483,36047018800,0.015599173553719007
484,36047019000,0.008095835573878234
485,36047019100,0.023921832884097036
486,36047019200,0.014407467532467532
487,36047019300,0.0126944641870015
488,36047019400,0.01167927382753404
489,36047019500,0.024769756387403447
490,36047019600,0.008867447737192741
491,36047019700,0.029102525404970322
492,36047019800,0.023669632365284538
493,36047019900,0.03499487879822465
494,36047020000,0.016020182907600124
495,36047020100,0.03025431160479392
496,36047020200,0.01860039640189053
497,36047020300,0.06004059451319321
498,36047020400,0.020157243225158918
499,36047020500,0.03505692813104721
500,36047020600,0.01615990990990991
501,36047020700,0.014733178654292344
502,36047020800,0.010498687664041995
503,36047021000,0.008372535842293907
504,36047021100,0.0704315886134068
505,36047021200,0.008112570895254504
506,36047021300,0.015299246928260006
507,36047021400,0.018944809837003144
508,36047021500,0.014257898373217764
509,36047021600,0.009270790092707901
510,36047021700,0.02317903808729497
511,36047021800,0.010236639191704333
512,36047021900,0.023310152990264257
513,36047022000,0.007979705346402582
514,36047022100,0.023940149625935162
515,36047022200,0.007898288230698203
516,36047022400,0.0077773727062826585
517,36047022600,0.016626921038685745
518,36047022700,0.02860813549507817
519,36047022800,0.013561201855212745
520,36047022900,0.025301914580265098
521,36047023000,0.01048357327427095
522,36047023100,0.029297520661157025
523,36047023200,0.008056969058899221
524,36047023300,0.016268194691431204
525,36047023400,0.009202521359074038
526,36047023500,0.01727978615071283
527,36047023600,0.007896825396825397
528,36047023800,0.009019607843137255
529,36047024000,0.00820370764969103
530,36047024100,0.030641543292956482
531,36047024200,0.012528356362136523
532,36047024300,0.021998339747943553
533,36047024400,0.014553736874613959
534,36047024500,0.023258433293912258
535,36047024600,0.011363636363636364
536,36047024700,0.040539243907119556
537,36047024800,0.01584507042253521
538,36047024900,0.021939576249019096
539,36047025000,0.02260660361705658
540,36047025100,0.021401118099231307
541,36047025200,0.007958819283516317
542,36047025300,0.02546296296296296
543,36047025400,0.012441558441558443
544,36047025500,0.014406115248921991
545,36047025600,0.014780902550686724
546,36047025700,0.0325668700140779
547,36047025800,0.009692311410823485
548,36047025901,0.035945273631840795
549,36047025902,0.020766305937408597
550,36047026000,0.011235955056179775
551,36047026100,0.014744763066910718
552,36047026200,0.015725919685481607
553,36047026300,0.04518201284796574
554,36047026400,0.00979965156794425
555,36047026500,0.022602918186555496
556,36047026600,0.014078637973628598
557,36047026700,0.021315192743764172
558,36047026800,0.012785447599201182
559,36047026900,0.031201650335224342
560,36047027000,0.020883159307005777
561,36047027100,0.03447260954343107
562,36047027200,0.014860426929392446
563,36047027300,0.028794880910060435
564,36047027400,0.0169161896374578
565,36047027500,0.018474215842636896
566,36047027600,0.013467785598267461
567,36047027700,0.02164131812420786
568,36047027800,0.013975155279503106
569,36047027900,0.02279531845400109
570,36047028000,0.018796138557637707
571,36047028100,0.017052229906987838
572,36047028200,0.0105643591882124
573,36047028300,0.01684159140834757
574,36047028400,0.011054209342992755
575,36047028501,0.15070093457943926
576,36047028502,0.02587437544610992
577,36047028600,0.006873890546512068
578,36047028700,0.021762256466368805
579,36047028800,0.014314632735685368
580,36047028900,0.017721876766534767
581,36047029000,0.012659438775510203
582,36047029100,0.022158750633436218
583,36047029200,0.014375738479716424
584,36047029300,0.02342240824211204
585,36047029400,0.013657906074967686
586,36047029500,0.021508515815085158
587,36047029600,0.00847457627118644
588,36047029700,0.02275717703349282
589,36047029800,0.013502152273338714
590,36047029900,0.030864676231097322
591,36047030000,0.011871138570167696
592,36047030100,0.025613636363636363
593,36047030200,0.009800664451827241
594,36047030300,0.016495841529488905
595,36047030400,0.007336465173419156
596,36047030500,0.01628922128111171
597,36047030600,0.018952618453865335
598,36047030700,0.01698943661971831
599,36047030800,0.018898580468616387
600,36047030900,0.04414399739371233
601,36047031100,0.030905596736871006
602,36047031300,0.019922547332185885
603,36047031400,0.005132356639839034
604,36047031500,0.016956521739130436
605,36047031701,0.02558500825322847
606,36047031702,0.024432550302309446
607,36047031900,0.020987742303306727
608,36047032100,0.014597080583883223
609,36047032300,0.019227161883323952
610,36047032500,0.00981376157020185
611,36047032600,0.0038690778556673103
612,36047032700,0.019027484143763214
613,36047032800,0.004525175270873167
614,36047032900,0.012679644890322066
615,36047033000,0.0028340963592762155
616,36047033100,0.014917825537294564
617,36047033300,0.016921664626682986
618,36047033500,0.021702771583306784
619,36047033600,0.0016576778501552615
620,36047033700,0.019366626065773447
621,36047033900,0.020135080235628683
622,36047034000,0.006079478054567022
623,36047034100,0.034752589182968925
624,36047034200,0.002170272394818688
625,36047034300,0.016771715313658127
626,36047034500,0.030159929479914367
627,36047034700,0.022703133297928838
628,36047034800,0.015937458941006438
629,36047034900,0.011960947621691653
630,36047035000,0.01337985436893204
631,36047035100,0.013269523602349358
632,36047035200,0.024603731942215087
633,36047035300,0.012954300107952501
634,36047035400,0.009222346249933558
635,36047035500,0.01040675169744273
636,36047035601,0.020260989010989012
637,36047035602,0.009220261809903244
638,36047035700,0.024740622505985636
639,36047035900,0.012291116974494283
640,36047036001,0.015969847684177807
641,36047036002,0.013019508057675997
642,36047036100,0.026895267309377736
643,36047036200,0.01338011417697431
644,36047036300,0.01814250529812704
645,36047036400,0.025072765072765072
646,36047036501,0.02699441056910569
647,36047036502,0.05909694555112882
648,36047036600,0.013729809104258445
649,36047036700,0.04583768721699756
650,36047036900,0.01191286996212257
651,36047037000,0.014478055604126596
652,36047037100,0.01531332744924978
653,36047037300,0.013660757846804358
654,36047037401,0.01365573897543207
655,36047037402,0.012551935272250164
656,36047037500,0.02035421623050489
657,36047037700,0.016666666666666666
658,36047037900,0.01834862385321101
659,36047038100,0.015431450766323745
660,36047038200,0.0067095742890795895
661,36047038300,0.01686593742050369
662,36047038500,0.01895821157218001
663,36047038600,0.012742119018144076
664,36047038700,0.01486284289276808
665,36047038800,0.011795806380549936
666,36047038900,0.023884157674276676
667,36047039000,0.021708352996696555
668,36047039100,0.028875379939209727
669,36047039200,0.019049346879535557
670,36047039300,0.017112801728186345
671,36047039400,0.020995493650143384
672,36047039500,0.016198224852071005
673,36047039600,0.022577610536218252
674,36047039700,0.015638831513720863
675,36047039800,0.019120860648848548
676,36047039900,0.014491237248234371
677,36047040000,0.01675355707613772
678,36047040100,0.013729391699829448
679,36047040200,0.019815371404036067
680,36047040300,0.012719050310910118
681,36047040400,0.0206890544013241
682,36047040500,0.02963320463320463
683,36047040600,0.016870064608758076
684,36047040700,3.0
685,36047040800,0.014395214058702562
686,36047040900,0.009035181236673774
687,36047041000,0.02897631133671743
688,36047041100,0.011474527222558718
689,36047041200,0.01824665225143204
690,36047041300,0.011041339612768184
691,36047041401,0.035423495823199744
692,36047041402,0.030319478908188587
693,36047041500,0.01311515748031496
694,36047041600,0.02205249569707401
695,36047041700,0.017179274037129398
696,36047041800,0.019584569732937686
697,36047041900,0.016014588859416444
698,36047042000,0.024063818565400845
699,36047042100,0.015004638218923933
700,36047042200,0.014164367023111418
701,36047042300,0.01473887743747834
702,36047042400,0.01336606655755592
703,36047042500,0.020261789492558722
704,36047042600,0.012731041630678874
705,36047042700,0.009913283405597162
706,36047042800,0.012898625875032408
707,36047042900,0.008703374777975134
708,36047043000,0.014281428142814282
709,36047043100,0.010575284289346483
710,36047043200,0.009352941176470588
711,36047043300,0.014558727034120734
712,36047043400,0.01205942324497524
713,36047043500,0.012099484651579655
714,36047043600,0.010276442307692308
715,36047043700,0.007805343511450381
716,36047043800,0.01992284217193528
717,36047043900,0.012125508338618812
718,36047044000,0.016613247863247863
719,36047044100,0.009698258502086252
720,36047044200,0.018596151778996022
721,36047044300,0.008457800971747345
722,36047044400,0.014821476152411403
723,36047044500,0.010308891887839258
724,36047044600,0.022001047668936617
725,36047044700,0.017130488559059985
726,36047044800,0.020822454308093995
727,36047044900,0.010352501825898825
728,36047045000,0.06537890044576523
729,36047045200,0.01629026286560533
730,36047045300,0.02454139811601388
731,36047045400,0.026727861771058316
732,36047045600,0.01985574883326262
733,36047045800,0.03087248322147651
734,36047046000,0.011837719802321574
735,36047046201,0.015957446808510637
736,36047046202,0.02420208743004084
737,36047046400,0.01441476071497213
738,36047046800,0.0189873417721519
739,36047047000,0.01632016632016632
740,36047047200,0.014673960232699488
741,36047047400,0.015128550578196924
742,36047047600,0.010363607867721966
743,36047047700,0.014219957257931942
744,36047047800,0.008353960396039604
745,36047048000,0.010318092037380973
746,36047048100,0.018325806662739707
747,36047048200,0.007933618016705838
748,36047048400,0.007875691783737761
749,36047048500,0.025626526153450714
750,36047048600,0.011140695067264573
751,36047048800,0.00878839590443686
752,36047048900,0.016959643476107948
753,36047049000,0.00711985082217325
754,36047049100,0.011767889652457725
755,36047049200,0.011127006835161341
756,36047049300,0.009463330457290768
757,36047049400,0.007206103993971364
758,36047049500,0.027148162376744785
759,36047049600,0.008641701750498559
760,36047049700,0.022589792060491495
761,36047049800,0.009236982299364153
762,36047049900,0.028332382582239968
763,36047050000,0.010095402582449214
764,36047050100,0.024553986865544653
765,36047050202,0.016299409359382098
766,36047050300,0.030490810506302375
767,36047050400,0.007657757160739268
768,36047050500,0.01973428925146437
769,36047050600,0.00637693423597679
770,36047050700,0.03146853146853147
771,36047050801,0.012316176470588235
772,36047050803,0.02150974025974026
773,36047050804,0.00764
774,36047050900,0.02165674066053059
775,36047051001,0.011563932755985737
776,36047051002,0.00926984126984127
777,36047051100,0.02117282666481751
778,36047051200,0.006274282141740723
779,36047051300,0.01708939289012004
780,36047051400,0.005104534346999728
781,36047051500,0.04133694294044148
782,36047051601,0.007257501744591765
783,36047051602,0.010302879841112214
784,36047051700,0.026628242074927956
785,36047051800,0.011664226451927771
786,36047051900,0.01708754208754209
787,36047052000,0.008130321665089877
788,36047052300,0.009005302614737611
789,36047052500,0.013775364389825665
790,36047052600,0.00899701629561625
791,36047052700,0.011418359887208884
792,36047052800,0.02415241524152415
793,36047052900,0.01704402659416482
794,36047053000,0.013406795224977043
795,36047053100,0.010089654190977659
796,36047053200,0.016434515465147494
797,36047053300,0.00795004568991776
798,36047053400,0.009582477754962354
799,36047053500,0.009889604415823367
800,36047053700,0.015264735264735265
801,36047053800,0.009520083463745437
802,36047053900,0.013062409288824383
803,36047054200,0.009382022471910112
804,36047054300,0.13630406290956748
805,36047054400,0.011949500880798592
806,36047054500,0.003225940725940726
807,36047054600,0.008994686859390035
808,36047054700,0.005354305687956784
809,36047054800,0.02256857158817943
810,36047054900,0.010221987020583238
811,36047055000,0.013404674739509997
812,36047055100,0.007087001820409192
813,36047055200,0.013128381052909354
814,36047055300,0.015841679506933746
815,36047055400,0.011266603415559772
816,36047055500,0.015402712120203298
817,36047055600,0.012452107279693486
818,36047055700,0.017623363544813697
819,36047055800,0.018451882845188287
820,36047056000,0.013884912682507872
821,36047056100,0.006664137582195245
822,36047056200,0.02962515114873035
823,36047056300,0.005194279546681058
824,36047056400,0.016727866177070585
825,36047056500,0.005266622778143515
826,36047056600,0.014623811492352212
827,36047056800,0.022323693556570268
828,36047056900,0.02476296709425544
829,36047057000,0.008847865387289667
830,36047057100,0.008884297520661158
831,36047057200,0.006476207973544002
832,36047057300,0.008901183172655565
833,36047057400,0.014062339617476992
834,36047057500,0.005498619996148826
835,36047057600,0.0142999563835753
836,36047057800,0.0148772040302267
837,36047057900,0.025220616447115998
838,36047058000,0.014026745913818722
839,36047058200,0.016009437141894168
840,36047058400,0.012615101289134437
841,36047058600,0.017698822283975124
842,36047058800,0.014723506248929978
843,36047058900,0.012298669467787116
844,36047059000,0.023737189613966866
845,36047059100,0.010459183673469388
846,36047059200,0.011800172265288544
847,36047059300,0.010357685402568706
848,36047059401,0.005757297675231602
849,36047059402,0.009297407163260822
850,36047059600,0.01660884648742411
851,36047059800,0.007664624063807022
852,36047060000,0.006217034778308884
853,36047060600,0.018542074363992172
854,36047060800,0.011826708650368748
855,36047061002,0.008692879325643301
856,36047061003,0.02805779569892473
857,36047061004,0.007844180017283786
858,36047061200,0.036013011152416355
859,36047061600,0.012117552334943639
860,36047062000,0.01754954954954955
861,36047062200,0.006010287375601029
862,36047062600,0.011083213773314204
863,36047062800,0.003057232919372603
864,36047063200,0.0175074867542041
865,36047063600,0.025755124056094928
866,36047063800,0.02118485189351331
867,36047064000,0.018839899937460915
868,36047064200,0.013069535706549208
869,36047064400,0.010251845991561181
870,36047064600,0.009796457032637937
871,36047064800,0.010568409025992574
872,36047065000,0.014518838492920566
873,36047065200,0.015873015873015876
874,36047065400,0.014079029247044182
875,36047065600,0.013905152224824356
876,36047065800,0.014897843359818388
877,36047066000,0.011280315848843767
878,36047066200,0.011693834160170093
879,36047066600,inf
880,36047067000,0.005659203980099502
881,36047067200,0.012517580872011252
882,36047067400,0.010044436215515646
883,36047067600,0.01312613156306578
884,36047067800,0.008223684210526315
885,36047068000,0.010433941404090657
886,36047068200,0.0077302631578947375
887,36047068600,0.01152424440095673
888,36047068800,0.011828320378506252
889,36047069000,0.011353061604317885
890,36047069200,0.00956893348197696
891,36047069601,0.005328798185941043
892,36047069602,0.0018609257714762302
893,36047069800,0.012738188462542417
894,36047070000,0.004445935743645667
895,36047070201,0.001198375639270208
896,36047070202,0.0777027027027027
897,36047070203,inf
898,36047070600,0.0016005291005291005
899,36047072000,0.01010613751730503
900,36047072200,0.008027306967984935
901,36047072400,0.012203228869895538
902,36047072600,0.01137123745819398
903,36047072800,0.006315899363190313
904,36047073000,0.010207175341081353
905,36047073200,0.009174985320023487
906,36047073400,0.014293276866066702
907,36047073600,0.007103051342956331
908,36047073800,0.006940966010733452
909,36047074000,0.00871402740561619
910,36047074200,0.009315512353179425
911,36047074400,0.010323945717204144
912,36047074600,0.011399567315693127
913,36047074800,0.01677435387673956
914,36047075000,0.012751733245295478
915,36047075200,0.041039823008849556
916,36047075400,0.026965725806451613
917,36047075600,0.015617160060210737
918,36047075800,0.0213063368349712
919,36047076000,0.014849503682356708
920,36047076200,0.010861865407319952
921,36047076400,0.013084313163177517
922,36047076600,0.023047064531780688
923,36047076800,0.012683969977776847
924,36047077000,0.015429831006612785
925,36047077200,0.012917532487671744
926,36047077400,0.012588221682286243
927,36047077600,0.008128612716763005
928,36047078000,0.015880603356702782
929,36047078200,0.008466430050280983
930,36047078400,0.013894804088586031
931,36047078600,0.008153195488721805
932,36047078800,0.010154880187025131
933,36047079000,0.009086320040383645
934,36047079200,0.009835315645013724
935,36047079400,0.025046942060085838
936,36047079601,0.012100611828687968
937,36047079602,0.010635646032405485
938,36047079801,0.019163648337174845
939,36047079802,0.009264355164190058
940,36047080000,0.02125752796099799
941,36047080200,0.01409541511771995
942,36047080400,0.02112820512820513
943,36047080600,0.02052569403425871
944,36047080800,0.04065719855193539
945,36047081000,0.026397515527950312
946,36047081400,0.01698292220113852
947,36047081600,0.016911501254030813
948,36047081800,0.010574598989233136
949,36047082000,0.010111721264911949
950,36047082200,0.006868131868131868
951,36047082400,0.009497479264921125
952,36047082600,0.0072354233428058926
953,36047082800,0.011321924012013157
954,36047083000,0.006544939136234784
955,36047083200,0.0145415964550958
956,36047083400,0.016166960611405056
957,36047083600,0.013685847589424571
958,36047083800,0.009707629054362723
959,36047084000,0.007255389718076285
960,36047084600,0.01139836984207845
961,36047084800,0.012285714285714285
962,36047085000,0.013212406225506661
963,36047085200,1.3620689655172413
964,36047085400,0.016634178037686808
965,36047085600,0.012028824833702881
966,36047085800,0.016351684470008215
967,36047086000,0.008756567425569177
968,36047086200,0.008302736982643525
969,36047086400,0.01597617980405968
970,36047086600,0.014045973080587245
971,36047086800,0.010931558935361217
972,36047087000,0.010895471569628872
973,36047087200,0.014470013947001394
974,36047087401,0.01768664181140311
975,36047087600,0.028511289705319555
976,36047087800,0.014827487881380096
977,36047088000,0.017510769589009198
978,36047088200,0.007286515001648533
979,36047088400,0.010886172650878533
980,36047088600,0.010481138468488818
981,36047088800,0.009332426997479255
982,36047089000,0.007329086880835575
983,36047089200,0.01762726454591697
984,36047089400,0.018457053150930703
985,36047089600,0.014711411919533747
986,36047089800,0.030636668262326472
987,36047090000,0.011972484467037844
988,36047090200,0.018690234714575486
989,36047090600,0.017536200247398676
990,36047090800,0.020258980785296574
991,36047091000,0.013814616755793227
992,36047091200,0.01000880540064573
993,36047091600,0.01282466281310212
994,36047091800,0.022289586305278174
995,36047092000,0.016933763763186716
996,36047092200,0.018374003881250257
997,36047092400,0.02482429718875502
998,36047092800,0.015353078982597055
999,36047093000,0.012528107934468359
1000,36047093200,0.017700775581686267
1001,36047093400,0.012234485630987089
1002,36047093600,0.016193879830243466
1003,36047093800,0.011466816437330338
1004,36047094401,0.007458573685564169
1005,36047094402,0.009009009009009009
1006,36047094600,0.01281117182756527
1007,36047095000,0.00717348721478109
1008,36047095400,0.003979451559221474
1009,36047095600,0.004040903842982022
1010,36047095800,0.006159060846560847
1011,36047096000,inf
1012,36047096200,0.016173110523722056
1013,36047096400,0.008271669531853402
1014,36047096600,0.008637850135077492
1015,36047096800,0.013808633582596872
1016,36047097000,0.015029151371194127
1017,36047097400,0.007607276880404633
1018,36047098200,0.007200929152148664
1019,36047098400,0.011627906976744186
1020,36047098600,0.007905310971348707
1021,36047098800,0.0061022801690778115
1022,36047099000,0.010861072042506642
1023,36047099200,0.008783415166393891
1024,36047099400,0.00884732052578362
1025,36047099600,0.004103552740291931
1026,36047099800,0.0034061545689452665
1027,36047100400,0.005626974851750855
1028,36047100600,0.00472077139413419
1029,36047100800,0.00549278091650973
1030,36047101000,0.004918032786885246
1031,36047101200,0.008410973084886128
1032,36047101400,0.009432870370370371
1033,36047101600,0.01366120218579235
1034,36047101800,0.007563479200432199
1035,36047102000,0.005593132154006243
1036,36047102200,0.00391566265060241
1037,36047102400,0.0033560998586905323
1038,36047102600,0.0026163839769036447
1039,36047102800,0.003203814774801624
1040,36047103400,0.0015313935681470138
1041,36047105801,0.0021795612009237876
1042,36047105804,0.002475737769855417
1043,36047107000,0.03472614342179559
1044,36047107800,0.0062437667094092306
1045,36047109800,0.019996522343940185
1046,36047110400,0.00917402298229985
1047,36047110600,0.0071909069821387145
1048,36047111000,0.009639303482587064
1049,36047111600,0.009245729394983125
1050,36047111800,0.011487529830143652
1051,36047112000,0.01406802389369743
1052,36047112200,0.013645802432512608
1053,36047112400,0.01489314988290398
1054,36047112600,0.015265662172878667
1055,36047112800,0.014433978719693005
1056,36047113000,0.015454467574745138
1057,36047113200,0.02939007301423409
1058,36047113400,0.02716114634719286
1059,36047114201,0.028315474132964626
1060,36047114202,0.012292118582791034
1061,36047114400,0.030232479670681916
1062,36047114600,0.015105308300771943
1063,36047115000,0.021040462427745665
1064,36047115200,0.01984486102133161
1065,36047115600,0.017033603707995365
1066,36047115800,0.022292993630573247
1067,36047116000,0.02202123476209202
1068,36047116200,0.02491886879925823
1069,36047116400,0.015793677964167523
1070,36047116600,0.01605320490769407
1071,36047116800,0.017865824015556635
1072,36047117000,0.02329787234042553
1073,36047117201,0.012409386902567883
1074,36047117202,0.007115433836703353
1075,36047117400,0.006699006699006699
1076,36047117601,0.010285714285714285
1077,36047117602,0.008279073778621016
1078,36047117800,0.022455186695140104
1079,36047118000,3.4166666666666665
1080,36047118201,0.008727514990006662
1081,36047118202,0.009046022993476772
1082,36047118400,0.006536636794939378
1083,36047118600,0.013051532502526103
1084,36047118800,0.008154928279632644
1085,36047119000,0.01917523003559675
1086,36047119200,0.013297931187078218
1087,36047119400,0.010151592573667177
1088,36047119600,0.006927368393220698
1089,36047119800,0.015605454090567926
1090,36047120000,0.017199462031864267
1091,36047120200,0.018947368421052633
1092,36047120800,0.0034374734762849055
1093,36047121000,0.007558859975216853
1094,36047121400,0.005113766950126408
1095,36047122000,0.0033240445859872613
1096,36047123700,0.01162175922299679
1097,36047150200,0.013067837674136887
1098,36047152200,0.011444075972264094
1099,36061000100,0.5
1100,36061000201,0.021909744931327666
1101,36061000202,0.0077050806957859996
1102,36061000500,inf
1103,36061000600,0.007531335941952486
1104,36061000700,0.01648256786991526
1105,36061000800,0.012113232389730085
1106,36061000900,0.15131724107497463
1107,36061001001,0.03708634461772537
1108,36061001002,0.009816200804439693
1109,36061001200,0.022279720496413247
1110,36061001300,0.030740678722929224
1111,36061001401,0.029750415973377707
1112,36061001402,0.03671562082777036
1113,36061001501,0.03010148604566872
1114,36061001502,0.019681371192413425
1115,36061001600,0.016584100023590467
1116,36061001800,0.015442352105169657
1117,36061002000,0.013233001152464239
1118,36061002100,0.02734667434494673
1119,36061002201,0.015297749296655205
1120,36061002202,0.047396071265418
1121,36061002400,0.010885875258344894
1122,36061002500,0.03311034826746472
1123,36061002601,0.026405090137857898
1124,36061002602,0.022119706647740715
1125,36061002700,0.13544303797468354
1126,36061002800,0.011334883839803717
1127,36061002900,0.028373692360257927
1128,36061003001,0.030768986134079634
1129,36061003002,0.04684481648422408
1130,36061003100,0.07207161125319693
1131,36061003200,0.016334709740102017
1132,36061003300,0.03155588201310599
1133,36061003400,0.019022652416481815
1134,36061003601,0.04576649404235611
1135,36061003602,0.054223149113660066
1136,36061003700,0.0470871361758162
1137,36061003800,0.017112853585734392
1138,36061003900,0.0218340219148554
1139,36061004000,0.019679805802797365
1140,36061004100,0.022464973218904172
1141,36061004200,0.03738257207644963
1142,36061004300,0.03760455001672801
1143,36061004400,0.005232704168488422
1144,36061004500,0.15845070422535212
1145,36061004700,0.06258018262772622
1146,36061004800,0.022294462120164154
1147,36061004900,0.030233056395362678
1148,36061005000,0.03944609297725025
1149,36061005200,0.06564386317907445
1150,36061005400,0.04949294532627866
1151,36061005501,0.04254876308277831
1152,36061005502,0.07911893157794797
1153,36061005600,0.07465382299819386
1154,36061005700,0.06613056127619234
1155,36061005800,0.07282175398633257
1156,36061005900,0.03573412331049806
1157,36061006000,0.023729434329609746
1158,36061006100,0.04098218014757065
1159,36061006200,0.02287581699346405
1160,36061006300,0.03070141065830721
1161,36061006400,0.019901112484548827
1162,36061006500,0.02584291805510767
1163,36061006600,0.013719883183256268
1164,36061006700,0.02445801453786932
1165,36061006800,0.027825934681726644
1166,36061006900,0.031405240602946506
1167,36061007000,0.017359936872956824
1168,36061007100,0.029788583942203396
1169,36061007200,0.024526777469990765
1170,36061007300,0.020833187589632377
1171,36061007400,0.05879337148149373
1172,36061007500,0.02005022574871096
1173,36061007600,0.11344211344211345
1174,36061007700,0.02240230873500561
1175,36061007800,0.018278512692170183
1176,36061007900,0.02119499057815132
1177,36061008000,0.04026408778129068
1178,36061008100,0.021793836212253014
1179,36061008200,0.07983708504861173
1180,36061008300,0.028054740957966763
1181,36061008400,0.1690998656515898
1182,36061008601,0.03688141923436041
1183,36061008602,inf
1184,36061008603,0.019795790789747865
1185,36061008700,0.033725149889555064
1186,36061008800,0.019685809849131795
1187,36061008900,0.02470217238962859
1188,36061009000,0.01834327032855512
1189,36061009100,0.03553299492385787
1190,36061009200,0.12259787635984626
1191,36061009300,0.017606302201974185
1192,36061009400,3.5406392694063924
1193,36061009500,0.08038651315789473
1194,36061009600,1.771774193548387
1195,36061009700,0.034193147013782545
1196,36061009800,0.019108802624384913
1197,36061009900,0.045770311472469655
1198,36061010000,0.09781985083189902
1199,36061010100,0.21575069693349264
1200,36061010200,1.0015527950310559
1201,36061010300,0.07677356656948493
1202,36061010400,0.2524729698642742
1203,36061010601,0.012619947050636753
1204,36061010602,0.01937777777777778
1205,36061010800,0.014345244680458752
1206,36061010900,1.4212204007285973
1207,36061011000,0.016148588473877915
1208,36061011100,0.04865461275626424
1209,36061011201,0.2056451612903226
1210,36061011202,0.4580498866213152
1211,36061011203,0.12538662859862001
1212,36061011300,2.1096866096866096
1213,36061011401,0.13013456090651557
1214,36061011402,0.062369628702544845
1215,36061011500,0.07657713541343589
1216,36061011600,0.026993046468067636
1217,36061011700,0.027838007973700774
1218,36061011800,0.012961830003007145
1219,36061011900,0.2317994505494506
1220,36061012000,0.03126236644242184
1221,36061012100,0.02331592757124672
1222,36061012200,0.0406000550509221
1223,36061012400,0.009016767795393751
1224,36061012500,0.09356993992889542
1225,36061012600,0.008269638612522596
1226,36061012700,0.02809252309468822
1227,36061012800,0.016643882433356117
1228,36061012900,0.01912885061278569
1229,36061013000,0.02462114762472331
1230,36061013100,0.07850970643939394
1231,36061013200,0.008471603939026035
1232,36061013300,0.02906643757159221
1233,36061013400,0.008564524789690353
1234,36061013500,0.01753817740779536
1235,36061013600,0.005735140771637122
1236,36061013700,0.031174985834234788
1237,36061013800,0.007685339411472488
1238,36061013900,0.018161931511288754
1239,36061014000,0.012268929074253533
1240,36061014200,0.021258884548889034
1241,36061014300,5.003846153846154
1242,36061014401,0.01865748355263158
1243,36061014402,0.011878985614711552
1244,36061014500,0.028268976302177312
1245,36061014601,0.022461394478240523
1246,36061014602,0.011278195488721804
1247,36061014700,0.044162129461585
1248,36061014801,0.03344393992315753
1249,36061014802,0.01249646193037079
1250,36061014900,0.023622047244094488
1251,36061015001,0.04075850043591979
1252,36061015002,0.016939488688615043
1253,36061015100,0.010992053936913075
1254,36061015200,0.010987972508591065
1255,36061015300,0.012526824034334763
1256,36061015400,0.006560477125609135
1257,36061015500,0.00904812834224599
1258,36061015601,0.014967259120673527
1259,36061015602,0.03383376849434291
1260,36061015700,0.010282341600358529
1261,36061015801,0.014973451327433628
1262,36061015802,0.023430962343096235
1263,36061015900,0.009254787855077603
1264,36061016001,0.022729700854700854
1265,36061016002,0.02610986905142127
1266,36061016100,0.015205064471026876
1267,36061016200,0.007520412548345509
1268,36061016300,0.013570182501341921
1269,36061016400,0.012744137968554484
1270,36061016500,0.015463917525773196
1271,36061016600,0.011157968722544367
1272,36061016700,0.014069613220059505
1273,36061016800,0.01679295154185022
1274,36061016900,0.01160890478539714
1275,36061017000,0.009753709053518092
1276,36061017100,0.00999634473880775
1277,36061017200,0.017143376245847178
1278,36061017300,0.010026289294104486
1279,36061017401,0.020579268292682928
1280,36061017402,0.054658385093167706
1281,36061017500,0.008133086876155268
1282,36061017700,0.010188041660011936
1283,36061017800,0.013854805725971371
1284,36061017900,0.009641665769934358
1285,36061018000,0.010767790262172285
1286,36061018100,0.010972898069672265
1287,36061018200,0.014110520094562647
1288,36061018300,0.010082029812040197
1289,36061018400,0.014285013008688821
1290,36061018500,0.02386634844868735
1291,36061018600,0.021112723445647495
1292,36061018700,0.00967500884909346
1293,36061018800,0.012275299600532624
1294,36061018900,0.009174460898934788
1295,36061019000,0.041193642555951995
1296,36061019100,0.010148177586011128
1297,36061019200,0.012878876879699247
1298,36061019300,0.01267962806424345
1299,36061019400,0.010608635036814359
1300,36061019500,0.011272416737830915
1301,36061019600,0.022996692953446963
1302,36061019701,0.19032761310452417
1303,36061019702,0.06259968102073366
1304,36061019800,0.05927614705044172
1305,36061019900,0.00922760996290408
1306,36061020000,0.05027121270825261
1307,36061020101,0.07202002695936838
1308,36061020102,0.03596377749029754
1309,36061020300,0.032548857693366365
1310,36061020500,0.017646874608543157
1311,36061020600,0.038522547020167684
1312,36061020701,0.03844998498047462
1313,36061020800,0.026387030525562436
1314,36061020901,0.038236984602353516
1315,36061021000,0.015610772284492076
1316,36061021100,0.009122758493523257
1317,36061021200,0.027085222121486854
1318,36061021303,0.023476893871981964
1319,36061021400,0.033455514828390535
1320,36061021500,0.04764232942199043
1321,36061021600,0.017642627356761822
1322,36061021703,22.166666666666668
1323,36061021800,0.021207999596997634
1324,36061021900,0.0162837328701516
1325,36061022000,0.02692427063935444
1326,36061022102,0.0645446507515473
1327,36061022200,0.05677950075642965
1328,36061022301,0.011222199551112018
1329,36061022302,0.02397833579517479
1330,36061022400,0.022405476894351954
1331,36061022500,0.009514484185634053
1332,36061022600,0.03602729251220516
1333,36061022700,0.02528782894736842
1334,36061022800,0.02597815040650407
1335,36061022900,0.012194492254733218
1336,36061023000,0.01469419085999397
1337,36061023100,0.019896386648304808
1338,36061023200,0.01431704260651629
1339,36061023300,0.015614626423573873
1340,36061023400,0.028331466965285556
1341,36061023501,0.017888074616922052
1342,36061023502,0.06245189664650907
1343,36061023600,0.018165729752238183
1344,36061023700,0.013287329320217296
1345,36061023801,0.006890877301244472
1346,36061023802,0.035008335317932834
1347,36061023900,0.04168424012371714
1348,36061024000,0.012632391879964695
1349,36061024100,0.011141436422776386
1350,36061024200,0.025225755791126816
1351,36061024301,0.021236695387734414
1352,36061024302,0.015006784260515603
1353,36061024500,0.005603823490022767
1354,36061024700,0.010262934690415606
1355,36061024900,0.07856494096276112
1356,36061025100,0.03390453568600837
1357,36061025300,0.007092159131363475
1358,36061025500,0.011538885650824657
1359,36061025700,0.037087203302373584
1360,36061025900,0.034642766336130185
1361,36061026100,0.006220526185157608
1362,36061026300,0.00813380685072746
1363,36061026500,0.009275744195983478
1364,36061026700,0.031293143120110445
1365,36061026900,0.00843171570953963
1366,36061027100,0.008066265386909605
1367,36061027300,0.00919239490668062
1368,36061027500,0.0188462275602121
1369,36061027700,0.009554050239909682
1370,36061027900,0.005784428034719523
1371,36061028100,0.019997674688989654
1372,36061028300,0.008161793627900878
1373,36061028500,0.00792220990391722
1374,36061028700,0.011986031316886336
1375,36061029100,0.005138199858256556
1376,36061029300,0.006264068784826008
1377,36061029500,0.00693143799324465
1378,36061029700,0.26501035196687367
1379,36061029900,0.01815336463223787
1380,36061030300,0.015609734434674484
1381,36061030700,0.018637157833430402
1382,36061030900,0.006314250265863169
1383,36061031100,39.67857142857143
1384,36061031703,0.018385436935183984
1385,36061031704,0.022116532597420392
1386,36061031900,8.436363636363636
1387,36081000100,0.009959211071574124
1388,36081000200,0.010347376201034738
1389,36081000400,0.006998040548646379
1390,36081000600,0.01005048561801159
1391,36081000700,0.008970190629384988
1392,36081000800,0.011284722222222222
1393,36081001000,0.009613554159527889
1394,36081001200,0.007565413145366646
1395,36081001400,0.007857045886505567
1396,36081001600,0.013128458730719415
1397,36081001800,0.01280977637170063
1398,36081001900,0.0662868729783228
1399,36081002000,0.022259321090706732
1400,36081002200,0.015727812550152463
1401,36081002400,0.017094017094017092
1402,36081002500,0.008238673887201162
1403,36081002600,0.020437956204379562
1404,36081002800,0.01470857603399641
1405,36081003000,0.031042581435719394
1406,36081003100,0.0636707492795389
1407,36081003200,0.03082256838905775
1408,36081003300,0.031715203974998524
1409,36081003400,0.018460508381357755
1410,36081003600,0.01238528795433196
1411,36081003700,inf
1412,36081003800,0.0197076644387532
1413,36081003900,0.03812814070351759
1414,36081004001,0.01978948886165381
1415,36081004002,0.032388451443569555
1416,36081004200,0.009337521416333523
1417,36081004300,0.02728764874846122
1418,36081004401,0.010868571428571429
1419,36081004500,0.022043343653250776
1420,36081004700,0.02041499330655957
1421,36081005000,1.3275862068965518
1422,36081005100,0.037855018132920415
1423,36081005200,0.012613595056343149
1424,36081005300,0.015121722846441948
1425,36081005400,0.006926052199021573
1426,36081005500,0.08106841611996252
1427,36081005700,0.016927298575065294
1428,36081005800,0.005733926535070108
1429,36081005900,0.01873617440899763
1430,36081006100,0.014705882352941176
1431,36081006201,0.003360134405376215
1432,36081006202,0.0030610307052614744
1433,36081006300,0.013167479128144786
1434,36081006501,0.020596922120317114
1435,36081006502,0.019317044232694376
1436,36081006900,0.014491039214526526
1437,36081007100,0.018231138026747414
1438,36081007300,0.018760340345072086
1439,36081007500,0.01924198250728863
1440,36081007700,0.041271989174560215
1441,36081007900,0.017590737029614785
1442,36081008100,0.041245791245791245
1443,36081008300,0.017433414043583537
1444,36081008500,0.04872047244094488
1445,36081008600,0.012193476367472613
1446,36081008700,0.008897693314978342
1447,36081008800,0.007440572351719363
1448,36081009100,0.015180416467970116
1449,36081009400,0.015702187720536345
1450,36081009500,0.025010921799912624
1451,36081009600,0.014035087719298246
1452,36081009700,0.013278899871078642
1453,36081009800,0.01765422077922078
1454,36081009900,10.777777777777779
1455,36081010000,0.010662817999698426
1456,36081010100,0.014060483127420247
1457,36081010200,0.010833022039596563
1458,36081010300,0.006245914736001163
1459,36081010400,0.012774070543374644
1460,36081010500,0.005000523615038224
1461,36081010600,0.012547417566384594
1462,36081010701,inf
1463,36081010800,0.018120805369127517
1464,36081011000,0.018504065040650407
1465,36081011100,0.010032786885245903
1466,36081011200,0.020059372349448684
1467,36081011300,0.008738781294284365
1468,36081011400,0.03978127136021873
1469,36081011500,0.022729528535980148
1470,36081011600,0.0270055931212956
1471,36081011700,0.014482139482139483
1472,36081011800,0.022934827729348278
1473,36081011900,0.02551440329218107
1474,36081012000,0.023482106956172095
1475,36081012100,0.01623062015503876
1476,36081012200,0.01811960058341748
1477,36081012301,0.008580958156458459
1478,36081012400,0.017295813315030883
1479,36081012500,0.038206979542719614
1480,36081012601,0.021964359718193122
1481,36081012602,0.01982587707956211
1482,36081012800,0.02083743842364532
1483,36081013000,0.02054850593532542
1484,36081013200,0.02072234762979684
1485,36081013400,0.008738277919863598
1486,36081013500,0.02136276197225878
1487,36081013600,0.026514053897421036
1488,36081013700,0.028888780630389244
1489,36081013800,0.014266555678875322
1490,36081014000,0.014276582143618153
1491,36081014100,0.030652375077112895
1492,36081014201,0.011806194418889911
1493,36081014202,0.01846856698500644
1494,36081014300,0.015252152521525215
1495,36081014400,0.023668405247352614
1496,36081014500,0.025378450578806767
1497,36081014700,0.020665065851706323
1498,36081014800,0.02365184484389782
1499,36081014900,0.02372048295758094
1500,36081015000,0.02064686737184703
1501,36081015100,0.019640300644237652
1502,36081015200,0.015705010412838418
1503,36081015300,0.024801864801864804
1504,36081015400,0.020395770824403487
1505,36081015500,0.03154153709462461
1506,36081015600,0.011756784752434225
1507,36081015700,0.047310434219053794
1508,36081015801,0.008038979573633039
1509,36081015802,0.0082925393895621
1510,36081015900,0.016295938104448744
1511,36081016100,0.023874631888935634
1512,36081016300,0.01009812870835235
1513,36081016400,0.010290041983371292
1514,36081016600,0.009711206019930852
1515,36081016800,0.008098674405835752
1516,36081016900,0.012660955453703649
1517,36081017000,0.010487179487179487
1518,36081017100,10.098837209302326
1519,36081017200,0.010649690623512613
1520,36081017400,0.007734912146676853
1521,36081017600,0.006299580027998133
1522,36081017800,0.0060952380952380945
1523,36081017900,0.07027649769585254
1524,36081018000,0.011079745942131264
1525,36081018101,0.016748166259168706
1526,36081018102,0.016165987780040733
1527,36081018200,0.005776461444745521
1528,36081018300,0.010680113531069863
1529,36081018401,0.006196335310259361
1530,36081018402,0.007165349270612429
1531,36081018501,0.014954306286347273
1532,36081018502,0.015028901734104047
1533,36081018600,0.009139453686588622
1534,36081018700,0.015867875647668395
1535,36081018800,0.011488673139158575
1536,36081018900,0.015893470790378006
1537,36081019000,0.007248718777413547
1538,36081019200,0.007358063392546152
1539,36081019400,0.004533121567070346
1540,36081019600,0.00487414034853442
1541,36081019800,0.009684300341296928
1542,36081019900,0.04105058365758755
1543,36081020200,0.015664940682965197
1544,36081020400,0.021558993913617364
1545,36081020500,0.01787670954912544
1546,36081020600,0.02525426058273777
1547,36081020800,0.023291202692541802
1548,36081021200,0.02304224158799322
1549,36081021400,0.009736469536275801
1550,36081021600,0.012265454311785117
1551,36081021900,2.3846153846153846
1552,36081022001,0.008518593263725876
1553,36081022002,0.010764476283184167
1554,36081022900,0.9302832244008714
1555,36081023000,0.040907282132908875
1556,36081023200,0.014678641594162222
1557,36081023500,0.005987583642341671
1558,36081023600,0.032010782579395165
1559,36081023800,0.013788146115140822
1560,36081024000,0.013506588579795021
1561,36081024300,0.00556640625
1562,36081024500,0.007914024911192051
1563,36081024600,inf
1564,36081024700,0.026590457256461232
1565,36081024900,0.0094602716672677
1566,36081025100,0.00977078477078477
1567,36081025301,0.013053489747020568
1568,36081025302,0.01899734479706663
1569,36081025400,0.005389613517672095
1570,36081025500,0.0376283227292244
1571,36081025700,0.034960499941044686
1572,36081025800,0.01278772378516624
1573,36081025900,0.01612272468714448
1574,36081026000,0.009985952482745985
1575,36081026100,0.006862017804154303
1576,36081026200,0.009840728100113764
1577,36081026300,0.008070739549839228
1578,36081026400,0.0062767685718505386
1579,36081026500,0.011055676574614105
1580,36081026600,0.00947940947940948
1581,36081026700,0.00853224363808555
1582,36081026901,0.010633484162895928
1583,36081026902,0.012432493249324933
1584,36081027000,0.007969034608378871
1585,36081027100,0.006222782489112995
1586,36081027200,0.008057963163596967
1587,36081027300,0.005263419236307662
1588,36081027400,0.009438040345821326
1589,36081027500,0.00640001787090505
1590,36081027600,0.012231759656652361
1591,36081027700,0.005081648966541053
1592,36081027800,0.008815996847911742
1593,36081027900,0.007725186006015513
1594,36081028000,0.013862024500322373
1595,36081028100,0.009210066410346033
1596,36081028200,0.019525350593311758
1597,36081028300,0.007188132164531355
1598,36081028400,0.007637598753964233
1599,36081028500,0.010831512417471394
1600,36081028700,0.008060136269378888
1601,36081028800,0.005225192459235012
1602,36081028900,0.0095311695002576
1603,36081029100,0.007329295225303181
1604,36081029300,0.03827852384477107
1605,36081029400,0.002703224146801578
1606,36081029500,0.012585149863760218
1607,36081029700,0.01908252093265969
1608,36081029900,inf
1609,36081030600,0.0021139051395540416
1610,36081030902,0.004937629937629937
1611,36081030903,0.006124870235800089
1612,36081030904,0.0077047413793103455
1613,36081031700,0.004126908695271563
1614,36081032000,0.0014600756258452707
1615,36081032700,0.009400705052878966
1616,36081032800,0.005830408694667723
1617,36081032900,0.007526475686994731
1618,36081033000,0.00284126616610988
1619,36081033100,inf
1620,36081033401,0.00839422725611984
1621,36081033402,0.0018109524670160853
1622,36081033700,0.010444874274661509
1623,36081033900,0.011339869281045752
1624,36081034700,0.006690219205519083
1625,36081035100,0.008936058700209642
1626,36081035200,0.008127874753592548
1627,36081035300,0.013143919277748273
1628,36081035700,0.003293737143128931
1629,36081035800,0.00350281526752115
1630,36081036100,0.012130491108232245
1631,36081036300,0.01297918694664627
1632,36081036500,0.008038808038808038
1633,36081036600,0.010595789241622576
1634,36081036700,0.00866498505231689
1635,36081036800,0.012891617273497037
1636,36081037100,0.011458985597996244
1637,36081037300,0.00954449710373881
1638,36081037500,0.011498810467882634
1639,36081037600,0.004024348318469534
1640,36081037700,0.009131771942275846
1641,36081037900,0.00586764378203065
1642,36081038100,0.0041591935184612525
1643,36081038301,inf
1644,36081038302,0.40125635234330886
1645,36081038400,0.007731873784166969
1646,36081039400,0.008107610097659848
1647,36081039800,0.012271172802253066
1648,36081039900,0.007045283424760676
1649,36081040000,0.013581952117863718
1650,36081040100,0.005037420840529648
1651,36081040200,0.011293859649122806
1652,36081040300,0.005795001810938066
1653,36081040400,0.003660759862903814
1654,36081040500,0.01345883907191809
1655,36081040700,0.005467244701348748
1656,36081040900,0.008698015765153574
1657,36081041100,0.013575711510852125
1658,36081041300,0.009360599078341013
1659,36081041400,0.004926745652712944
1660,36081041500,0.008606400612010711
1661,36081042400,0.009225119792210893
1662,36081042600,0.0478515625
1663,36081042700,0.007752456058277084
1664,36081043200,0.018963217076424625
1665,36081043400,0.0081799591002045
1666,36081043701,0.01106181603076013
1667,36081043702,0.008859635577516985
1668,36081043900,0.00833974288539721
1669,36081044000,0.013394073901024024
1670,36081044301,0.014097977400729694
1671,36081044302,0.01376265612505772
1672,36081044400,0.0157601977750309
1673,36081044601,0.02394902394902395
1674,36081044602,0.018015665796344647
1675,36081044800,0.033599617030188794
1676,36081045000,0.03657574197975639
1677,36081045200,0.06537294015611449
1678,36081045400,0.017743033731405823
1679,36081045500,0.006001622060016221
1680,36081045600,0.051619332336821123
1681,36081045700,0.02104321907600596
1682,36081045800,0.032196969696969696
1683,36081045900,0.016880503144654085
1684,36081046000,0.013758171652908496
1685,36081046100,0.020571529474086938
1686,36081046200,0.008459734405458089
1687,36081046300,0.013496307613954673
1688,36081046400,0.03071616960843985
1689,36081046500,0.011483218923765191
1690,36081046600,0.015369522563767168
1691,36081046700,0.007401063503425708
1692,36081046800,0.011771070402566875
1693,36081046900,0.006256170900278251
1694,36081047000,0.009871460295333345
1695,36081047100,0.01273069679849341
1696,36081047200,0.008756137479541733
1697,36081047300,0.012668592353355925
1698,36081047500,0.010932190870143299
1699,36081047600,0.018998723749854972
1700,36081047800,0.003384964110313563
1701,36081047900,0.006647586284683058
1702,36081048000,0.010534716679968076
1703,36081048100,0.0072445067099247895
1704,36081048200,0.014003673094582185
1705,36081048300,0.011032863849765259
1706,36081048400,0.0034212658683712973
1707,36081048500,0.010613310134841234
1708,36081048900,0.025181261668041507
1709,36081049200,0.003317894736842105
1710,36081049301,0.006920914137408983
1711,36081049302,0.005530222179101581
1712,36081049500,0.011045655375552283
1713,36081049600,0.005745574557455746
1714,36081049700,0.006680509163130812
1715,36081049900,0.006935991676809987
1716,36081050000,0.0037815928954329225
1717,36081050201,0.008183306055646482
1718,36081050202,0.012477106227106228
1719,36081050400,0.005161114145275805
1720,36081050500,0.03059282298871919
1721,36081050600,0.006899089320209732
1722,36081050700,0.008697119079304979
1723,36081050800,0.006568680820177826
1724,36081051000,0.009461966604823747
1725,36081051100,0.006870485172821844
1726,36081051200,0.005741013472972237
1727,36081051300,0.006384077359996245
1728,36081051500,0.005632012622720898
1729,36081051600,0.009967845659163989
1730,36081051700,0.008100077594201253
1731,36081051800,0.010616261004660798
1732,36081052000,0.013204032434801664
1733,36081052100,0.00976481914454683
1734,36081052200,0.012782854656222802
1735,36081052400,0.010686218133026643
1736,36081052500,0.010149054774600097
1737,36081052600,0.011330003699593045
1738,36081052800,0.014117297404398653
1739,36081053000,0.009885204081632654
1740,36081053100,0.00665453507457361
1741,36081053200,0.012080772607550482
1742,36081053401,0.009517566858940743
1743,36081053500,0.022878279334200974
1744,36081053601,0.010906785034876347
1745,36081053800,0.010134310134310133
1746,36081053900,0.008663112111387972
1747,36081054000,0.003501006631927996
1748,36081054200,0.003261257202920585
1749,36081054500,0.013353036002149384
1750,36081054700,0.012531082959685157
1751,36081054800,0.007997177466776433
1752,36081054900,0.01046219542828435
1753,36081055100,0.010838071287994753
1754,36081055200,0.006230714455257536
1755,36081055300,0.020537897310513448
1756,36081055400,0.007515281071512074
1757,36081055500,0.01928272007452259
1758,36081055600,0.008592661402693916
1759,36081055700,0.009840693688243597
1760,36081055800,0.008698999230177059
1761,36081055900,0.029580936729663106
1762,36081056000,0.008141524534967158
1763,36081056100,0.2522831050228311
1764,36081056200,0.007910349373764008
1765,36081056400,0.006514517451141119
1766,36081056500,0.01914486279514997
1767,36081056600,0.008845895194247581
1768,36081056700,0.005966695816936307
1769,36081056800,0.0022686990428925913
1770,36081057700,0.007603448275862069
1771,36081057900,0.01678033022254128
1772,36081058000,0.002772047035378729
1773,36081058100,0.012246431254695718
1774,36081058200,0.003419363290973405
1775,36081058300,0.01185720139315714
1776,36081058500,0.009890810090653693
1777,36081058700,0.010770631067961165
1778,36081058900,0.010918136320305052
1779,36081059000,0.014276846679081317
1780,36081059100,0.007820545829042224
1781,36081059200,0.009329940627650551
1782,36081059300,0.008202353345357726
1783,36081059400,0.006692071753880473
1784,36081059500,0.0057998423955870765
1785,36081059600,0.010544478527607362
1786,36081059800,0.00936373425722178
1787,36081059900,0.014032786885245901
1788,36081060000,0.011449724517906337
1789,36081060100,0.01222169587873046
1790,36081060300,0.015748339194998046
1791,36081060600,0.007706630805834281
1792,36081060701,0.67
1793,36081060800,0.010779029887310141
1794,36081061000,0.011090299684542587
1795,36081061200,0.0068879148403256105
1796,36081061301,0.005133487853034595
1797,36081061302,1.0526315789473684
1798,36081061400,0.004321988114532685
1799,36081061601,0.0027522935779816515
1800,36081061602,0.004415760869565218
1801,36081061800,0.0047904822067803745
1802,36081061900,0.0042919311694015255
1803,36081062000,0.005235042735042735
1804,36081062100,0.004669894177627351
1805,36081062200,0.0030099596570852243
1806,36081062300,0.008255578965472762
1807,36081062400,18.0
1808,36081062500,0.007984366275823562
1809,36081062600,0.0044274809160305345
1810,36081062700,0.007930994558295703
1811,36081062900,0.005845851148359757
1812,36081063000,0.006620991421498071
1813,36081063200,0.004390075469836729
1814,36081063301,0.00847457627118644
1815,36081063302,0.008431195423065342
1816,36081063500,0.007083167528849981
1817,36081063700,0.005619331376243264
1818,36081063800,0.0019719995213593397
1819,36081063900,0.007523358815677709
1820,36081064101,0.0163265306122449
1821,36081064102,0.23351413074507565
1822,36081064500,0.007668757245192164
1823,36081064600,0.003916578296217745
1824,36081065000,0.004528301886792453
1825,36081065400,0.0021862403497984557
1826,36081065501,inf
1827,36081065600,0.0009272614877395425
1828,36081065702,0.006301824212271974
1829,36081065703,0.004258307096423475
1830,36081065900,0.0055285272003538265
1831,36081066000,0.001546551190844417
1832,36081066100,0.0057971014492753615
1833,36081066300,0.008677980996320098
1834,36081066400,0.00028989979753772205
1835,36081066501,0.004195646027707096
1836,36081066701,0.006854368932038835
1837,36081066900,0.006643220007815553
1838,36081067100,0.013725490196078431
1839,36081067700,0.008892694815888282
1840,36081067900,0.010286055474135592
1841,36081068000,0.0014067440143738597
1842,36081068200,0.007062258344511955
1843,36081068300,0.01637371338083927
1844,36081068700,0.013288079810757997
1845,36081069000,0.0015503280032800328
1846,36081069300,0.021938952480055497
1847,36081069400,0.0009784020043525172
1848,36081069500,0.02386546723952739
1849,36081069701,0.016987989886219974
1850,36081069702,0.011047531718671474
1851,36081070300,0.01097636815920398
1852,36081070700,0.009884804985824117
1853,36081070900,0.0156620575468743
1854,36081071100,0.008023520485584218
1855,36081071303,0.009873315905891815
1856,36081071304,0.009615384615384616
1857,36081071305,0.010147520309704667
1858,36081071306,0.0100001912082449
1859,36081071600,inf
1860,36081071701,0.01309270075013148
1861,36081071702,0.018314843152257076
1862,36081071900,0.023749634396022228
1863,36081072100,0.011466671551297785
1864,36081072300,0.016033591102897073
1865,36081072900,0.016535921891754613
1866,36081073100,0.021342134213421345
1867,36081073700,0.02003383492120025
1868,36081073900,0.007171603725022229
1869,36081074100,0.015008291873963516
1870,36081074300,0.012042959804153834
1871,36081074500,0.013039064687762532
1872,36081074700,0.009746012994683993
1873,36081074900,0.02961614457296361
1874,36081075701,0.009175518795014305
1875,36081075702,0.008317948509869956
1876,36081076901,0.010552268244575936
1877,36081076902,0.031090444930707513
1878,36081077300,0.018988832869999528
1879,36081077500,0.022173339199296083
1880,36081077902,0.006727609235684478
1881,36081077903,0.017118102288021533
1882,36081077904,0.007323163943797575
1883,36081077905,0.020801086218601494
1884,36081077906,0.010648912744288468
1885,36081077907,0.013212496085186345
1886,36081077908,0.012836218375499335
1887,36081078800,0.005500550055005501
1888,36081079000,0.004232826082467841
1889,36081079200,0.0042580409356725146
1890,36081079300,16.0
1891,36081079701,0.006435152374202693
1892,36081079702,0.009151488227454466
1893,36081079900,0.007897115050399722
1894,36081080301,0.004799939144987069
1895,36081080302,0.0068752594437525945
1896,36081080900,0.004309272776426061
1897,36081081400,0.002749291769895778
1898,36081081800,0.0023121525781100247
1899,36081083700,0.005477509375059487
1900,36081083800,0.0017589407412215228
1901,36081084000,0.0016594627971596172
1902,36081084500,0.006148928168484393
1903,36081084601,0.0034609069091827713
1904,36081084602,0.005460588793922127
1905,36081084900,0.005187497663289341
1906,36081085300,0.00845766828591256
1907,36081085500,0.007989923296736352
1908,36081085700,0.008175149784422419
1909,36081085900,0.008360292865656394
1910,36081086100,0.02109704641350211
1911,36081086300,0.007538428316221362
1912,36081086400,0.013338395342951151
1913,36081086500,0.01251661497563137
1914,36081086900,0.019709056780854058
1915,36081087100,0.02557791095890411
1916,36081088400,0.0018489897418357715
1917,36081088901,0.0033953967326264224
1918,36081089200,0.0013072918296868968
1919,36081090700,0.01394362879799011
1920,36081091601,0.00024515812699190976
1921,36081091602,inf
1922,36081091800,0.08470588235294117
1923,36081091900,0.002456931437160365
1924,36081092200,0.0007292364697071229
1925,36081092500,0.00395725799148782
1926,36081092800,0.0005941378399788751
1927,36081092900,0.001212677189102242
1928,36081093401,0.000791765637371338
1929,36081093402,0.0023032750678361837
1930,36081093800,0.003079085217835697
1931,36081093900,0.0015724815724815725
1932,36081094201,0.006750941366325982
1933,36081094202,0.004620060790273556
1934,36081094203,0.004167442726764761
1935,36081094500,0.002014605892722236
1936,36081094700,0.0046177726038028714
1937,36081095400,0.0039024358908474224
1938,36081096400,0.004467462283269534
1939,36081097202,0.0079470916680219
1940,36081097203,0.003182251106504566
1941,36081097204,0.006387235789041658
1942,36081097300,0.0020133053221288513
1943,36081098100,0.001959204090706981
1944,36081098700,0.0029869067103109655
1945,36081099100,0.0019711214010330012
1946,36081099200,0.00526484938791013
1947,36081099701,0.007854152897113902
1948,36081099703,0.0023790491416390697
1949,36081099704,0.0022568433313919626
1950,36081099705,0.0059664527749634134
1951,36081099801,0.0024072404987231484
1952,36081099802,0.0034294240126487847
1953,36081099900,inf
1954,36081100801,0.0018212699776945587
1955,36081100802,0.0018993617585855343
1956,36081101001,0.0011743408013914606
1957,36081101002,0.0016749720837986035
1958,36081101700,0.003104506672796355
1959,36081102900,0.004183704213833771
1960,36081103201,0.0010505899466623566
1961,36081103202,0.0010488946264321445
1962,36081103300,0.003532182103610675
1963,36081103900,0.001718251587911133
1964,36081104700,0.003418102269619907
1965,36081105900,0.005050149981252343
1966,36081107201,0.0005321326238231683
1967,36081107202,inf
1968,36081108500,0.00682029413372697
1969,36081109300,0.0035539250809664383
1970,36081109700,0.005632523279582103
1971,36081109900,0.0049588037839487335
1972,36081111300,0.002246971473231731
1973,36081112300,0.003495635626525462
1974,36081112900,0.005744330008379964
1975,36081113300,0.010155299708636248
1976,36081113900,0.006587102029252399
1977,36081114100,0.008652610896999924
1978,36081114700,0.013496083304495548
1979,36081115100,0.01971326164874552
1980,36081115500,0.0119610758210569
1981,36081115700,0.010952521504469556
1982,36081115900,0.011275369581558507
1983,36081116100,0.010459795162344738
1984,36081116300,0.005941444320178943
1985,36081116700,0.01890017739074343
1986,36081117100,0.00967234779438571
1987,36081117500,0.0049758052690747345
1988,36081118100,0.01137123745819398
1989,36081118500,0.01185971077172591
1990,36081118700,0.01611914463957304
1991,36081118900,0.015194489465153971
1992,36081119100,0.00873816070882982
1993,36081119300,0.009991119005328597
1994,36081119500,0.01475166790214974
1995,36081119900,0.01824817518248175
1996,36081120100,0.01923461231015188
1997,36081120300,0.014372716199756396
1998,36081120500,0.011105599647266314
1999,36081120700,0.006720750815239004
2000,36081121100,inf
2001,36081121500,0.006697553442249858
2002,36081122300,0.008695788910903545
2003,36081122701,0.0034015683878195336
2004,36081122702,0.006186697489015833
2005,36081124100,0.011290736463946625
2006,36081124700,0.009241001564945228
2007,36081125700,0.014893444802904684
2008,36081126500,0.025140562248995985
2009,36081126700,0.013310327828444664
2010,36081127700,0.008061694355414352
2011,36081128300,0.256468797564688
2012,36081129102,0.006630033940804076
2013,36081129103,0.00613985890131948
2014,36081129104,0.00560702096538274
2015,36081130100,0.004970654180954893
2016,36081133300,0.006546162906586934
2017,36081133900,0.02124935995903738
2018,36081134100,0.007648051549555079
2019,36081134700,0.0023698506609189083
2020,36081136700,0.003142541248511652
2021,36081137700,0.0025517927425284374
2022,36081138501,0.0025621281705763186
2023,36081138502,0.11373873873873874
2024,36081139900,0.009703599153140438
2025,36081140300,0.006866938448172159
2026,36081140901,0.013965761359248296
2027,36081140902,0.006329235497502882
2028,36081141700,0.004118607649333906
2029,36081142900,0.005318708609271523
2030,36081143500,0.006864592130622144
2031,36081144100,0.004210526315789474
2032,36081144700,0.004375706288928018
2033,36081145101,0.011922268907563026
2034,36081145102,0.006124102801574438
2035,36081145900,0.007042474433778781
2036,36081146300,0.00582716049382716
2037,36081146700,0.004568713450292397
2038,36081147100,0.002113888057467824
2039,36081147900,0.0004254533897870683
2040,36081148300,0.00036696923206161545
2041,36081150701,0.0015927189988623437
2042,36081150702,0.0013654140070124966
2043,36081152901,0.0012679704842629967
2044,36081152902,0.001231467030823254
2045,36081155101,0.0034606866002214838
2046,36081155102,0.0012772810573665797
2047,36081156700,0.00869413407821229
2048,36081157101,0.0016900502077121084
2049,36081157102,0.006171433776644197
2050,36081157901,0.001370967741935484
2051,36081157902,0.00294205273350216
2052,36081157903,0.0005884266523785832
2053,36081161700,0.0005384513591333672
2054,36081162100,0.00152104662351556
2055,36085000300,0.01033890862640214
2056,36085000600,0.005675526024363234
2057,36085000700,0.0037101310514032673
2058,36085000800,0.0029063971152318863
2059,36085000900,0.010991612554112554
2060,36085001100,0.006483571607725107
2061,36085001700,0.01414189837008629
2062,36085001800,0.008628854046090708
2063,36085002001,0.005724174653887114
2064,36085002002,0.00363832367605444
2065,36085002100,0.006592522645402722
2066,36085002700,0.012686062246278756
2067,36085002900,0.004897253696946418
2068,36085003300,0.0071946474062876175
2069,36085003600,0.008029420778424763
2070,36085003900,0.008511606736458807
2071,36085004000,0.0014831882607061263
2072,36085004700,0.002782811286564846
2073,36085005000,0.003557112172164229
2074,36085005900,0.00374085117918135
2075,36085006400,0.004150787075393537
2076,36085006700,0.0033204839509942364
2077,36085007000,0.0014801826042265018
2078,36085007400,0.0020006155740227762
2079,36085007500,0.003994983044548706
2080,36085007700,0.012052117263843648
2081,36085008100,0.002526125288273626
2082,36085009601,0.00362704724036732
2083,36085009602,0.005021027962374394
2084,36085009700,0.001744669066740515
2085,36085010500,0.001853289346012032
2086,36085011201,0.002544663757041243
2087,36085011202,0.0032559756945715434
2088,36085011401,0.006499293555048365
2089,36085011402,0.007177726926010679
2090,36085012100,0.003105784916551638
2091,36085012200,0.007248342783761541
2092,36085012500,0.002847370211851507
2093,36085012804,0.005037460778244999
2094,36085012805,0.0044015199493350225
2095,36085012806,0.0032271018143321282
2096,36085013201,0.014162077104642016
2097,36085013203,0.0019040728117443212
2098,36085013204,0.0027911722194556123
2099,36085013301,0.00612369871402327
2100,36085013302,0.002509060496236409
2101,36085013400,0.007360733539142054
2102,36085013800,0.0013658044246202933
2103,36085014100,0.003461895910780669
2104,36085014604,0.0015002990711492734
2105,36085014605,0.00115979655678747
2106,36085014606,0.0010283477054217464
2107,36085014607,0.002158960063026483
2108,36085014608,0.0017861056322594784
2109,36085014700,0.002224426608951814
2110,36085015100,0.001319163233187742
2111,36085015400,inf
2112,36085015601,0.0021386255924170615
2113,36085015602,0.003141979683439641
2114,36085015603,0.0020649513584665062
2115,36085016901,0.0023875114784205694
2116,36085017005,0.0013912998081415837
2117,36085017007,0.0014831765403847783
2118,36085017008,0.0009818945977443955
2119,36085017009,0.0009671771893096314
2120,36085017010,0.0008811021787253874
2121,36085017011,0.002257263724538762
2122,36085017012,0.0023369946249123625
2123,36085017300,0.0019097034554822903
2124,36085017600,0.0010491904157532404
2125,36085017700,0.0012867619896665009
2126,36085018100,0.0035305985205110963
2127,36085018701,0.0030437188710570003
2128,36085018702,0.0006416589046637877
2129,36085018901,0.0012439157729048206
2130,36085018902,0.0010405274030866449
2131,36085019700,0.0046557620205183135
2132,36085019800,0.000803494524424757
2133,36085020100,0.002373256642573552
2134,36085020700,0.0007147256464704963
2135,36085020801,0.00032918081539214447
2136,36085020803,0.0005415441745319511
2137,36085020804,0.0005896841797649613
2138,36085021300,0.001513460497835498
2139,36085022300,0.0020566239316239317
2140,36085022600,0.00048029091907098015
2141,36085022800,0.04557823129251701
2142,36085023100,0.0028443305573350418
2143,36085023900,0.0033230769230769234
2144,36085024401,0.0011346630357449523
2145,36085024402,0.00032941654722396473
2146,36085024700,0.00317946302402261
2147,36085024800,0.0017961664205863742
2148,36085025100,0.001703418504258546
2149,36085027301,0.0011384390600267867
2150,36085027302,0.0005832803078508014
2151,36085027702,0.001324075569191022
2152,36085027704,0.000669425511197663
2153,36085027705,0.0009655516102909114
2154,36085027706,0.0015165031222123106
2155,36085027900,0.00195497322310612
2156,36085029102,0.00071086134565493
2157,36085029103,0.0007492852213349108
2158,36085029104,0.0010680003646830513
2159,36085030301,0.002330656294998738
2160,36085030302,0.0020496238112818425
2161,36085031901,0.004104134762633997
2162,36085031902,0.0017090994813767093
2163,36085032300,0.006342857142857143
2164,36085990100,inf
