,GeoID,T_Vehicle
1,36005000200,49.6
2,36005000400,47.4
3,36005001600,34.9
4,36005001900,32.5
5,36005002000,26.2
6,36005002300,16.9
7,36005002400,0.0
8,36005002500,15.8
9,36005002701,20.0
10,36005002702,18.8
11,36005002800,54.6
12,36005003100,22.9
13,36005003300,23.0
14,36005003500,28.1
15,36005003700,11.7
16,36005003800,46.3
17,36005003900,22.1
18,36005004001,47.0
19,36005004100,24.9
20,36005004200,44.6
21,36005004300,15.7
22,36005004400,30.2
23,36005004600,36.1
24,36005004800,30.9
25,36005005001,26.8
26,36005005002,18.5
27,36005005100,12.0
28,36005005200,20.5
29,36005005300,10.5
30,36005005400,20.8
31,36005005600,30.8
32,36005005902,20.3
33,36005006000,29.5
34,36005006100,33.9
35,36005006200,18.6
36,36005006300,24.1
37,36005006400,33.3
38,36005006500,14.3
39,36005006700,18.9
40,36005006800,33.1
41,36005006900,33.9
42,36005007000,32.5
43,36005007100,44.3
44,36005007200,33.8
45,36005007300,21.3
46,36005007400,41.5
47,36005007500,22.0
48,36005007600,29.8
49,36005007700,35.8
50,36005007800,34.6
51,36005007900,14.3
52,36005008300,24.9
53,36005008400,49.7
54,36005008500,20.0
55,36005008600,18.5
56,36005008700,16.6
57,36005008900,28.6
58,36005009000,16.0
59,36005009200,30.3
60,36005009300,22.5
61,36005009600,33.9
62,36005009800,45.6
64,36005011502,28.4
65,36005011700,9.7
66,36005011800,38.9
67,36005011900,18.7
68,36005012101,35.8
69,36005012102,32.9
70,36005012300,23.1
71,36005012500,33.2
72,36005012701,26.4
73,36005012901,18.7
74,36005013000,46.1
75,36005013100,24.6
76,36005013200,34.7
77,36005013300,14.1
78,36005013500,19.3
79,36005013800,51.0
80,36005014100,17.6
81,36005014300,18.9
82,36005014400,26.7
83,36005014500,25.3
84,36005014701,17.5
85,36005014702,20.4
86,36005014900,27.0
87,36005015100,35.0
88,36005015200,48.2
89,36005015300,25.3
90,36005015500,22.8
91,36005015700,21.8
92,36005015800,43.0
93,36005015900,15.8
94,36005016000,51.1
95,36005016100,19.9
96,36005016200,38.8
98,36005016400,45.7
99,36005016500,23.3
100,36005016600,42.4
101,36005016700,26.6
102,36005016900,20.5
104,36005017300,11.6
105,36005017500,14.0
106,36005017701,26.4
107,36005017702,27.8
108,36005017901,16.9
109,36005017902,19.4
110,36005018101,21.6
111,36005018102,22.1
112,36005018301,30.4
113,36005018302,24.6
114,36005018400,58.1
115,36005018500,18.3
116,36005018900,23.0
117,36005019300,16.2
118,36005019400,44.2
119,36005019500,16.3
120,36005019700,13.0
121,36005019900,21.4
122,36005020000,32.4
123,36005020100,26.7
124,36005020200,33.5
125,36005020400,46.5
126,36005020501,20.7
127,36005020502,29.3
128,36005020601,42.1
129,36005020900,16.1
130,36005021001,26.9
131,36005021002,33.2
132,36005021100,28.1
133,36005021200,24.2
134,36005021301,25.4
135,36005021302,14.8
136,36005021501,23.2
137,36005021502,29.0
138,36005021601,31.6
139,36005021602,31.3
140,36005021700,20.1
141,36005021800,39.6
142,36005021900,18.9
143,36005022000,27.7
144,36005022101,24.7
145,36005022102,16.7
146,36005022200,32.0
147,36005022300,15.5
148,36005022401,42.6
149,36005022403,33.7
150,36005022404,37.7
151,36005022500,25.0
152,36005022701,21.4
153,36005022702,20.1
154,36005022703,32.3
155,36005022800,36.9
156,36005022901,21.6
157,36005022902,28.4
158,36005023000,34.9
159,36005023100,24.8
160,36005023200,38.5
161,36005023301,18.4
162,36005023302,18.0
163,36005023501,34.3
164,36005023502,15.4
165,36005023600,29.4
166,36005023702,16.4
167,36005023703,17.7
168,36005023704,13.1
169,36005023800,50.6
170,36005023900,20.1
171,36005024000,28.9
172,36005024100,27.8
173,36005024300,13.2
174,36005024400,46.0
175,36005024501,24.8
176,36005024502,15.3
177,36005024600,44.8
178,36005024700,31.8
179,36005024800,45.6
181,36005025000,52.2
182,36005025100,18.1
183,36005025200,51.2
184,36005025300,22.0
185,36005025400,36.7
186,36005025500,26.6
187,36005025600,44.6
188,36005025700,35.1
189,36005026100,41.8
190,36005026300,24.4
191,36005026400,45.4
192,36005026500,21.9
193,36005026601,44.9
194,36005026602,51.6
195,36005026701,24.6
196,36005026702,26.4
197,36005026900,32.8
198,36005027300,23.6
199,36005027401,37.7
200,36005027402,39.9
201,36005027600,0.0
202,36005027700,23.1
203,36005027900,35.2
204,36005028100,41.7
205,36005028300,18.1
206,36005028400,0.0
207,36005028500,50.9
208,36005028600,54.7
209,36005028700,39.7
210,36005028800,41.3
211,36005028900,36.8
212,36005029301,63.0
213,36005029302,58.5
214,36005029500,50.3
215,36005029600,39.7
216,36005029700,52.0
217,36005030000,48.2
218,36005030100,37.3
219,36005030200,40.1
220,36005030701,53.9
221,36005030900,46.2
222,36005031000,50.6
223,36005031200,52.3
224,36005031400,43.3
225,36005031600,44.3
226,36005031800,55.4
228,36005032300,56.0
229,36005032400,17.2
230,36005032600,46.7
231,36005032800,26.5
232,36005033000,41.2
233,36005033201,34.7
234,36005033202,32.6
235,36005033400,0.0
236,36005033500,49.1
237,36005033600,33.9
238,36005033700,47.8
239,36005033800,28.7
240,36005034000,31.9
241,36005034200,39.8
242,36005034300,46.8
243,36005034400,46.0
244,36005034500,42.2
245,36005034800,20.9
246,36005035000,47.1
247,36005035100,56.3
248,36005035600,45.2
249,36005035800,28.5
250,36005035900,24.0
251,36005036000,27.6
252,36005036100,15.2
253,36005036300,9.7
254,36005036400,36.5
255,36005036501,23.5
256,36005036502,18.7
257,36005036700,31.5
258,36005036800,37.2
259,36005036901,18.5
260,36005036902,16.2
261,36005037000,36.4
262,36005037100,25.0
263,36005037200,39.4
264,36005037300,28.7
265,36005037400,22.2
266,36005037504,19.8
267,36005037600,41.9
268,36005037800,34.5
269,36005037900,26.4
270,36005038000,28.3
271,36005038100,23.9
272,36005038200,37.6
273,36005038301,23.8
274,36005038302,9.3
275,36005038500,16.9
276,36005038600,34.5
277,36005038700,28.0
278,36005038800,26.8
279,36005038900,28.6
280,36005039000,34.3
281,36005039100,23.3
282,36005039200,30.5
283,36005039300,15.8
284,36005039400,48.9
285,36005039500,19.6
286,36005039600,27.9
287,36005039700,12.2
288,36005039800,44.9
289,36005039901,16.6
290,36005039902,21.2
291,36005040100,13.2
292,36005040302,18.6
293,36005040303,22.8
294,36005040304,23.2
295,36005040400,26.5
296,36005040501,16.3
297,36005040502,22.5
298,36005040600,29.9
299,36005040701,21.3
300,36005040702,23.3
301,36005040800,37.7
302,36005040900,37.9
303,36005041100,29.2
304,36005041300,30.7
305,36005041400,31.2
306,36005041500,38.9
307,36005041800,42.3
308,36005041900,31.8
309,36005042000,29.6
310,36005042100,25.7
311,36005042200,33.4
312,36005042300,28.0
313,36005042400,30.5
314,36005042500,31.1
315,36005042600,44.8
316,36005042800,46.6
317,36005042901,31.0
318,36005042902,27.4
319,36005043000,48.0
320,36005043100,28.5
321,36005043400,25.9
322,36005043500,14.6
323,36005043600,26.8
324,36005044200,23.6
325,36005044400,45.9
326,36005044800,50.5
327,36005044901,45.7
328,36005044902,46.1
329,36005045101,55.7
330,36005045102,50.3
331,36005045600,34.2
332,36005045800,7.5
333,36005046000,37.7
334,36005046201,44.0
335,36005046202,36.0
336,36005048400,41.8
338,36005051600,50.3
339,36047000100,33.3
340,36047000200,23.0
341,36047000301,34.1
342,36047000501,25.5
343,36047000502,18.8
344,36047000700,35.7
345,36047000900,23.8
346,36047001100,16.8
347,36047001300,42.7
348,36047001500,15.3
350,36047002000,20.9
351,36047002100,45.6
352,36047002200,29.7
353,36047002300,14.2
354,36047002901,25.3
355,36047003000,42.1
356,36047003100,33.5
357,36047003300,16.0
358,36047003400,43.8
359,36047003500,30.3
360,36047003600,40.6
361,36047003700,14.4
362,36047003800,54.2
363,36047003900,29.8
364,36047004100,32.7
365,36047004300,31.2
366,36047004400,36.7
367,36047004500,28.2
368,36047004600,43.5
369,36047004700,49.7
370,36047004900,36.7
371,36047005000,52.5
372,36047005100,55.6
373,36047005201,21.0
374,36047005202,55.1
375,36047005300,48.5
376,36047005400,37.9
377,36047005601,41.6
378,36047005602,50.5
379,36047005800,39.3
380,36047005900,44.6
381,36047006000,29.5
382,36047006200,33.5
383,36047006300,44.4
384,36047006400,38.8
385,36047006500,34.8
386,36047006600,35.5
387,36047006700,42.4
388,36047006800,31.9
389,36047006900,32.3
390,36047007000,45.4
391,36047007100,23.3
392,36047007200,19.9
393,36047007400,37.5
394,36047007500,44.9
395,36047007600,20.3
396,36047007700,37.6
397,36047007800,32.2
398,36047008000,26.4
399,36047008200,22.0
400,36047008400,26.9
401,36047008500,12.7
403,36047008800,37.0
404,36047009000,32.7
405,36047009200,23.6
406,36047009400,31.1
407,36047009600,29.1
408,36047009800,25.0
409,36047010000,22.8
410,36047010100,34.9
411,36047010200,25.7
412,36047010400,36.6
413,36047010600,32.2
414,36047010800,30.7
415,36047011000,34.6
416,36047011200,23.2
417,36047011400,20.9
418,36047011600,24.0
419,36047011700,33.6
420,36047011800,29.3
421,36047011900,43.7
422,36047012000,49.7
423,36047012100,39.3
424,36047012200,19.1
425,36047012600,33.0
426,36047012700,17.2
427,36047012801,39.4
428,36047012901,28.1
429,36047012902,28.4
430,36047013000,38.9
431,36047013100,29.4
432,36047013200,36.9
433,36047013300,47.3
434,36047013400,35.7
435,36047013500,45.7
436,36047013600,38.2
437,36047013700,40.7
438,36047013800,43.2
439,36047013900,32.9
440,36047014000,39.8
441,36047014100,37.0
442,36047014200,41.5
443,36047014300,37.1
444,36047014500,38.5
445,36047014700,39.8
446,36047014800,44.8
447,36047014900,45.7
448,36047015000,42.4
449,36047015100,48.5
450,36047015200,49.0
451,36047015300,41.5
452,36047015400,100.0
453,36047015500,37.6
454,36047015700,30.4
455,36047015900,37.1
456,36047016000,51.9
457,36047016100,38.8
458,36047016200,54.5
459,36047016300,35.4
460,36047016400,47.2
461,36047016500,38.3
462,36047016600,52.2
463,36047016700,47.1
464,36047016800,52.7
465,36047016900,46.2
466,36047017000,42.8
467,36047017100,61.7
468,36047017200,51.8
469,36047017400,47.8
471,36047017600,40.3
473,36047017800,49.7
474,36047017900,28.2
475,36047018000,42.7
476,36047018100,27.9
477,36047018200,48.4
478,36047018300,36.9
479,36047018400,48.8
480,36047018501,10.7
481,36047018600,46.6
482,36047018700,44.5
483,36047018800,40.5
484,36047019000,44.7
485,36047019100,46.1
486,36047019200,37.1
487,36047019300,36.0
488,36047019400,43.2
489,36047019500,36.7
490,36047019600,39.7
491,36047019700,35.3
492,36047019800,44.0
493,36047019900,30.2
494,36047020000,49.0
495,36047020100,28.8
496,36047020200,51.6
497,36047020300,33.6
498,36047020400,40.5
499,36047020500,28.5
500,36047020600,54.4
501,36047020700,19.0
502,36047020800,55.6
503,36047021000,46.9
504,36047021100,20.4
505,36047021200,40.2
506,36047021300,28.5
507,36047021400,38.9
508,36047021500,19.9
509,36047021600,46.1
510,36047021700,25.2
511,36047021800,41.8
512,36047021900,24.3
513,36047022000,34.6
514,36047022100,20.6
515,36047022200,32.2
516,36047022400,41.8
517,36047022600,31.4
518,36047022700,28.4
519,36047022800,38.9
520,36047022900,25.5
521,36047023000,47.9
522,36047023100,48.0
523,36047023200,28.1
524,36047023300,25.3
525,36047023400,36.2
526,36047023500,29.6
527,36047023600,32.0
528,36047023800,31.8
529,36047024000,45.4
530,36047024100,23.8
531,36047024200,51.4
532,36047024300,37.4
533,36047024400,49.8
534,36047024500,37.9
535,36047024600,53.4
536,36047024700,14.2
537,36047024800,42.7
538,36047024900,24.3
539,36047025000,43.5
540,36047025100,21.6
541,36047025200,44.9
542,36047025300,27.5
543,36047025400,40.6
544,36047025500,13.1
545,36047025600,37.6
546,36047025700,29.4
547,36047025800,40.6
548,36047025901,19.5
549,36047025902,13.6
550,36047026000,38.0
551,36047026100,18.4
552,36047026200,44.3
553,36047026300,32.7
554,36047026400,30.6
555,36047026500,28.3
556,36047026600,33.7
557,36047026700,33.6
558,36047026800,38.3
559,36047026900,29.4
560,36047027000,41.8
561,36047027100,34.4
562,36047027200,36.4
563,36047027300,29.0
564,36047027400,44.0
565,36047027500,38.3
566,36047027600,29.7
567,36047027700,20.0
568,36047027800,37.3
569,36047027900,28.2
570,36047028000,52.3
571,36047028100,25.1
572,36047028200,50.7
573,36047028300,24.6
574,36047028400,35.0
575,36047028501,13.6
576,36047028502,12.7
577,36047028600,36.6
578,36047028700,25.0
579,36047028800,48.7
580,36047028900,30.0
581,36047029000,34.4
582,36047029100,28.8
583,36047029200,48.5
584,36047029300,32.4
585,36047029400,36.4
586,36047029500,34.3
587,36047029600,35.2
588,36047029700,35.5
589,36047029800,57.2
590,36047029900,29.0
591,36047030000,38.3
592,36047030100,29.9
593,36047030200,47.4
594,36047030300,18.5
595,36047030400,45.4
596,36047030500,23.9
597,36047030600,40.2
598,36047030700,19.2
599,36047030800,50.7
600,36047030900,42.5
601,36047031100,24.4
602,36047031300,25.9
603,36047031400,46.8
604,36047031500,14.3
605,36047031701,27.4
606,36047031702,33.2
607,36047031900,32.2
608,36047032100,20.1
609,36047032300,32.0
610,36047032500,29.7
611,36047032600,21.9
612,36047032700,19.0
613,36047032800,32.7
614,36047032900,26.4
615,36047033000,36.9
616,36047033100,32.8
617,36047033300,41.1
618,36047033500,47.6
619,36047033600,47.4
620,36047033700,45.8
621,36047033900,21.2
622,36047034000,18.2
623,36047034100,44.1
624,36047034200,13.9
625,36047034300,18.0
626,36047034500,34.7
627,36047034700,15.7
628,36047034800,49.5
629,36047034900,29.0
630,36047035000,42.5
631,36047035100,29.0
632,36047035200,10.2
633,36047035300,23.3
634,36047035400,40.2
635,36047035500,21.3
636,36047035601,50.7
637,36047035602,52.0
638,36047035700,23.3
639,36047035900,12.2
640,36047036001,22.0
641,36047036002,17.7
642,36047036100,18.9
643,36047036200,38.5
644,36047036300,25.8
645,36047036400,35.8
646,36047036501,31.1
647,36047036502,37.5
648,36047036600,35.6
649,36047036700,43.5
650,36047036900,20.8
651,36047037000,57.2
652,36047037100,34.7
653,36047037300,20.8
654,36047037401,46.0
655,36047037402,39.9
656,36047037500,40.2
657,36047037700,32.7
658,36047037900,29.3
659,36047038100,28.3
660,36047038200,12.8
661,36047038300,27.3
662,36047038500,31.3
663,36047038600,39.9
664,36047038700,35.4
665,36047038800,50.1
666,36047038900,35.7
667,36047039000,46.7
668,36047039100,33.2
669,36047039200,38.0
670,36047039300,20.5
671,36047039400,27.7
672,36047039500,28.5
673,36047039600,41.4
674,36047039700,27.2
675,36047039800,41.3
676,36047039900,27.1
677,36047040000,37.6
678,36047040100,20.4
679,36047040200,39.9
680,36047040300,17.6
681,36047040400,44.0
682,36047040500,12.7
683,36047040600,27.0
685,36047040800,57.0
686,36047040900,23.6
687,36047041000,53.6
688,36047041100,19.9
689,36047041200,39.6
690,36047041300,29.9
691,36047041401,25.1
692,36047041402,36.2
693,36047041500,41.2
694,36047041600,52.4
695,36047041700,13.2
696,36047041800,37.2
697,36047041900,37.9
698,36047042000,36.3
699,36047042100,17.3
700,36047042200,56.8
701,36047042300,30.6
702,36047042400,36.4
703,36047042500,31.2
704,36047042600,27.6
705,36047042700,22.3
706,36047042800,47.0
707,36047042900,14.7
708,36047043000,40.8
709,36047043100,17.8
710,36047043200,42.3
711,36047043300,18.8
712,36047043400,46.8
713,36047043500,33.4
714,36047043600,40.0
715,36047043700,26.3
716,36047043800,46.9
717,36047043900,29.8
718,36047044000,36.4
719,36047044100,29.2
720,36047044200,48.7
721,36047044300,18.1
722,36047044400,42.1
723,36047044500,36.3
724,36047044600,41.0
725,36047044700,20.1
726,36047044800,47.1
727,36047044900,21.5
728,36047045000,32.9
729,36047045200,46.0
730,36047045300,27.2
731,36047045400,55.2
732,36047045600,37.7
733,36047045800,38.4
734,36047046000,28.7
735,36047046201,35.1
736,36047046202,57.9
737,36047046400,43.4
738,36047046800,58.9
739,36047047000,52.4
740,36047047200,53.2
741,36047047400,38.9
742,36047047600,42.5
743,36047047700,30.9
744,36047047800,43.7
745,36047048000,29.8
746,36047048100,19.2
747,36047048200,39.6
748,36047048400,43.4
749,36047048500,32.5
750,36047048600,29.8
751,36047048800,33.1
752,36047048900,17.7
753,36047049000,35.3
754,36047049100,31.0
755,36047049200,38.0
756,36047049300,23.5
757,36047049400,45.0
758,36047049500,22.2
759,36047049600,29.7
760,36047049700,31.9
761,36047049800,42.8
762,36047049900,43.7
763,36047050000,49.9
764,36047050100,34.4
765,36047050202,58.4
766,36047050300,25.6
767,36047050400,39.3
768,36047050500,25.0
769,36047050600,29.3
770,36047050700,30.3
771,36047050801,29.2
772,36047050803,19.1
773,36047050804,28.4
774,36047050900,34.4
775,36047051001,19.9
776,36047051002,20.8
777,36047051100,25.3
778,36047051200,23.2
779,36047051300,29.2
780,36047051400,27.5
781,36047051500,33.1
782,36047051601,33.3
783,36047051602,29.9
784,36047051700,23.2
785,36047051800,42.9
786,36047051900,26.8
787,36047052000,39.3
788,36047052300,13.7
789,36047052500,18.4
790,36047052600,36.1
791,36047052700,21.8
792,36047052800,46.2
793,36047052900,33.7
794,36047053000,35.5
795,36047053100,37.1
796,36047053200,48.8
797,36047053300,22.4
798,36047053400,32.6
799,36047053500,11.8
800,36047053700,49.5
801,36047053800,30.3
802,36047053900,30.3
803,36047054200,37.8
804,36047054300,56.5
805,36047054400,51.0
806,36047054500,27.5
807,36047054600,30.6
808,36047054700,39.3
809,36047054800,37.8
810,36047054900,31.0
811,36047055000,40.3
812,36047055100,30.0
813,36047055200,31.8
814,36047055300,27.3
815,36047055400,38.1
816,36047055500,37.6
817,36047055600,44.4
818,36047055700,29.3
819,36047055800,50.1
820,36047056000,44.1
821,36047056100,39.5
822,36047056200,54.3
823,36047056300,26.2
824,36047056400,50.0
825,36047056500,30.5
826,36047056600,49.8
827,36047056800,58.6
828,36047056900,34.7
829,36047057000,58.8
830,36047057100,23.7
831,36047057200,25.7
832,36047057300,32.0
833,36047057400,49.8
834,36047057500,33.7
835,36047057600,53.0
836,36047057800,44.6
837,36047057900,14.8
838,36047058000,36.8
839,36047058200,40.9
840,36047058400,43.4
841,36047058600,48.2
842,36047058800,43.0
843,36047058900,41.5
844,36047059000,45.8
845,36047059100,34.7
846,36047059200,37.5
847,36047059300,40.2
848,36047059401,39.0
849,36047059402,59.3
850,36047059600,58.6
851,36047059800,51.8
852,36047060000,51.3
853,36047060600,41.7
854,36047060800,50.9
855,36047061002,56.2
856,36047061003,26.8
857,36047061004,25.2
858,36047061200,38.2
859,36047061600,43.1
860,36047062000,59.0
861,36047062200,46.1
862,36047062600,47.8
863,36047062800,46.3
864,36047063200,57.9
865,36047063600,52.7
866,36047063800,47.8
867,36047064000,58.5
868,36047064200,39.8
869,36047064400,47.1
870,36047064600,50.5
871,36047064800,39.3
872,36047065000,37.2
873,36047065200,45.4
874,36047065400,44.9
875,36047065600,47.2
876,36047065800,47.0
877,36047066000,41.8
878,36047066200,53.4
880,36047067000,41.2
881,36047067200,58.9
882,36047067400,49.3
883,36047067600,62.9
884,36047067800,45.3
885,36047068000,44.4
886,36047068200,44.3
887,36047068600,42.1
888,36047068800,49.9
889,36047069000,40.3
890,36047069200,35.7
891,36047069601,60.2
892,36047069602,48.8
893,36047069800,41.6
894,36047070000,36.2
895,36047070201,39.1
896,36047070202,0.0
898,36047070600,38.8
899,36047072000,50.2
900,36047072200,41.3
901,36047072400,57.9
902,36047072600,43.4
903,36047072800,54.6
904,36047073000,50.5
905,36047073200,44.5
906,36047073400,52.5
907,36047073600,46.6
908,36047073800,48.8
909,36047074000,48.3
910,36047074200,44.4
911,36047074400,50.8
912,36047074600,51.9
913,36047074800,41.7
914,36047075000,51.7
915,36047075200,33.1
916,36047075400,41.6
917,36047075600,44.8
918,36047075800,46.8
919,36047076000,44.1
920,36047076200,27.8
921,36047076400,39.1
922,36047076600,27.0
923,36047076800,47.1
924,36047077000,28.7
925,36047077200,50.3
926,36047077400,41.4
927,36047077600,43.5
928,36047078000,43.9
929,36047078200,35.1
930,36047078400,36.0
931,36047078600,31.0
932,36047078800,40.9
933,36047079000,32.4
934,36047079200,37.4
935,36047079400,40.8
936,36047079601,20.7
937,36047079602,26.4
938,36047079801,28.1
939,36047079802,18.2
940,36047080000,44.6
941,36047080200,21.6
942,36047080400,28.9
943,36047080600,32.9
944,36047080800,8.4
945,36047081000,35.1
946,36047081400,42.3
947,36047081600,32.7
948,36047081800,41.4
949,36047082000,23.3
950,36047082200,15.6
951,36047082400,22.9
952,36047082600,31.0
953,36047082800,29.7
954,36047083000,34.2
955,36047083200,51.3
956,36047083400,54.2
957,36047083600,37.3
958,36047083800,38.4
959,36047084000,42.2
960,36047084600,51.2
961,36047084800,31.1
962,36047085000,50.8
963,36047085200,0.0
964,36047085400,36.3
965,36047085600,34.3
966,36047085800,39.7
967,36047086000,40.5
968,36047086200,36.1
969,36047086400,39.7
970,36047086600,42.1
971,36047086800,35.6
972,36047087000,33.2
973,36047087200,39.8
974,36047087401,36.3
975,36047087600,38.8
976,36047087800,30.7
977,36047088000,36.1
978,36047088200,28.5
979,36047088400,31.3
980,36047088600,23.8
981,36047088800,28.6
982,36047089000,23.6
983,36047089200,10.2
984,36047089400,36.4
985,36047089600,20.5
986,36047089800,31.7
987,36047090000,22.8
988,36047090200,28.4
989,36047090600,8.0
990,36047090800,7.6
991,36047091000,5.9
992,36047091200,5.3
993,36047091600,12.8
994,36047091800,24.4
995,36047092000,35.5
996,36047092200,32.2
997,36047092400,27.0
998,36047092800,45.0
999,36047093000,52.5
1000,36047093200,37.1
1001,36047093400,50.0
1002,36047093600,45.7
1003,36047093800,40.3
1004,36047094401,37.5
1005,36047094402,13.0
1006,36047094600,51.9
1007,36047095000,37.9
1008,36047095400,45.5
1009,36047095600,41.0
1010,36047095800,63.7
1012,36047096200,46.2
1013,36047096400,30.3
1014,36047096600,45.7
1015,36047096800,48.0
1016,36047097000,35.0
1017,36047097400,46.2
1018,36047098200,22.0
1019,36047098400,48.5
1020,36047098600,57.6
1021,36047098800,46.5
1022,36047099000,59.8
1023,36047099200,54.3
1024,36047099400,55.1
1025,36047099600,49.6
1026,36047099800,44.6
1027,36047100400,41.6
1028,36047100600,34.6
1029,36047100800,39.4
1030,36047101000,42.7
1031,36047101200,51.3
1032,36047101400,56.9
1033,36047101600,47.6
1034,36047101800,49.9
1035,36047102000,62.2
1036,36047102200,47.4
1037,36047102400,44.8
1038,36047102600,42.5
1039,36047102800,42.5
1040,36047103400,30.5
1041,36047105801,25.7
1042,36047105804,33.8
1043,36047107000,36.1
1044,36047107800,44.1
1045,36047109800,42.4
1046,36047110400,32.9
1047,36047110600,21.3
1048,36047111000,20.4
1049,36047111600,26.2
1050,36047111800,43.4
1051,36047112000,28.0
1052,36047112200,30.7
1053,36047112400,43.7
1054,36047112600,33.7
1055,36047112800,29.1
1056,36047113000,37.4
1057,36047113200,39.4
1058,36047113400,10.1
1059,36047114201,43.2
1060,36047114202,32.2
1061,36047114400,34.6
1062,36047114600,34.9
1063,36047115000,35.2
1064,36047115200,33.0
1065,36047115600,17.3
1066,36047115800,26.8
1067,36047116000,23.8
1068,36047116200,35.0
1069,36047116400,37.3
1070,36047116600,33.5
1071,36047116800,32.2
1072,36047117000,25.9
1073,36047117201,36.6
1074,36047117202,26.9
1075,36047117400,32.6
1076,36047117601,29.4
1077,36047117602,20.9
1078,36047117800,34.9
1080,36047118201,32.1
1081,36047118202,35.1
1082,36047118400,36.8
1083,36047118600,37.8
1084,36047118800,22.9
1085,36047119000,19.9
1086,36047119200,39.2
1087,36047119400,34.8
1088,36047119600,35.5
1089,36047119800,23.8
1090,36047120000,18.9
1091,36047120200,48.9
1092,36047120800,34.0
1093,36047121000,11.4
1094,36047121400,18.3
1095,36047122000,37.9
1096,36047123700,42.5
1097,36047150200,48.3
1098,36047152200,50.2
1101,36061000201,10.1
1102,36061000202,17.6
1104,36061000600,9.8
1105,36061000700,8.4
1106,36061000800,11.4
1107,36061000900,14.5
1108,36061001001,43.2
1109,36061001002,13.8
1110,36061001200,23.6
1111,36061001300,14.5
1112,36061001401,36.1
1113,36061001402,7.4
1114,36061001501,23.3
1115,36061001502,18.3
1116,36061001600,10.0
1117,36061001800,12.8
1118,36061002000,13.2
1119,36061002100,21.3
1120,36061002201,18.1
1121,36061002202,10.1
1122,36061002400,13.6
1123,36061002500,9.8
1124,36061002601,11.2
1125,36061002602,16.1
1126,36061002700,22.4
1127,36061002800,18.4
1128,36061002900,23.7
1129,36061003001,8.9
1130,36061003002,8.6
1131,36061003100,11.2
1132,36061003200,20.1
1133,36061003300,26.2
1134,36061003400,5.4
1135,36061003601,13.8
1136,36061003602,11.9
1137,36061003700,29.4
1138,36061003800,15.6
1139,36061003900,34.2
1140,36061004000,11.6
1141,36061004100,7.9
1142,36061004200,11.3
1143,36061004300,11.0
1144,36061004400,25.6
1145,36061004500,24.9
1146,36061004700,19.8
1147,36061004800,15.7
1148,36061004900,18.1
1149,36061005000,19.9
1150,36061005200,28.9
1151,36061005400,21.3
1152,36061005501,27.3
1153,36061005502,28.9
1154,36061005600,26.9
1155,36061005700,25.7
1156,36061005800,17.6
1157,36061005900,30.0
1158,36061006000,31.1
1159,36061006100,24.8
1160,36061006200,16.1
1161,36061006300,26.9
1162,36061006400,16.5
1163,36061006500,11.6
1164,36061006600,22.1
1165,36061006700,16.0
1166,36061006800,13.5
1167,36061006900,30.4
1168,36061007000,15.8
1169,36061007100,17.8
1170,36061007200,9.4
1171,36061007300,12.3
1172,36061007400,9.4
1173,36061007500,26.1
1174,36061007600,6.9
1175,36061007700,13.1
1176,36061007800,12.2
1177,36061007900,22.8
1178,36061008000,16.1
1179,36061008100,11.0
1180,36061008200,17.4
1181,36061008300,10.7
1182,36061008400,15.4
1183,36061008601,31.8
1185,36061008603,32.9
1186,36061008700,12.9
1187,36061008800,23.3
1188,36061008900,18.4
1189,36061009000,17.8
1190,36061009100,19.3
1191,36061009200,8.8
1192,36061009300,22.4
1193,36061009400,0.0
1194,36061009500,18.4
1195,36061009600,5.5
1196,36061009700,15.3
1197,36061009800,21.3
1198,36061009900,13.4
1199,36061010000,6.6
1200,36061010100,9.7
1201,36061010200,16.7
1202,36061010300,5.6
1203,36061010400,18.8
1204,36061010601,30.1
1205,36061010602,30.3
1206,36061010800,18.6
1207,36061010900,6.4
1208,36061011000,25.1
1209,36061011100,12.7
1210,36061011201,25.9
1211,36061011202,26.1
1212,36061011203,26.8
1213,36061011300,9.4
1214,36061011401,23.5
1215,36061011402,23.3
1216,36061011500,9.7
1217,36061011600,7.9
1218,36061011700,15.3
1219,36061011800,23.6
1220,36061011900,7.7
1221,36061012000,34.5
1222,36061012100,7.7
1223,36061012200,26.0
1224,36061012400,27.0
1225,36061012500,12.7
1226,36061012600,26.6
1227,36061012700,18.7
1228,36061012800,42.2
1229,36061012900,11.9
1230,36061013000,35.3
1231,36061013100,15.0
1232,36061013200,28.7
1233,36061013300,12.0
1234,36061013400,23.3
1235,36061013500,14.5
1236,36061013600,32.7
1237,36061013700,23.9
1238,36061013800,17.1
1239,36061013900,11.3
1240,36061014000,24.9
1241,36061014200,37.0
1243,36061014401,29.3
1244,36061014402,29.2
1245,36061014500,20.4
1246,36061014601,9.0
1247,36061014602,25.8
1248,36061014700,29.4
1249,36061014801,27.1
1250,36061014802,22.6
1251,36061014900,28.1
1252,36061015001,42.0
1253,36061015002,45.2
1254,36061015100,24.6
1255,36061015200,17.9
1256,36061015300,28.9
1257,36061015400,24.8
1258,36061015500,34.8
1259,36061015601,14.9
1260,36061015602,31.5
1261,36061015700,21.7
1262,36061015801,33.0
1263,36061015802,14.9
1264,36061015900,28.5
1265,36061016001,42.5
1266,36061016002,23.8
1267,36061016100,18.3
1268,36061016200,14.5
1269,36061016300,25.3
1270,36061016400,12.5
1271,36061016500,24.7
1272,36061016600,11.5
1273,36061016700,25.5
1274,36061016800,17.3
1275,36061016900,30.9
1276,36061017000,24.6
1277,36061017100,22.1
1278,36061017200,11.4
1279,36061017300,21.0
1280,36061017401,12.2
1281,36061017402,17.0
1282,36061017500,31.4
1283,36061017700,23.0
1284,36061017800,16.1
1285,36061017900,18.3
1286,36061018000,9.6
1287,36061018100,28.0
1288,36061018200,21.7
1289,36061018300,26.2
1290,36061018400,17.1
1291,36061018500,32.0
1292,36061018600,9.3
1293,36061018700,23.3
1294,36061018800,17.4
1295,36061018900,22.3
1296,36061019000,23.5
1297,36061019100,20.4
1298,36061019200,13.6
1299,36061019300,11.3
1300,36061019400,14.2
1301,36061019500,27.7
1302,36061019600,7.8
1303,36061019701,20.5
1304,36061019702,22.6
1305,36061019800,27.7
1306,36061019900,27.6
1307,36061020000,20.0
1308,36061020101,26.1
1309,36061020102,21.6
1310,36061020300,20.4
1311,36061020500,32.4
1312,36061020600,12.7
1313,36061020701,10.1
1314,36061020800,20.4
1315,36061020901,10.9
1316,36061021000,11.6
1317,36061021100,22.9
1318,36061021200,23.7
1319,36061021303,19.7
1320,36061021400,25.3
1321,36061021500,10.2
1322,36061021600,18.8
1323,36061021703,0.0
1324,36061021800,24.1
1325,36061021900,19.4
1326,36061022000,25.6
1327,36061022102,23.6
1328,36061022200,22.8
1329,36061022301,17.1
1330,36061022302,10.8
1331,36061022400,18.6
1332,36061022500,20.5
1333,36061022600,22.7
1334,36061022700,15.7
1335,36061022800,20.4
1336,36061022900,18.1
1337,36061023000,14.5
1338,36061023100,26.8
1339,36061023200,13.7
1340,36061023300,10.1
1341,36061023400,12.1
1342,36061023501,16.9
1343,36061023502,17.1
1344,36061023600,19.3
1345,36061023700,14.8
1346,36061023801,21.6
1347,36061023802,26.3
1348,36061023900,10.5
1350,36061024100,21.2
1351,36061024200,13.0
1352,36061024301,17.5
1353,36061024302,16.6
1354,36061024500,11.6
1355,36061024700,26.5
1356,36061024900,15.7
1357,36061025100,7.0
1358,36061025300,16.1
1359,36061025500,25.4
1360,36061025700,28.7
1361,36061025900,20.3
1362,36061026100,20.4
1363,36061026300,23.6
1364,36061026500,20.2
1365,36061026700,41.8
1366,36061026900,14.9
1367,36061027100,19.9
1368,36061027300,23.2
1369,36061027500,26.1
1370,36061027700,14.6
1371,36061027900,19.2
1372,36061028100,30.5
1373,36061028300,26.0
1374,36061028500,14.5
1375,36061028700,18.9
1376,36061029100,20.5
1377,36061029300,19.5
1378,36061029500,23.5
1380,36061029900,28.0
1381,36061030300,25.9
1382,36061030700,31.9
1383,36061030900,30.9
1385,36061031703,28.5
1386,36061031704,23.8
1388,36081000100,33.5
1389,36081000200,45.7
1390,36081000400,38.9
1391,36081000600,45.8
1392,36081000700,34.7
1393,36081000800,54.5
1394,36081001000,38.7
1395,36081001200,47.0
1396,36081001400,31.5
1397,36081001600,39.7
1398,36081001800,53.6
1399,36081001900,22.9
1400,36081002000,44.9
1401,36081002200,42.5
1402,36081002400,34.8
1403,36081002500,5.3
1404,36081002600,30.0
1405,36081002800,39.5
1406,36081003000,45.9
1407,36081003100,25.6
1408,36081003200,46.3
1409,36081003300,24.3
1410,36081003400,43.1
1411,36081003600,47.0
1413,36081003800,44.2
1414,36081003900,27.2
1415,36081004001,43.0
1416,36081004002,46.2
1417,36081004200,43.8
1418,36081004300,29.3
1419,36081004401,40.7
1420,36081004500,42.7
1421,36081004700,17.8
1422,36081005000,32.3
1423,36081005100,36.5
1424,36081005200,52.8
1425,36081005300,40.0
1426,36081005400,53.1
1427,36081005500,34.0
1428,36081005700,29.8
1429,36081005800,48.0
1430,36081005900,35.1
1431,36081006100,22.3
1432,36081006201,59.4
1433,36081006202,41.6
1434,36081006300,14.5
1435,36081006501,23.4
1436,36081006502,25.9
1437,36081006900,33.1
1438,36081007100,25.7
1439,36081007300,29.5
1440,36081007500,31.9
1441,36081007700,37.9
1442,36081007900,38.3
1443,36081008100,37.1
1444,36081008300,36.9
1445,36081008500,45.4
1446,36081008600,43.8
1447,36081008700,20.6
1448,36081008800,41.9
1449,36081009100,52.0
1450,36081009400,47.2
1451,36081009500,39.9
1452,36081009600,35.2
1453,36081009700,50.1
1454,36081009800,38.3
1456,36081010000,29.9
1457,36081010100,36.1
1458,36081010200,50.9
1459,36081010300,35.0
1460,36081010400,56.8
1461,36081010500,46.4
1462,36081010600,34.4
1464,36081010800,47.0
1465,36081011000,38.2
1466,36081011100,38.8
1467,36081011200,41.5
1468,36081011300,36.2
1469,36081011400,46.2
1470,36081011500,33.8
1471,36081011600,27.8
1472,36081011700,35.9
1473,36081011800,35.8
1474,36081011900,34.4
1475,36081012000,34.5
1476,36081012100,49.2
1477,36081012200,47.6
1478,36081012301,50.6
1479,36081012400,41.6
1480,36081012500,41.9
1481,36081012601,41.3
1482,36081012602,41.4
1483,36081012800,45.6
1484,36081013000,44.2
1485,36081013200,41.1
1486,36081013400,47.5
1487,36081013500,48.9
1488,36081013600,38.3
1489,36081013700,37.6
1490,36081013800,55.5
1491,36081014000,46.4
1492,36081014100,32.9
1493,36081014201,49.3
1494,36081014202,43.8
1495,36081014300,28.4
1496,36081014400,45.3
1497,36081014500,41.3
1498,36081014700,32.6
1499,36081014800,66.2
1500,36081014900,30.2
1501,36081015000,44.5
1502,36081015100,32.4
1503,36081015200,30.8
1504,36081015300,34.3
1505,36081015400,34.1
1506,36081015500,26.6
1507,36081015600,45.3
1508,36081015700,21.0
1509,36081015801,40.6
1510,36081015802,34.7
1511,36081015900,34.7
1512,36081016100,38.2
1513,36081016300,25.4
1514,36081016400,37.3
1515,36081016600,23.2
1516,36081016800,36.1
1517,36081016900,47.8
1518,36081017000,33.9
1519,36081017100,100.0
1520,36081017200,58.1
1521,36081017400,30.9
1522,36081017600,35.0
1523,36081017800,30.6
1524,36081017900,27.5
1525,36081018000,40.4
1526,36081018101,36.1
1527,36081018102,32.9
1528,36081018200,38.6
1529,36081018300,34.0
1530,36081018401,36.3
1531,36081018402,44.2
1532,36081018501,41.6
1533,36081018502,25.1
1534,36081018600,47.2
1535,36081018700,34.8
1536,36081018800,39.4
1537,36081018900,47.9
1538,36081019000,36.4
1539,36081019200,47.9
1540,36081019400,34.8
1541,36081019600,28.6
1542,36081019800,30.9
1543,36081019900,30.2
1544,36081020200,40.9
1545,36081020400,45.1
1546,36081020500,46.8
1547,36081020600,38.1
1548,36081020800,56.0
1549,36081021200,36.0
1550,36081021400,40.4
1551,36081021600,46.5
1553,36081022001,50.1
1554,36081022002,60.7
1556,36081023000,39.1
1557,36081023200,49.5
1558,36081023500,37.3
1559,36081023600,34.8
1560,36081023800,30.5
1561,36081024000,32.4
1562,36081024300,46.4
1563,36081024500,45.9
1565,36081024700,28.1
1566,36081024900,44.4
1567,36081025100,50.7
1568,36081025301,36.0
1569,36081025302,40.2
1570,36081025400,30.3
1571,36081025500,37.5
1572,36081025700,35.6
1573,36081025800,29.8
1574,36081025900,58.8
1575,36081026000,47.5
1576,36081026100,42.0
1577,36081026200,47.9
1578,36081026300,29.4
1579,36081026400,46.5
1580,36081026500,37.8
1581,36081026600,24.0
1582,36081026700,25.9
1583,36081026901,21.0
1584,36081026902,27.5
1585,36081027000,34.2
1586,36081027100,33.1
1587,36081027200,46.6
1588,36081027300,40.1
1589,36081027400,53.9
1590,36081027500,39.4
1591,36081027600,37.1
1592,36081027700,34.4
1593,36081027800,26.1
1594,36081027900,39.1
1595,36081028000,44.7
1596,36081028100,38.1
1597,36081028200,31.6
1598,36081028300,41.3
1599,36081028400,43.1
1600,36081028500,45.6
1601,36081028700,28.7
1602,36081028800,53.7
1603,36081028900,39.3
1604,36081029100,34.9
1605,36081029300,59.0
1606,36081029400,37.1
1607,36081029500,53.4
1608,36081029700,37.2
1610,36081030600,45.2
1611,36081030902,51.7
1612,36081030903,48.1
1613,36081030904,37.0
1614,36081031700,52.1
1615,36081032000,43.0
1616,36081032700,40.4
1617,36081032800,45.4
1618,36081032900,35.7
1619,36081033000,39.9
1621,36081033401,38.4
1622,36081033402,47.2
1623,36081033700,44.4
1624,36081033900,41.7
1625,36081034700,45.1
1626,36081035100,44.6
1627,36081035200,29.7
1628,36081035300,41.3
1629,36081035700,42.1
1630,36081035800,41.0
1631,36081036100,31.7
1632,36081036300,39.4
1633,36081036500,36.0
1634,36081036600,34.8
1635,36081036700,38.1
1636,36081036800,43.4
1637,36081037100,47.3
1638,36081037300,41.5
1639,36081037500,29.1
1640,36081037600,31.9
1641,36081037700,28.6
1642,36081037900,32.9
1643,36081038100,46.4
1646,36081038400,50.4
1647,36081039400,40.7
1648,36081039800,43.2
1649,36081039900,37.5
1650,36081040000,29.6
1651,36081040100,30.2
1652,36081040200,49.8
1653,36081040300,36.5
1654,36081040400,39.0
1655,36081040500,17.9
1656,36081040700,24.5
1657,36081040900,28.5
1658,36081041100,27.4
1659,36081041300,32.2
1660,36081041400,42.7
1661,36081041500,29.1
1662,36081042400,48.9
1664,36081042700,28.5
1665,36081043200,45.8
1666,36081043400,45.1
1667,36081043701,44.7
1668,36081043702,31.0
1669,36081043900,28.9
1670,36081044000,40.3
1671,36081044301,30.2
1672,36081044302,23.9
1673,36081044400,37.3
1674,36081044601,34.8
1675,36081044602,37.7
1676,36081044800,50.4
1677,36081045000,45.5
1678,36081045200,38.5
1679,36081045400,56.7
1680,36081045500,31.0
1681,36081045600,33.1
1682,36081045700,32.6
1683,36081045800,37.7
1684,36081045900,36.1
1685,36081046000,32.5
1686,36081046100,33.8
1687,36081046200,34.9
1688,36081046300,35.1
1689,36081046400,48.5
1690,36081046500,21.0
1691,36081046600,55.5
1692,36081046700,27.0
1693,36081046800,47.5
1694,36081046900,23.2
1695,36081047000,47.3
1696,36081047100,37.6
1697,36081047200,46.2
1698,36081047300,39.2
1699,36081047500,39.0
1700,36081047600,31.9
1701,36081047800,49.1
1702,36081047900,40.1
1703,36081048000,54.4
1704,36081048100,33.2
1705,36081048200,40.4
1706,36081048300,33.7
1707,36081048400,39.6
1708,36081048500,45.9
1709,36081048900,60.0
1710,36081049200,40.7
1711,36081049301,54.5
1712,36081049302,47.6
1713,36081049500,54.8
1714,36081049600,40.2
1715,36081049700,37.2
1716,36081049900,48.4
1717,36081050000,32.3
1718,36081050201,45.2
1719,36081050202,47.3
1720,36081050400,42.9
1721,36081050500,52.8
1722,36081050600,44.2
1723,36081050700,40.0
1724,36081050800,21.2
1725,36081051000,33.2
1726,36081051100,45.5
1727,36081051200,46.5
1728,36081051300,40.9
1729,36081051500,47.5
1730,36081051600,39.5
1731,36081051700,47.3
1732,36081051800,44.8
1733,36081052000,41.6
1734,36081052100,43.8
1735,36081052200,38.0
1736,36081052400,38.6
1737,36081052500,39.5
1738,36081052600,38.7
1739,36081052800,40.5
1740,36081053000,29.4
1741,36081053100,49.3
1742,36081053200,54.5
1743,36081053401,46.4
1744,36081053500,41.3
1745,36081053601,52.3
1746,36081053800,33.3
1747,36081053900,45.9
1748,36081054000,34.4
1749,36081054200,43.4
1750,36081054500,34.8
1751,36081054700,34.6
1752,36081054800,37.5
1753,36081054900,29.6
1754,36081055100,31.1
1755,36081055200,34.0
1756,36081055300,19.1
1757,36081055400,50.5
1758,36081055500,42.3
1759,36081055600,46.4
1760,36081055700,39.8
1761,36081055800,24.7
1762,36081055900,31.9
1763,36081056000,43.1
1764,36081056100,50.0
1765,36081056200,31.4
1766,36081056400,45.3
1767,36081056500,54.1
1768,36081056600,45.3
1769,36081056700,47.8
1770,36081056800,33.2
1771,36081057700,37.1
1772,36081057900,56.4
1773,36081058000,45.3
1774,36081058100,52.0
1775,36081058200,48.2
1776,36081058300,48.7
1777,36081058500,46.9
1778,36081058700,39.5
1779,36081058900,40.3
1780,36081059000,49.5
1781,36081059100,38.5
1782,36081059200,27.2
1783,36081059300,41.4
1784,36081059400,32.9
1785,36081059500,48.9
1786,36081059600,42.5
1787,36081059800,39.3
1788,36081059900,41.0
1789,36081060000,38.4
1790,36081060100,46.5
1791,36081060300,45.3
1792,36081060600,54.2
1793,36081060701,100.0
1794,36081060800,31.4
1795,36081061000,31.2
1796,36081061200,40.1
1797,36081061301,34.5
1799,36081061400,43.5
1800,36081061601,42.9
1801,36081061602,35.7
1802,36081061800,44.0
1803,36081061900,51.9
1804,36081062000,19.0
1805,36081062100,54.4
1806,36081062200,27.5
1807,36081062300,42.0
1809,36081062500,46.7
1810,36081062600,44.0
1811,36081062700,56.8
1812,36081062900,38.8
1813,36081063000,44.0
1814,36081063200,48.7
1815,36081063301,46.2
1816,36081063302,44.6
1817,36081063500,38.6
1818,36081063700,33.2
1819,36081063800,33.0
1820,36081063900,46.2
1821,36081064101,57.0
1823,36081064500,50.6
1824,36081064600,42.3
1825,36081065000,42.0
1826,36081065400,36.4
1828,36081065600,31.9
1829,36081065702,41.8
1830,36081065703,51.6
1831,36081065900,42.9
1832,36081066000,40.8
1833,36081066100,39.3
1834,36081066300,39.1
1835,36081066400,34.9
1836,36081066501,45.6
1837,36081066701,30.4
1838,36081066900,54.3
1839,36081067100,51.0
1840,36081067700,47.3
1841,36081067900,54.5
1842,36081068000,49.9
1843,36081068200,57.0
1844,36081068300,33.6
1845,36081068700,55.8
1846,36081069000,42.7
1847,36081069300,41.9
1848,36081069400,41.6
1849,36081069500,52.5
1850,36081069701,41.2
1851,36081069702,37.5
1852,36081070300,59.2
1853,36081070700,56.2
1854,36081070900,63.4
1855,36081071100,46.7
1856,36081071303,42.6
1857,36081071304,42.4
1858,36081071305,41.2
1859,36081071306,36.4
1861,36081071701,43.5
1862,36081071702,38.7
1863,36081071900,23.1
1864,36081072100,31.2
1865,36081072300,58.9
1866,36081072900,65.4
1867,36081073100,46.7
1868,36081073700,35.1
1869,36081073900,49.4
1870,36081074100,50.4
1871,36081074300,51.1
1872,36081074500,45.1
1873,36081074700,59.3
1874,36081074900,51.0
1875,36081075701,45.9
1876,36081075702,48.3
1877,36081076901,38.2
1878,36081076902,36.7
1879,36081077300,35.9
1880,36081077500,44.7
1881,36081077902,53.3
1882,36081077903,46.2
1883,36081077904,35.4
1884,36081077905,59.2
1885,36081077906,52.5
1886,36081077907,51.4
1887,36081077908,55.0
1888,36081078800,48.2
1889,36081079000,48.8
1890,36081079200,39.7
1892,36081079701,30.0
1893,36081079702,32.3
1894,36081079900,41.4
1895,36081080301,53.1
1896,36081080302,57.2
1897,36081080900,50.1
1898,36081081400,31.4
1899,36081081800,36.2
1900,36081083700,46.7
1901,36081083800,31.1
1902,36081084000,39.3
1903,36081084500,20.5
1904,36081084601,48.7
1905,36081084602,33.3
1906,36081084900,25.5
1907,36081085300,33.3
1908,36081085500,21.6
1909,36081085700,36.7
1910,36081085900,36.3
1911,36081086100,46.9
1912,36081086300,39.5
1913,36081086400,41.8
1914,36081086500,20.2
1915,36081086900,40.7
1916,36081087100,24.7
1917,36081088400,29.1
1918,36081088901,47.2
1919,36081089200,31.1
1920,36081090700,60.8
1921,36081091601,33.5
1923,36081091800,50.0
1924,36081091900,46.5
1925,36081092200,39.3
1926,36081092500,53.6
1927,36081092800,27.7
1928,36081092900,45.6
1929,36081093401,48.4
1930,36081093402,41.4
1931,36081093800,43.9
1932,36081093900,48.6
1933,36081094201,56.8
1934,36081094202,40.3
1935,36081094203,50.8
1936,36081094500,40.0
1937,36081094700,48.6
1938,36081095400,41.3
1939,36081096400,58.6
1940,36081097202,19.7
1941,36081097203,33.0
1942,36081097204,33.2
1943,36081097300,27.0
1944,36081098100,33.4
1945,36081098700,29.4
1946,36081099100,44.7
1947,36081099200,39.1
1948,36081099701,46.2
1949,36081099703,57.3
1950,36081099704,50.6
1951,36081099705,44.6
1952,36081099801,49.0
1953,36081099802,39.1
1955,36081100801,33.6
1956,36081100802,38.1
1957,36081101001,45.7
1958,36081101002,23.2
1959,36081101700,48.3
1960,36081102900,46.5
1961,36081103201,33.0
1962,36081103202,42.5
1963,36081103300,36.7
1964,36081103900,33.0
1965,36081104700,51.3
1966,36081105900,39.3
1967,36081107201,43.6
1969,36081108500,42.9
1970,36081109300,30.2
1971,36081109700,47.1
1972,36081109900,53.8
1973,36081111300,38.5
1974,36081112300,51.6
1975,36081112900,47.6
1976,36081113300,42.0
1977,36081113900,47.5
1978,36081114100,41.3
1979,36081114700,44.0
1980,36081115100,33.7
1981,36081115500,45.3
1982,36081115700,37.6
1983,36081115900,31.2
1984,36081116100,33.5
1985,36081116300,34.0
1986,36081116700,40.2
1987,36081117100,46.9
1988,36081117500,48.1
1989,36081118100,51.6
1990,36081118500,48.7
1991,36081118700,33.0
1992,36081118900,52.7
1993,36081119100,40.5
1994,36081119300,41.6
1995,36081119500,40.4
1996,36081119900,40.7
1997,36081120100,39.4
1998,36081120300,39.9
1999,36081120500,27.0
2000,36081120700,48.1
2002,36081121500,37.8
2003,36081122300,46.7
2004,36081122701,52.6
2005,36081122702,36.6
2006,36081124100,39.8
2007,36081124700,35.0
2008,36081125700,49.0
2009,36081126500,57.1
2010,36081126700,47.6
2011,36081127700,37.3
2013,36081129102,43.4
2014,36081129103,56.1
2015,36081129104,55.6
2016,36081130100,37.3
2017,36081133300,48.9
2018,36081133900,51.0
2019,36081134100,40.3
2020,36081134700,51.7
2021,36081136700,58.8
2022,36081137700,56.5
2023,36081138501,47.9
2025,36081139900,42.8
2026,36081140300,41.7
2027,36081140901,33.4
2028,36081140902,44.4
2029,36081141700,33.1
2030,36081142900,38.8
2031,36081143500,35.5
2032,36081144100,44.7
2033,36081144700,51.4
2034,36081145101,38.0
2035,36081145102,38.8
2036,36081145900,45.3
2037,36081146300,38.9
2038,36081146700,63.9
2039,36081147100,47.5
2040,36081147900,51.4
2041,36081148300,36.6
2042,36081150701,29.3
2043,36081150702,36.7
2044,36081152901,53.4
2045,36081152902,52.8
2046,36081155101,58.7
2047,36081155102,51.9
2048,36081156700,36.0
2049,36081157101,36.8
2050,36081157102,27.2
2051,36081157901,35.4
2052,36081157902,33.3
2053,36081157903,37.9
2054,36081161700,25.8
2055,36081162100,42.6
2057,36085000300,51.2
2058,36085000600,34.7
2059,36085000700,38.6
2060,36085000800,42.0
2061,36085000900,42.7
2062,36085001100,30.9
2063,36085001700,31.5
2064,36085001800,47.0
2065,36085002001,51.3
2066,36085002002,36.2
2067,36085002100,39.8
2068,36085002700,46.2
2069,36085002900,21.6
2070,36085003300,46.6
2071,36085003600,38.9
2072,36085003900,44.8
2073,36085004000,38.4
2074,36085004700,45.6
2075,36085005000,39.1
2076,36085005900,41.8
2077,36085006400,35.8
2078,36085006700,40.0
2079,36085007000,47.3
2080,36085007400,43.3
2081,36085007500,21.7
2082,36085007700,31.5
2083,36085008100,33.5
2084,36085009601,31.9
2085,36085009602,41.0
2086,36085009700,31.0
2087,36085010500,42.8
2088,36085011201,46.2
2089,36085011202,41.7
2090,36085011401,35.3
2091,36085011402,44.2
2092,36085012100,37.3
2093,36085012200,28.6
2094,36085012500,35.6
2095,36085012804,34.9
2096,36085012805,31.9
2097,36085012806,39.2
2098,36085013201,30.0
2099,36085013203,45.0
2100,36085013204,37.1
2101,36085013301,11.7
2102,36085013302,25.5
2103,36085013400,34.5
2104,36085013800,23.3
2105,36085014100,48.5
2106,36085014604,38.1
2107,36085014605,27.9
2108,36085014606,36.1
2109,36085014607,35.7
2110,36085014608,28.0
2111,36085014700,43.0
2112,36085015100,42.3
2114,36085015601,25.3
2115,36085015602,23.8
2116,36085015603,36.1
2117,36085016901,32.2
2118,36085017005,29.2
2119,36085017007,42.7
2120,36085017008,25.5
2121,36085017009,33.5
2122,36085017010,35.2
2123,36085017011,35.0
2124,36085017012,46.6
2125,36085017300,28.4
2126,36085017600,24.6
2127,36085017700,28.6
2128,36085018100,20.5
2129,36085018701,40.5
2130,36085018702,28.2
2131,36085018901,34.4
2132,36085018902,34.3
2133,36085019700,41.4
2134,36085019800,30.5
2135,36085020100,36.3
2136,36085020700,37.8
2137,36085020801,38.0
2138,36085020803,23.4
2139,36085020804,25.5
2140,36085021300,34.9
2141,36085022300,32.1
2142,36085022600,24.9
2143,36085022800,44.4
2144,36085023100,43.0
2145,36085023900,41.8
2146,36085024401,30.7
2147,36085024402,27.1
2148,36085024700,39.9
2149,36085024800,32.3
2150,36085025100,27.0
2151,36085027301,46.8
2152,36085027302,30.7
2153,36085027702,49.2
2154,36085027704,28.3
2155,36085027705,35.4
2156,36085027706,47.6
2157,36085027900,23.7
2158,36085029102,35.5
2159,36085029103,35.1
2160,36085029104,38.3
2161,36085030301,33.9
2162,36085030302,39.0
2163,36085031901,13.9
2164,36085031902,24.3
2165,36085032300,48.8
