,GeoID,T_WalkVSDrive
0,36005000100,5.3374089919733425e-06
1,36005000200,6.238411779801897e-05
2,36005000400,5.442386596248032e-05
3,36005001600,5.838688959923938e-05
4,36005001900,0.00017144953814028334
5,36005002000,4.8932374374021785e-05
6,36005002300,9.662464367638765e-05
7,36005002500,7.282017764293125e-05
8,36005002701,0.00014871128446385774
9,36005002702,9.411000425943812e-05
10,36005002800,7.000523813348567e-05
11,36005003100,0.00024520680476481635
12,36005003300,0.0001145700556939801
13,36005003500,0.00010687555470688798
14,36005003700,0.0029841033278460508
15,36005003800,0.00022701223454917098
16,36005003900,6.147642849781116e-05
17,36005004001,0.00028651263172919917
18,36005004100,6.790915720659856e-05
19,36005004200,5.3062668259747534e-05
20,36005004300,7.834421620022151e-05
21,36005004400,9.894656933093463e-05
22,36005004600,0.00026278595092203466
23,36005004800,9.175241719678366e-05
24,36005005001,8.505098011166673e-05
25,36005005002,6.446685600261584e-05
26,36005005100,6.590376594330784e-05
27,36005005200,0.0001834280617303988
28,36005005300,2.691036016393197e-05
29,36005005400,6.277425814612353e-05
30,36005005600,0.00015230696640905646
31,36005005902,0.0001314998019478765
32,36005006000,0.00032691877368923127
33,36005006100,8.591311901640075e-05
34,36005006200,6.0186092747926705e-05
35,36005006300,7.939288404034092e-05
36,36005006400,8.031618141322404e-05
37,36005006500,6.792871152246678e-05
38,36005006700,6.103672649971547e-05
39,36005006800,0.00012528524011428608
40,36005006900,5.288369388091787e-05
41,36005007000,8.465177626970567e-05
42,36005007100,0.00019175048709326096
43,36005007200,6.705710087334778e-05
44,36005007300,0.00010194222659843002
45,36005007400,9.507090719821914e-05
46,36005007500,8.710565892824454e-05
47,36005007600,7.269943524116259e-05
48,36005007700,0.00017415255085707882
49,36005007800,5.5256286784063356e-05
50,36005007900,5.728229710660859e-05
51,36005008300,6.096302070455647e-05
52,36005008400,0.00012082005044576878
53,36005008500,7.291715256713089e-05
54,36005008600,0.00010370288304641635
55,36005008700,7.608503711787414e-05
56,36005008900,0.00012306638163246366
57,36005009000,9.239327860071674e-05
58,36005009200,7.134984202277437e-05
59,36005009300,4.6530849186984304e-05
60,36005009600,0.0001195158375886993
61,36005009800,6.194216624762642e-05
62,36005011000,0.00387295399545765
63,36005011502,7.137992925734399e-05
64,36005011700,0.00013693323418257397
65,36005011800,4.907830961248735e-05
66,36005011900,8.250417315544912e-05
67,36005012101,0.0001216633065749385
68,36005012102,0.00021855880130935867
69,36005012300,9.482183422624501e-05
70,36005012500,8.541666022812267e-05
71,36005012701,0.00015766497651787797
72,36005012901,8.634514200452076e-05
73,36005013000,0.0002809198339913517
74,36005013100,7.660333642225785e-05
75,36005013200,5.620279864426901e-05
76,36005013300,7.414620323690843e-05
77,36005013500,0.0001149052849015411
78,36005013800,5.550569267873102e-05
79,36005014100,0.00011328292498792982
80,36005014300,0.0003356797555792675
81,36005014400,7.95797865655635e-05
82,36005014500,6.41855933886757e-05
83,36005014701,7.22976039704736e-05
84,36005014702,8.302195213278203e-05
85,36005014900,8.47739741230123e-05
86,36005015100,6.24461247958448e-05
87,36005015200,0.00012884919079377707
88,36005015300,9.040832006557374e-05
89,36005015500,0.00012247101315544242
90,36005015700,0.00011589542941155097
91,36005015800,0.0003029589327855747
92,36005015900,0.00018656075247584824
93,36005016000,8.22737454042187e-05
94,36005016100,8.5921849870514e-05
95,36005016200,0.0001935048321044036
96,36005016400,0.00030348737114212324
97,36005016500,0.0003065214152437626
98,36005016600,0.0001540116999677867
99,36005016700,0.0001631035550131091
100,36005016900,0.0002046013227984368
101,36005017300,6.665029504974471e-05
102,36005017500,5.830259734927117e-05
103,36005017701,9.322527248276799e-05
104,36005017702,7.978090100400265e-05
105,36005017901,7.820710174318559e-05
106,36005017902,0.00010354643937753677
107,36005018101,0.00011552725875581084
108,36005018102,6.219275311663387e-05
109,36005018301,6.697624966602808e-05
110,36005018302,0.00011204200046371442
111,36005018400,9.060398740725671e-05
112,36005018500,5.214600413499671e-05
113,36005018900,5.8680621804080516e-05
114,36005019300,8.036398835641184e-05
115,36005019400,0.00016388516590870752
116,36005019500,4.977476113193681e-05
117,36005019700,4.645842701874354e-05
118,36005019900,5.024557286780058e-05
119,36005020000,7.260703534357337e-05
120,36005020100,9.229519352893151e-05
121,36005020200,0.00016939385194090855
122,36005020400,0.0001338331488415404
123,36005020501,6.83147284466034e-05
124,36005020502,0.0002312417597668066
125,36005020601,0.00011699756752840336
126,36005020900,8.37900887481512e-05
127,36005021001,5.8314953311026024e-05
128,36005021002,8.376001725561612e-05
129,36005021100,6.271836577645797e-05
130,36005021200,0.00010965084375158158
131,36005021301,0.0002724745784473846
132,36005021302,6.685866397782943e-05
133,36005021501,0.00011343947007656172
134,36005021502,6.25987725465232e-05
135,36005021601,8.489011595581813e-05
136,36005021602,7.828790931115666e-05
137,36005021700,6.905698739364152e-05
138,36005021800,5.292306976343876e-05
139,36005021900,0.00025538264716583634
140,36005022000,0.0002632091069708922
141,36005022101,0.00010685591507843686
142,36005022102,6.791691567225921e-05
143,36005022200,0.0001073881578163445
144,36005022300,7.443709031285472e-05
145,36005022401,0.0001317433636803355
146,36005022403,0.00014734758994116367
147,36005022404,8.756149264431153e-05
148,36005022500,4.7455652174493465e-05
149,36005022701,6.934334400331345e-05
150,36005022702,0.00020312537934838912
151,36005022703,0.0002374991108683493
152,36005022800,6.314315071018016e-05
153,36005022901,6.477080916779012e-05
154,36005022902,0.00011842741862325077
155,36005023000,0.00010895679943918256
156,36005023100,0.0002394229033712149
157,36005023200,0.00014437005741353633
158,36005023301,8.106847432651663e-05
159,36005023302,9.757270058866416e-05
160,36005023501,8.144627471754397e-05
161,36005023502,6.295059256821398e-05
162,36005023600,0.00021429187177020903
163,36005023702,0.00024173647008647934
164,36005023703,6.267437949672886e-05
165,36005023704,9.149694386160429e-05
166,36005023800,0.00013697424894923785
167,36005023900,4.4063168534465654e-05
168,36005024000,9.444684797661062e-05
169,36005024100,5.9459866465899986e-05
170,36005024300,6.62194596546357e-05
171,36005024400,0.00016636021620324045
172,36005024501,7.471644268298023e-05
173,36005024502,0.00010483004074293567
174,36005024600,0.0001633991915937288
175,36005024700,0.00026451093013883463
176,36005024800,0.0001034061893319519
177,36005025000,0.00013865823745324421
178,36005025100,5.997228929261243e-05
179,36005025200,0.00014007955283726204
180,36005025300,6.321635532749513e-05
181,36005025400,0.0001778109380564361
182,36005025500,5.973714091586505e-05
183,36005025600,0.00019962368814672085
184,36005025700,0.00020398339488166936
185,36005026100,0.0002487398014697981
186,36005026300,6.552505758778016e-05
187,36005026400,6.881374513495972e-05
188,36005026500,5.505547320760507e-05
189,36005026601,0.00011776042317594589
190,36005026602,6.759944119612881e-05
191,36005026701,8.986330439060929e-05
192,36005026702,6.024583705461519e-05
193,36005026900,8.601028380093617e-05
194,36005027300,4.97620038119878e-05
195,36005027401,6.312860949923556e-05
196,36005027402,9.803297433390632e-05
197,36005027600,0.0015556555291477354
198,36005027700,7.079795725332115e-05
199,36005027900,4.974048862456906e-05
200,36005028100,8.526263805847584e-05
201,36005028300,0.00010634157657334877
202,36005028400,0.00030613348270188063
203,36005028500,9.700404584537121e-05
204,36005028600,0.0003028596193675681
205,36005028700,0.00011316730852240975
206,36005028800,0.00010892863868564816
207,36005028900,8.457851308302582e-05
208,36005029301,0.00016407801812292431
209,36005029302,5.896211385525034e-05
210,36005029500,7.911062905987165e-05
211,36005029600,0.00013852211448671766
212,36005029700,8.79085159904225e-05
213,36005030000,6.394178608067708e-05
214,36005030100,0.0002930986954351386
215,36005030200,4.694052379932294e-05
216,36005030701,5.7979744996186766e-05
217,36005030900,7.061556890249122e-05
218,36005031000,7.487743324888415e-05
219,36005031200,0.00020125823615500224
220,36005031400,0.00016367881651244568
221,36005031600,0.0001690654685662436
222,36005031800,0.0001643413712984294
223,36005031900,0.00044959731032265265
224,36005032300,5.2182081029900945e-05
225,36005032400,0.00014449226208442594
226,36005032600,9.515901707874075e-05
227,36005032800,9.909734703603845e-05
228,36005033000,6.043094229459412e-05
229,36005033201,8.761558155351358e-05
230,36005033202,8.031974468681658e-05
231,36005033400,0.00047853145288032214
232,36005033500,0.00011994233372512949
233,36005033600,6.360059179365386e-05
234,36005033700,0.0001372131534676497
235,36005033800,8.68651327608918e-05
236,36005034000,7.50236913563544e-05
237,36005034200,0.00018920044955543833
238,36005034300,0.000177610010134064
239,36005034400,0.00017437241685549365
240,36005034500,8.544823348237205e-05
241,36005034800,5.74411317141988e-05
242,36005035000,0.0001562813612539338
243,36005035100,9.268189290198178e-05
244,36005035600,0.00016631320869517845
245,36005035800,4.470489161138303e-05
246,36005035900,0.0001748558360495313
247,36005036000,0.00011475049956531689
248,36005036100,7.570649176627021e-05
249,36005036300,5.075892417303027e-05
250,36005036400,0.00012457628127220097
251,36005036501,8.133661061898407e-05
252,36005036502,0.00013944531340075178
253,36005036700,0.00015336561934756453
254,36005036800,0.00016615010760409892
255,36005036901,0.00019616962654433535
256,36005036902,0.00019743142327738775
257,36005037000,0.00013540196757470723
258,36005037100,9.534927643192608e-05
259,36005037200,0.00016122622102573915
260,36005037300,7.41990756434424e-05
261,36005037400,0.00011714083668491892
262,36005037504,0.0001039033919981754
263,36005037600,0.00016260978479651884
264,36005037800,0.00012382220129888695
265,36005037900,7.119777688264935e-05
266,36005038000,8.02038483347328e-05
267,36005038100,6.363562861349047e-05
268,36005038200,0.00013176552245820107
269,36005038301,7.79096252484856e-05
270,36005038302,6.419579012101402e-05
271,36005038500,6.895819599631984e-05
272,36005038600,4.093944907755973e-05
273,36005038700,0.0001187304116371412
274,36005038800,0.00013178596261853535
275,36005038900,6.841642573173825e-05
276,36005039000,0.00011530368238587359
277,36005039100,5.492185376108815e-05
278,36005039200,0.00020636156748374986
279,36005039300,4.819612137191735e-05
280,36005039400,7.777163431841658e-05
281,36005039500,9.373936723985443e-05
282,36005039600,8.434402789562246e-05
283,36005039700,0.00011617735406017505
284,36005039800,9.831359436878351e-05
285,36005039901,7.181199623009621e-05
286,36005039902,6.995423519417096e-05
287,36005040100,9.397192087235069e-05
288,36005040302,6.521764098741122e-05
289,36005040303,6.763057557602684e-05
290,36005040304,8.423650720362155e-05
291,36005040400,0.00011266258699416851
292,36005040501,9.161491629507171e-05
293,36005040502,5.585328335397602e-05
294,36005040600,9.805818779927085e-05
295,36005040701,8.944356848366631e-05
296,36005040702,5.277837036879718e-05
297,36005040800,8.361746726023892e-05
298,36005040900,0.0001115936439630436
299,36005041100,0.00010195735981622217
300,36005041300,4.499674620628386e-05
301,36005041400,6.183809307209589e-05
302,36005041500,7.294337516964296e-05
303,36005041800,9.092944129327067e-05
304,36005041900,6.669699472788786e-05
305,36005042000,8.86419620191518e-05
306,36005042100,6.282632391296887e-05
307,36005042200,0.00010148144913214547
308,36005042300,0.0001407283222562521
309,36005042400,0.00012939158440744005
310,36005042500,6.230536217693488e-05
311,36005042600,4.9211047920406765e-05
312,36005042800,0.000143453190454937
313,36005042901,7.848931271394996e-05
314,36005042902,0.00010902639782697504
315,36005043000,0.00011692558394918697
316,36005043100,3.69267975621828e-05
317,36005043400,9.806708425710006e-05
318,36005043600,0.00016892023350077414
319,36005044200,9.381966794276656e-05
320,36005044400,8.38049823613455e-05
321,36005044800,0.0001455619170374372
322,36005044901,0.00019488362422949928
323,36005044902,0.00020163215447461846
324,36005045101,0.00022879081245440178
325,36005045102,0.00019415220676464656
326,36005045600,9.563010574956292e-05
327,36005045800,9.29804313491538e-05
328,36005046000,0.00013839046923842428
329,36005046201,1.410065343993841e-05
330,36005046202,3.5256284673811355e-05
331,36005048400,9.495281608157243e-05
332,36005051600,7.297042594213905e-05
333,36047000100,9.676866315452826e-05
334,36047000200,0.00021803105638584536
335,36047000301,0.00011649986988740288
336,36047000501,9.490070906777393e-05
337,36047000502,0.00016343419286895172
338,36047000700,0.00013350941903840144
339,36047000900,9.614334153413664e-05
340,36047001100,0.004999698504686465
341,36047001300,0.00015641218640811654
342,36047001500,0.00010644154723225122
343,36047001800,0.00015513361496756516
344,36047002000,0.00020733844285431618
345,36047002100,0.0001261347991811152
346,36047002200,8.007308427924475e-05
347,36047002300,0.00010515387158855278
348,36047002901,0.0001597375402255866
349,36047003000,0.00018864137022290255
350,36047003100,0.0002554631715781256
351,36047003300,0.00017415394669897342
352,36047003400,0.00013159681634827724
353,36047003500,0.00024721316809738587
354,36047003600,9.61026345301588e-05
355,36047003700,0.0009195873653704441
356,36047003800,0.00025642976898653495
357,36047003900,0.00016254230805085406
358,36047004100,0.00010372732300847593
359,36047004300,0.000119289889433665
360,36047004400,0.0001636887367822415
361,36047004500,0.00012222733423878683
362,36047004600,0.00033487016236262863
363,36047004700,0.0002462346365846318
364,36047004900,0.00016470257424044992
365,36047005000,0.00015131583876263136
366,36047005100,0.0001776308006857809
367,36047005201,0.00023090496829915197
368,36047005202,0.0001639285920657956
369,36047005300,0.00022745385604536656
370,36047005400,0.00011401041375717062
371,36047005601,0.00016863210420994947
372,36047005602,0.00026405132898287264
373,36047005800,0.00011532840681411036
374,36047005900,0.0002799733523167639
375,36047006000,0.00011730318251863463
376,36047006200,0.00011945268156071896
377,36047006300,0.00022262171315547832
378,36047006400,0.00010173430307571864
379,36047006500,8.062478911406185e-05
380,36047006600,9.865669637394326e-05
381,36047006700,0.00011632743278247757
382,36047006800,7.702720915880806e-05
383,36047006900,0.00010964432450809436
384,36047007000,0.00015555297950103333
385,36047007100,0.00010235084917934194
386,36047007200,0.00017029473872901278
387,36047007400,6.617682354397878e-05
388,36047007500,9.434037369905424e-05
389,36047007600,8.159890744354675e-05
390,36047007700,0.00010655365870727535
391,36047007800,6.989460834653839e-05
392,36047008000,8.481980523032234e-05
393,36047008200,8.859651758779235e-05
394,36047008400,0.0001128484254390834
395,36047008500,9.14175802698345e-05
396,36047008800,0.0001225189087074503
397,36047009000,0.00013142503189926338
398,36047009200,7.560891785225171e-05
399,36047009400,6.525096856186423e-05
400,36047009600,6.225101745179311e-05
401,36047009800,5.636418724739083e-05
402,36047010000,5.885917136697397e-05
403,36047010100,9.25515463961151e-05
404,36047010200,6.81408714287347e-05
405,36047010400,6.000918480581623e-05
406,36047010600,6.515807002221784e-05
407,36047010800,7.441294574586754e-05
408,36047011000,0.00015263940345631844
409,36047011200,6.0347919628003973e-05
410,36047011400,9.841538377720458e-05
411,36047011600,8.512937217486835e-05
412,36047011700,0.00014839281973813513
413,36047011800,0.00016333842996140888
414,36047011900,0.00024246534682647184
415,36047012000,0.00027936685757434473
416,36047012100,0.00022496901059754763
417,36047012200,7.310417108361715e-05
418,36047012600,0.00013875765739331127
419,36047012700,0.00012097055459284431
420,36047012801,0.00021171387771119383
421,36047012901,0.00016701153754332173
422,36047012902,0.00018599017032100407
423,36047013000,7.933861858056317e-05
424,36047013100,0.00010273458784568308
425,36047013200,0.00018776948116330574
426,36047013300,9.6789300786651e-05
427,36047013400,7.936041830398066e-05
428,36047013500,0.00011751763903224515
429,36047013600,8.575039044020984e-05
430,36047013700,0.0001189337295089015
431,36047013800,0.00011395583217013397
432,36047013900,9.925366208397587e-05
433,36047014000,0.00017539286872834497
434,36047014100,0.00011215490062873669
435,36047014200,0.00010114129930449831
436,36047014300,9.616840773529486e-05
437,36047014500,8.8080136761358e-05
438,36047014700,0.0001993969703186328
439,36047014800,0.0002647522175176176
440,36047014900,7.802892659065886e-05
441,36047015000,0.00021288071621367076
442,36047015100,9.85454777711462e-05
443,36047015200,0.00014160014618070274
444,36047015300,0.00011618249519984873
445,36047015500,0.00012110484660254929
446,36047015700,9.425273801070283e-05
447,36047015900,8.13960132672845e-05
448,36047016000,8.034685617330797e-05
449,36047016100,0.00012157441971531487
450,36047016200,0.0002047926592364196
451,36047016300,0.00012396451951934425
452,36047016400,0.0004859528314525505
453,36047016500,7.774831857807627e-05
454,36047016600,0.0001582497622719197
455,36047016700,7.574213626499894e-05
456,36047016800,0.0001995535206531607
457,36047016900,8.579811598986941e-05
458,36047017000,0.00010262120230861625
459,36047017100,9.13759955023239e-05
460,36047017200,0.00011485899554904272
461,36047017400,0.0001844473758702955
462,36047017600,0.00014676914750901853
463,36047017800,0.0001221023524438821
464,36047017900,0.00011832751409031834
465,36047018000,0.00010333717680017653
466,36047018100,0.00010511125641050609
467,36047018200,0.00010714455690468626
468,36047018300,0.0001662786428951564
469,36047018400,0.00016995315917160442
470,36047018501,0.00010970819657282856
471,36047018600,0.00015695940664171672
472,36047018700,0.00026527121366117255
473,36047018800,0.0001213595695136721
474,36047019000,7.35724089668732e-05
475,36047019100,0.00014215696573705047
476,36047019200,0.00012366841488575106
477,36047019300,9.172939232508038e-05
478,36047019400,0.00010727307429061835
479,36047019500,0.0001331583741890751
480,36047019600,8.383979315809555e-05
481,36047019700,0.00012626881365593738
482,36047019800,0.00019723775780208577
483,36047019900,0.00013263313916794166
484,36047020000,0.00015170886402314954
485,36047020100,0.0001163880365015798
486,36047020200,0.0001705558027238786
487,36047020300,0.00020488831661639954
488,36047020400,0.00017759011182115594
489,36047020500,0.00016449816502424295
490,36047020600,0.00015797857254306062
491,36047020700,9.690032236356076e-05
492,36047020800,0.00011014062919293718
493,36047021000,8.952763648727009e-05
494,36047021100,0.00037918713608715507
495,36047021200,7.298750214371616e-05
496,36047021300,0.00010299497442688466
497,36047021400,0.00015867030574427858
498,36047021500,7.255375803700503e-05
499,36047021600,8.8860855329686e-05
500,36047021700,0.0001126070335377303
501,36047021800,9.373303185226105e-05
502,36047021900,0.00010374401475607378
503,36047022000,7.709578477468811e-05
504,36047022100,9.953689306462219e-05
505,36047022200,7.897380271358682e-05
506,36047022400,7.340649410237132e-05
507,36047022600,0.00014705586871388454
508,36047022700,0.00010776277237124719
509,36047022800,0.0001120206166283456
510,36047022900,0.00011081966188264046
511,36047023000,8.588509562709886e-05
512,36047023100,0.00013579037884480462
513,36047023200,6.839491136142607e-05
514,36047023300,9.072119966859187e-05
515,36047023400,7.754697090285921e-05
516,36047023500,9.649970220608386e-05
517,36047023600,6.97716061045986e-05
518,36047023800,7.718113264029854e-05
519,36047024000,7.937592177059443e-05
520,36047024100,0.00017952575798115377
521,36047024200,0.00012325380811888342
522,36047024300,0.0001012121669056732
523,36047024400,0.0001068208208120148
524,36047024500,0.0001000651317822927
525,36047024600,0.00010505700019148838
526,36047024700,0.0001520498005437089
527,36047024800,0.00013957945248956456
528,36047024900,0.00010316191380657977
529,36047025000,0.0002090999727983049
530,36047025100,0.00011889706216562728
531,36047025200,6.989909633111172e-05
532,36047025300,0.00014801277594260264
533,36047025400,9.479491258594273e-05
534,36047025500,0.0001158963453364436
535,36047025600,0.00011328189253905742
536,36047025700,0.00019682747309621477
537,36047025800,7.973619031446483e-05
538,36047025901,0.00020984363658567562
539,36047025902,0.00016727523203929196
540,36047026000,9.953165841476427e-05
541,36047026100,8.168191073348685e-05
542,36047026200,0.0001595552365805378
543,36047026300,0.0002801676553970889
544,36047026400,7.808279682204827e-05
545,36047026500,0.00011407335698102069
546,36047026600,9.458515097681277e-05
547,36047026700,0.00010325696944168347
548,36047026800,8.206505703517394e-05
549,36047026900,0.00014600081309316268
550,36047027000,0.00013873568840998754
551,36047027100,0.00015322443845416215
552,36047027200,9.694376212045829e-05
553,36047027300,0.0001522408896214162
554,36047027400,0.00011651342176814304
555,36047027500,9.64867119785749e-05
556,36047027600,9.839865578346971e-05
557,36047027700,0.00010735729657524748
558,36047027800,0.00011067735419843847
559,36047027900,0.00011173190974561224
560,36047028000,0.00019555549726692586
561,36047028100,0.00010838354801691328
562,36047028200,0.00010691336279574958
563,36047028300,0.00010790400442575711
564,36047028400,8.546759745693649e-05
565,36047028501,0.0008167185973353466
566,36047028502,0.00019327597268319454
567,36047028600,7.211729285793803e-05
568,36047028700,0.00014669770808582513
569,36047028800,9.741439135232031e-05
570,36047028900,0.00011643283618294762
571,36047029000,9.130164123067876e-05
572,36047029100,0.00013716177060435532
573,36047029200,0.00018000856430926186
574,36047029300,0.00013878999399771224
575,36047029400,0.00011923530843930505
576,36047029500,0.00011900946089547673
577,36047029600,5.826933130251204e-05
578,36047029700,0.00013489189243738638
579,36047029800,9.210267541386948e-05
580,36047029900,0.00015125847500260047
581,36047030000,8.01074591186513e-05
582,36047030100,0.00013551708277917442
583,36047030200,7.44235967305141e-05
584,36047030300,0.00010209958004711493
585,36047030400,6.539233126948033e-05
586,36047030500,7.449108420309669e-05
587,36047030600,0.00016187952094730282
588,36047030700,0.00011720703183950257
589,36047030800,0.00016203804702530974
590,36047030900,0.0002428594400927689
591,36047031100,0.0001338975392685679
592,36047031300,8.22529730974449e-05
593,36047031400,8.446455327952976e-05
594,36047031500,6.870862652237484e-05
595,36047031701,0.0001169241514127022
596,36047031702,0.0001142770364067333
597,36047031900,0.00010407516666852853
598,36047032100,7.979042657058778e-05
599,36047032300,0.00010484837853180156
600,36047032500,6.212632798585458e-05
601,36047032600,6.033285219035286e-05
602,36047032700,0.00012757690230858824
603,36047032800,0.00012734380577763649
604,36047032900,6.286561496390876e-05
605,36047033000,0.00010701047319090082
606,36047033100,6.754992422769724e-05
607,36047033300,8.116629272411618e-05
608,36047033500,0.00011518509308382272
609,36047033600,6.427021090304124e-05
610,36047033700,8.832729089003633e-05
611,36047033900,9.462768098619978e-05
612,36047034000,0.0001962232289018755
613,36047034100,0.00019821966771332514
614,36047034200,7.565595340057453e-05
615,36047034300,9.07504428783034e-05
616,36047034500,0.0001891858799596973
617,36047034700,0.00014128037019068887
618,36047034800,0.00012737302071161722
619,36047034900,6.698997722509786e-05
620,36047035000,0.00013632234507782292
621,36047035100,8.108100650531815e-05
622,36047035200,0.00036283755389826164
623,36047035300,7.363350916925287e-05
624,36047035400,5.648417492507148e-05
625,36047035500,6.57621517818694e-05
626,36047035601,0.0001622773806005468
627,36047035602,7.455753085284328e-05
628,36047035700,0.00018680542870258036
629,36047035900,7.015184842147466e-05
630,36047036001,0.00011681492183479107
631,36047036002,9.390416419175951e-05
632,36047036100,0.0001435776469689463
633,36047036200,7.769036266202865e-05
634,36047036300,9.87878104256533e-05
635,36047036400,0.00014280690608445238
636,36047036501,0.0001681599904868902
637,36047036502,0.00026927719719295994
638,36047036600,5.8440381437664836e-05
639,36047036700,0.00023637443233692887
640,36047036900,8.010886967031773e-05
641,36047037000,7.450300353304056e-05
642,36047037100,0.00010551700782644176
643,36047037300,0.00011356396717196114
644,36047037401,7.833550928957445e-05
645,36047037402,8.102136177737968e-05
646,36047037500,0.00013467226194163214
647,36047037700,0.00011679739068366665
648,36047037900,0.0001078671548594517
649,36047038100,9.816941317568113e-05
650,36047038200,9.050819855752664e-05
651,36047038300,0.00010350585358545963
652,36047038500,0.00012107353065350631
653,36047038600,8.452618944072351e-05
654,36047038700,0.00010111326385416693
655,36047038800,8.874539482234044e-05
656,36047038900,0.00014206503802636163
657,36047039000,0.00013836576338685722
658,36047039100,0.00018432875959040204
659,36047039200,0.00011315994488648666
660,36047039300,0.00011727947719126514
661,36047039400,0.00014126723065196868
662,36047039500,0.0001229746090213287
663,36047039600,0.00016395801286634755
664,36047039700,0.0001246574338414605
665,36047039800,0.000118456073066558
666,36047039900,0.00011295057921596761
667,36047040000,0.00011026610222981656
668,36047040100,0.00012329755835193735
669,36047040200,0.00012320452186302694
670,36047040300,0.00011441151419263595
671,36047040400,0.00012265745517379964
672,36047040500,0.00026200062176603923
673,36047040600,0.00011153446295622958
674,36047040800,9.026650299695303e-05
675,36047040900,0.00010459255144738076
676,36047041000,0.0002054561680120233
677,36047041100,0.00012782538072765896
678,36047041200,0.00012330312971630365
679,36047041300,0.00011541606362356407
680,36047041401,0.0002780009443487387
681,36047041402,0.00023003916891016862
682,36047041500,0.00010584535246437254
683,36047041600,0.00014131331351193688
684,36047041700,0.00013561083879371375
685,36047041800,0.00014830874990353447
686,36047041900,0.00012269234283887433
687,36047042000,0.00017833337442818483
688,36047042100,0.00010512705003833945
689,36047042200,0.0001018498090838803
690,36047042300,0.0001001985679828947
691,36047042400,9.594995169992363e-05
692,36047042500,0.000146076598840565
693,36047042600,8.20390536855851e-05
694,36047042700,8.025392946073213e-05
695,36047042800,8.883392393389739e-05
696,36047042900,8.198048097328832e-05
697,36047043000,0.00012554385882400528
698,36047043100,8.191564383759015e-05
699,36047043200,7.251377925068122e-05
700,36047043300,0.00011258059184125516
701,36047043400,9.626289474749733e-05
702,36047043500,9.30919951703956e-05
703,36047043600,8.237765625633729e-05
704,36047043700,8.587447097544664e-05
705,36047043800,0.0001483727241833213
706,36047043900,0.00010421894720806823
707,36047044000,0.00012192190722021737
708,36047044100,7.08610107678592e-05
709,36047044200,0.00013292217844341608
710,36047044300,7.217309149071529e-05
711,36047044400,0.0001074290687118936
712,36047044500,8.75447251716995e-05
713,36047044600,0.00018368167646099425
714,36047044700,0.00017759804609124286
715,36047044800,0.00018356087925924355
716,36047044900,0.00011848909485213648
717,36047045000,0.0005900333738477185
718,36047045200,0.00013111933784631905
719,36047045300,0.00019516355711748272
720,36047045400,0.0001754769968233807
721,36047045600,0.00015839402083072561
722,36047045800,0.0002573530532296695
723,36047046000,9.378675638662e-05
724,36047046201,0.00013432021073678794
725,36047046202,0.00018869855501472106
726,36047046400,0.00012395335236347422
727,36047046800,0.0002082867955465395
728,36047047000,0.00012148755649731258
729,36047047200,0.00011036721992507489
730,36047047400,0.00011306133816757327
731,36047047600,9.461230678395327e-05
732,36047047700,0.0001058541528131433
733,36047047800,7.010570559730332e-05
734,36047048000,0.0001117212321860836
735,36047048100,0.00013583776015931232
736,36047048200,6.47793380508949e-05
737,36047048400,6.768968206954488e-05
738,36047048500,0.00016517089435024644
739,36047048600,9.521210817455868e-05
740,36047048800,8.708624643842366e-05
741,36047048900,0.00013788287774838516
742,36047049000,5.99520870978413e-05
743,36047049100,6.541733611957231e-05
744,36047049200,9.874214695427772e-05
745,36047049300,6.455156985247888e-05
746,36047049400,6.803841651902934e-05
747,36047049500,0.00014441208100941514
748,36047049600,7.543421784589942e-05
749,36047049700,0.00015258644645957647
750,36047049800,7.850930158343683e-05
751,36047049900,0.0002132745149726818
752,36047050000,0.00011001138256185328
753,36047050100,0.00012052886897934673
754,36047050202,0.00016843938294884984
755,36047050300,0.0001454855426154053
756,36047050400,7.685600263793478e-05
757,36047050500,0.00010728002762021693
758,36047050600,6.388328178048948e-05
759,36047050700,0.0001764921564413737
760,36047050801,7.893107861992671e-05
761,36047050803,0.00015039623128186157
762,36047050804,6.311843498507136e-05
763,36047050900,0.00010101682382278717
764,36047051001,8.67436614861747e-05
765,36047051002,7.221226272310214e-05
766,36047051100,0.00010733990464826046
767,36047051200,6.632778558103581e-05
768,36047051300,8.753774589940425e-05
769,36047051400,5.1583916673481266e-05
770,36047051500,0.00039008971873187874
771,36047051601,5.883753696125929e-05
772,36047051602,8.326600524722797e-05
773,36047051700,0.0003104986456977587
774,36047051800,0.00010943168475986645
775,36047051900,0.0001160655562954677
776,36047052000,0.000100934538533185
777,36047052300,7.508757938537432e-05
778,36047052500,0.0001133939261535434
779,36047052600,8.660061572045049e-05
780,36047052700,6.0545836577329184e-05
781,36047052800,0.0002113196625244929
782,36047052900,0.00010087630771215105
783,36047053000,9.552125611577417e-05
784,36047053100,5.73779869627524e-05
785,36047053200,0.00014112830355208141
786,36047053300,5.7951044637287174e-05
787,36047053400,8.364783556608164e-05
788,36047053500,8.702212618346284e-05
789,36047053700,9.822465507480985e-05
790,36047053800,8.092709482714129e-05
791,36047053900,0.00011818532091222871
792,36047054200,7.480670351894875e-05
793,36047054300,0.0006672259478510444
794,36047054400,0.00011554632835220069
795,36047054500,5.0157444257774e-05
796,36047054600,7.237915384013556e-05
797,36047054700,7.39953269451031e-05
798,36047054800,0.0001504891003466927
799,36047054900,0.00012931245900633313
800,36047055000,8.271041819946495e-05
801,36047055100,8.306383898215185e-05
802,36047055200,0.00010688236905894784
803,36047055300,0.00015561403904079104
804,36047055400,8.450791170541004e-05
805,36047055500,0.00019949254965979195
806,36047055600,8.531141176940386e-05
807,36047055700,0.0002534658718838643
808,36047055800,0.00014834116890560415
809,36047056000,8.595241202396493e-05
810,36047056100,0.0001174985076243309
811,36047056200,0.00018521631535705114
812,36047056300,8.507268244226856e-05
813,36047056400,0.0001227089588674767
814,36047056500,0.00011840394757504225
815,36047056600,0.00013382437169889584
816,36047056800,0.00022123877555303923
817,36047056900,0.0002388611235239472
818,36047057000,0.0001053086314237383
819,36047057100,8.076003375064127e-05
820,36047057200,0.0001030254629642042
821,36047057300,0.00014423185766937794
822,36047057400,0.00011910790550129402
823,36047057500,8.040858457765463e-05
824,36047057600,0.00011240209976681521
825,36047057800,0.00010013532419085171
826,36047057900,0.00033054263826425945
827,36047058000,0.00010598644035582195
828,36047058200,0.00011254363860388764
829,36047058400,8.770701256661091e-05
830,36047058600,0.00012073142923636575
831,36047058800,9.173236172818097e-05
832,36047058900,0.00022646124937627266
833,36047059000,0.00017282937312761054
834,36047059100,0.00012803515659986985
835,36047059200,7.97563191781231e-05
836,36047059300,0.00017559896188465763
837,36047059401,4.309248565082967e-05
838,36047059402,6.50410416988724e-05
839,36047059600,0.00015229328010558737
840,36047059800,8.33987197954116e-05
841,36047060000,5.72016458463507e-05
842,36047060600,0.00013234642466797733
843,36047060800,6.968255856291063e-05
844,36047061002,8.02919386959314e-05
845,36047061003,0.0001342233932810882
846,36047061004,4.6519075190096e-05
847,36047061200,0.00030172162889826443
848,36047061600,0.00027227571504780617
849,36047062000,0.00016736073095665105
850,36047062200,8.50270712474017e-05
851,36047062600,0.0001221798831745933
852,36047062800,4.496476047974413e-05
853,36047063200,0.000228747607096509
854,36047063600,0.000266773332472125
855,36047063800,0.00020484112074958921
856,36047064000,0.00020367369374097667
857,36047064200,0.00012313560962110237
858,36047064400,0.0001246624422331321
859,36047064600,0.0001607335925899686
860,36047064800,0.00018207786707191597
861,36047065000,0.00025310799836990137
862,36047065200,0.0002668366843751866
863,36047065400,0.00020485777645390808
864,36047065600,0.00020347324434979717
865,36047065800,0.0001791839574774794
866,36047066000,0.00017575787736030365
867,36047066200,0.0002089407925152869
868,36047067000,0.00010295105809262877
869,36047067200,0.00022893632888256116
870,36047067400,0.0001730562595695529
871,36047067600,0.0001823677426625707
872,36047067800,0.00011813293978863037
873,36047068000,0.00018632550693946487
874,36047068200,0.00011943088756607275
875,36047068600,0.00020716495267062684
876,36047068800,0.00018525864736599387
877,36047069000,0.00017465844029475444
878,36047069200,0.00012891204233266929
879,36047069601,8.67053377861313e-05
880,36047069602,4.9828489117514514e-05
881,36047069800,0.00021980234792318446
882,36047070000,0.00016883336131115926
883,36047070201,4.863325254756218e-05
884,36047070600,0.0001200277693200365
885,36047072000,0.00014356117138203742
886,36047072200,0.00012049736259853259
887,36047072400,0.00017536661797584193
888,36047072600,0.00014675553912772116
889,36047072800,0.00010327963961741381
890,36047073000,0.00013946086193252998
891,36047073200,0.0001294532947236946
892,36047073400,0.00020068232345519114
893,36047073600,8.577980704739353e-05
894,36047073800,8.646949294560572e-05
895,36047074000,9.231704065040979e-05
896,36047074200,0.00010041970365801939
897,36047074400,0.00012756779513109815
898,36047074600,0.0001547769634463653
899,36047074800,0.00016865721516052108
900,36047075000,0.00011051936197973455
901,36047075200,0.00030384333108460476
902,36047075400,0.0002244475285638777
903,36047075600,0.0001828504688599037
904,36047075800,0.00020621416491742707
905,36047076000,0.00011548517520246232
906,36047076200,7.672087630407937e-05
907,36047076400,9.454770182660508e-05
908,36047076600,0.00015293488916866285
909,36047076800,0.00010829977442295143
910,36047077000,0.00011588728474211507
911,36047077200,0.00012888129433913373
912,36047077400,0.00012186093273766665
913,36047077600,8.783981634022064e-05
914,36047078000,0.00014539550797334287
915,36047078200,0.0001081802127896219
916,36047078400,0.000148444355481736
917,36047078600,7.946839652292741e-05
918,36047078800,0.00010185012966505031
919,36047079000,6.306059585807554e-05
920,36047079200,7.622548009089648e-05
921,36047079400,0.00020189594864549072
922,36047079601,8.146686427665939e-05
923,36047079602,7.689682558054053e-05
924,36047079801,0.0001275020491974083
925,36047079802,6.900299748773189e-05
926,36047080000,0.00011193472418554298
927,36047080200,9.168403636593251e-05
928,36047080400,0.00011735252479122995
929,36047080600,0.00011054398102893553
930,36047080800,0.00035478694828478934
931,36047081000,0.0001644091663722401
932,36047081400,0.00012765329688528543
933,36047081600,0.00011684724376988694
934,36047081800,7.262447091090253e-05
935,36047082000,7.224114936682792e-05
936,36047082200,5.05887877436677e-05
937,36047082400,7.389605274477045e-05
938,36047082600,6.072686907850595e-05
939,36047082800,9.293993679663774e-05
940,36047083000,6.082989646868962e-05
941,36047083200,0.00014305739314948374
942,36047083400,0.000190817101015872
943,36047083600,0.0001864381604706919
944,36047083800,0.00014507837269903516
945,36047084000,0.00014289463073521071
946,36047084600,0.00016845260155780547
947,36047084800,0.00017460769694706952
948,36047085000,0.00021917356236372598
949,36047085400,0.00014585322988894372
950,36047085600,9.36013904894202e-05
951,36047085800,0.00013865431715629406
952,36047086000,9.62276305568049e-05
953,36047086200,0.00010620700655672071
954,36047086400,0.0001278389284452208
955,36047086600,0.00010078763874325873
956,36047086800,0.00010555571120130888
957,36047087000,0.00010261492547343848
958,36047087200,0.0001140436304152555
959,36047087401,0.00011335630323069445
960,36047087600,0.0002070261956510903
961,36047087800,0.00012624561409811848
962,36047088000,0.00011581024226236203
963,36047088200,5.2523379892701916e-05
964,36047088400,7.311812540861816e-05
965,36047088600,7.008491548532783e-05
966,36047088800,7.07719779952564e-05
967,36047089000,4.639295058150221e-05
968,36047089200,9.1983179907868e-05
969,36047089400,0.00011293133353137937
970,36047089600,0.00011265883787468865
971,36047089800,0.00021056568887487063
972,36047090000,7.25682966630289e-05
973,36047090200,0.0001176904159163168
974,36047090600,0.00010933892536301635
975,36047090800,0.000106238711862591
976,36047091000,8.098385747252406e-05
977,36047091200,8.69472805284602e-05
978,36047091600,9.72730096842938e-05
979,36047091800,0.00015741030607320717
980,36047092000,0.00011569248416617459
981,36047092200,0.00011486835656891682
982,36047092400,0.0001596946728691381
983,36047092800,0.00010347996301994958
984,36047093000,0.0001431205717544346
985,36047093200,0.00028291011631847665
986,36047093400,0.00011954368148006199
987,36047093600,0.00019987330709121803
988,36047093800,0.00011726938779269632
989,36047094401,8.483535349263266e-05
990,36047094402,0.00020029766525815398
991,36047094600,0.00015005976925015852
992,36047095000,0.00010415873905150313
993,36047095400,6.424647521723027e-05
994,36047095600,7.685443324558969e-05
995,36047095800,8.423861944979519e-05
996,36047096200,0.00018026222377986637
997,36047096400,0.0001340286590660766
998,36047096600,0.0001381112149591682
999,36047096800,0.00023545494451219728
1000,36047097000,0.00015974189311172642
1001,36047097400,0.00011977641245621969
1002,36047098200,0.00010980580065901203
1003,36047098400,0.00015523455839378797
1004,36047098600,0.00010773473667735861
1005,36047098800,9.822001023586389e-05
1006,36047099000,0.000248763063182385
1007,36047099200,0.00014918178318139338
1008,36047099400,0.00013149996418845288
1009,36047099600,7.997418953798323e-05
1010,36047099800,6.458233306642272e-05
1011,36047100400,0.00010106929492622335
1012,36047100600,0.00011408041842695616
1013,36047100800,0.00013100495792649872
1014,36047101000,0.0001457118343565935
1015,36047101200,0.00016571691730023796
1016,36047101400,0.00014320638146804953
1017,36047101600,0.00021881734175212703
1018,36047101800,0.00017448757669962845
1019,36047102000,0.00015461985066560858
1020,36047102200,0.0001518644300166415
1021,36047102400,0.0001388662912338608
1022,36047102600,9.827706233386243e-05
1023,36047102800,0.00030734216182139043
1024,36047103400,0.00013253856266944516
1025,36047105801,6.020840250426341e-05
1026,36047105804,6.893933598813782e-05
1027,36047107000,0.0010717677477946
1028,36047107800,8.976704589684906e-05
1029,36047109800,0.00014841461275276872
1030,36047110400,6.972739434790296e-05
1031,36047110600,0.0001238388868648833
1032,36047111000,0.00016245594859341932
1033,36047111600,8.469591993320368e-05
1034,36047111800,0.00011535036174915389
1035,36047112000,0.00011928925999383561
1036,36047112200,0.00010199793741115412
1037,36047112400,0.00011565516757492386
1038,36047112600,0.00010171010163701138
1039,36047112800,9.752401907330833e-05
1040,36047113000,9.982904023814963e-05
1041,36047113200,0.00017479728280025273
1042,36047113400,0.00015614928600133287
1043,36047114201,0.00019544400689413028
1044,36047114202,0.0001235564933960307
1045,36047114400,0.00015669416302876085
1046,36047114600,0.00013784651526745528
1047,36047115000,0.00014499572231274635
1048,36047115200,0.00012909673694771356
1049,36047115600,9.652532622899585e-05
1050,36047115800,0.00014467607512251836
1051,36047116000,0.00017266975685305448
1052,36047116200,0.00018643258333579644
1053,36047116400,0.00013733239912155202
1054,36047116600,0.00012966487491633614
1055,36047116800,0.00017835393979531
1056,36047117000,0.0001911657711673076
1057,36047117201,0.00014231336561362087
1058,36047117202,9.953810089784524e-05
1059,36047117400,9.010005164065031e-05
1060,36047117601,0.00015654469315008908
1061,36047117602,0.00012487959185622489
1062,36047117800,0.00020862897539955036
1063,36047118201,0.0001315886319845851
1064,36047118202,0.0001309371247143284
1065,36047118400,6.976959715751215e-05
1066,36047118600,0.00012423082712118678
1067,36047118800,7.917043865900974e-05
1068,36047119000,0.00013435377600544331
1069,36047119200,0.00011917750072656957
1070,36047119400,9.360806216546488e-05
1071,36047119600,7.148033132345839e-05
1072,36047119800,9.783055820132994e-05
1073,36047120000,0.0001736071944153673
1074,36047120200,0.0001574568121580981
1075,36047120800,3.6285063743068985e-05
1076,36047121000,0.00013935534928608524
1077,36047121400,0.00010699396265680839
1078,36047122000,4.954528897952281e-05
1079,36047123700,6.791624099723986e-05
1080,36047150200,0.00013845966464292686
1081,36047152200,0.00011612111209582848
1082,36061000201,0.00012248351200840803
1083,36061000202,7.390047255194798e-05
1084,36061000600,3.5447488981986156e-05
1085,36061000700,5.331570004364064e-05
1086,36061000800,3.6409490413482755e-05
1087,36061000900,0.0005586693332882464
1088,36061001001,0.00038487136335012197
1089,36061001002,8.367432778851573e-05
1090,36061001200,0.0001159340825907149
1091,36061001300,9.162182520936245e-05
1092,36061001401,0.0001432552875456002
1093,36061001402,0.00012884341445246357
1094,36061001501,7.187961467157241e-05
1095,36061001502,6.194541250311652e-05
1096,36061001600,4.517171363703653e-05
1097,36061001800,4.2017606930335784e-05
1098,36061002000,0.00011967231486182912
1099,36061002100,6.406725449837021e-05
1100,36061002201,6.768033847044417e-05
1101,36061002202,0.0001658166066717652
1102,36061002400,0.00012983641514141932
1103,36061002500,0.000106568244221133
1104,36061002601,0.0001176827840538284
1105,36061002602,9.498622457658377e-05
1106,36061002700,0.00032521594760012864
1107,36061002800,5.773950128265027e-05
1108,36061002900,5.5988515554719006e-05
1109,36061003001,6.908406037541218e-05
1110,36061003002,0.00010783934321323083
1111,36061003100,0.00017276644762819713
1112,36061003200,5.758968407572335e-05
1113,36061003300,6.88865638877794e-05
1114,36061003400,5.562217260514418e-05
1115,36061003601,0.00010671165852757218
1116,36061003602,0.00010253755679816317
1117,36061003700,0.00015862855092267696
1118,36061003800,3.8094299947630445e-05
1119,36061003900,7.664931985517395e-05
1120,36061004000,4.576242022464485e-05
1121,36061004100,5.087240686844698e-05
1122,36061004200,6.89706024322642e-05
1123,36061004300,9.125209884491646e-05
1124,36061004400,3.0112569213767083e-05
1125,36061004500,0.0003242080551593744
1126,36061004700,0.00014042304586794335
1127,36061004800,5.9751088404838494e-05
1128,36061004900,7.66761077519592e-05
1129,36061005000,8.230927539238134e-05
1130,36061005200,0.0001239700032015284
1131,36061005400,8.540958619333036e-05
1132,36061005501,8.664397700207778e-05
1133,36061005502,0.00015118002256185584
1134,36061005600,0.00013312736585581456
1135,36061005700,0.00014161362408089058
1136,36061005800,0.0001053538789341422
1137,36061005900,7.056671205351969e-05
1138,36061006000,9.10078847829934e-05
1139,36061006100,7.799202411012269e-05
1140,36061006200,6.574590977618653e-05
1141,36061006300,6.242760955062214e-05
1142,36061006400,4.510614894591807e-05
1143,36061006500,8.168270470641588e-05
1144,36061006600,3.1411622985679674e-05
1145,36061006700,7.049985549629471e-05
1146,36061006800,4.404142267510793e-05
1147,36061006900,0.00015792833454679367
1148,36061007000,3.854501776913329e-05
1149,36061007100,6.91929676029242e-05
1150,36061007200,4.0246469880421844e-05
1151,36061007300,5.9844516509800443e-05
1152,36061007400,8.610282599991743e-05
1153,36061007500,0.00010892036272289265
1154,36061007600,0.00017608398403291925
1155,36061007700,6.272043113625897e-05
1156,36061007800,3.9470048621046865e-05
1157,36061007900,9.722492416919029e-05
1158,36061008000,6.358008800478693e-05
1159,36061008100,4.415160091434378e-05
1160,36061008200,0.00011181772953140439
1161,36061008300,9.20346751063398e-05
1162,36061008400,0.0002655374447803655
1163,36061008601,0.0001097019584520533
1164,36061008603,7.199030610225545e-05
1165,36061008700,5.8715935257474354e-05
1166,36061008800,5.2448773799448105e-05
1167,36061008900,6.54072729335322e-05
1168,36061009000,4.71515923167653e-05
1169,36061009100,5.7040142928163875e-05
1170,36061009200,0.00018822873341518216
1171,36061009300,4.1249588793434206e-05
1172,36061009400,0.004982662252553343
1173,36061009500,0.0001243446513212208
1174,36061009600,0.002604957489117955
1175,36061009700,6.974874034228362e-05
1176,36061009800,5.033595808284273e-05
1177,36061009900,0.00022437062931292842
1178,36061010000,0.0001831032473847359
1179,36061010100,0.00034897041614859913
1180,36061010200,0.0015880294047031951
1181,36061010300,0.0001702270652931917
1182,36061010400,0.00045214313884673994
1183,36061010601,4.85954358726187e-05
1184,36061010602,8.131583897153034e-05
1185,36061010800,3.788009658587958e-05
1186,36061010900,0.0020401515426165563
1187,36061011000,5.021744649937128e-05
1188,36061011100,9.62013811064262e-05
1189,36061011201,0.00035523587223809433
1190,36061011202,0.0007731050183433066
1191,36061011203,0.00023558653124597864
1192,36061011300,0.003013447768401241
1193,36061011401,0.0002495517452423322
1194,36061011402,0.0001349048802901848
1195,36061011500,0.0001340968886788323
1196,36061011600,0.00012199659381275431
1197,36061011700,0.00012056435301228407
1198,36061011800,4.285440937225408e-05
1199,36061011900,0.00034567032302553304
1200,36061012000,8.764174425077522e-05
1201,36061012100,4.5212553867340114e-05
1202,36061012200,9.957134879911466e-05
1203,36061012400,3.900110523921634e-05
1204,36061012500,0.00014169118274492018
1205,36061012600,2.9948165308114855e-05
1206,36061012700,5.301975715709148e-05
1207,36061012800,5.915226577858459e-05
1208,36061012900,6.60987450393296e-05
1209,36061013000,9.165643688450185e-05
1210,36061013100,0.00013837598524349152
1211,36061013200,3.7301174774087856e-05
1212,36061013300,5.869836061557887e-05
1213,36061013400,3.558546636053022e-05
1214,36061013500,6.391201430930807e-05
1215,36061013600,2.614591544101247e-05
1216,36061013700,5.354118578192215e-05
1217,36061013800,3.1460049619724244e-05
1218,36061013900,3.83043996124732e-05
1219,36061014000,4.5684683602584226e-05
1220,36061014200,8.389274940624771e-05
1221,36061014401,7.733239644381006e-05
1222,36061014402,7.040817232813415e-05
1223,36061014500,6.723405893405803e-05
1224,36061014601,8.23662818771682e-05
1225,36061014602,4.56644268870687e-05
1226,36061014700,0.00013980310116768954
1227,36061014801,0.00012215758117531928
1228,36061014802,4.803231590856503e-05
1229,36061014900,6.091901040171532e-05
1230,36061015001,0.00014898826353059556
1231,36061015002,6.895134776291385e-05
1232,36061015100,4.391313295145637e-05
1233,36061015200,5.4680221232336377e-05
1234,36061015300,4.008828521674435e-05
1235,36061015400,2.6864068822141534e-05
1236,36061015500,4.791739792095474e-05
1237,36061015601,6.491106844776067e-05
1238,36061015602,0.00015916677330719123
1239,36061015700,3.5634638238035296e-05
1240,36061015801,6.0783710575087205e-05
1241,36061015802,0.00011375337642817632
1242,36061015900,3.972729090175045e-05
1243,36061016001,9.347610993846287e-05
1244,36061016002,0.00011835223143250845
1245,36061016100,6.118271910710856e-05
1246,36061016200,4.889248748512113e-05
1247,36061016300,7.173894807655877e-05
1248,36061016400,7.117818481611063e-05
1249,36061016500,6.486988000817356e-05
1250,36061016600,5.5141107350029534e-05
1251,36061016700,6.561947600158138e-05
1252,36061016800,7.949493277792064e-05
1253,36061016900,5.1123720162049805e-05
1254,36061017000,4.843139414029226e-05
1255,36061017100,5.090816488493796e-05
1256,36061017200,7.186690177516933e-05
1257,36061017300,4.680151866397467e-05
1258,36061017401,8.11281505296781e-05
1259,36061017402,0.00017780819054566413
1260,36061017500,4.295753746195405e-05
1261,36061017700,4.8697313633482735e-05
1262,36061017800,0.0001070998974608733
1263,36061017900,4.9750314395888545e-05
1264,36061018000,5.77557943104822e-05
1265,36061018100,4.295952265045662e-05
1266,36061018200,6.328797581051287e-05
1267,36061018300,5.0518805656922706e-05
1268,36061018400,5.1301532690112814e-05
1269,36061018500,0.00010694728271687711
1270,36061018600,9.196531237213919e-05
1271,36061018700,4.5923004589546923e-05
1272,36061018800,6.0842249747283304e-05
1273,36061018900,3.77201041378748e-05
1274,36061019000,0.00012831051930574735
1275,36061019100,5.092272664261641e-05
1276,36061019200,0.00015121465900841882
1277,36061019300,4.106416313290563e-05
1278,36061019400,6.152339002339796e-05
1279,36061019500,5.553494509678308e-05
1280,36061019600,0.0001022180524563825
1281,36061019701,0.000933602600514373
1282,36061019702,0.00019160293215445117
1283,36061019800,0.0002713231414097132
1284,36061019900,4.238437845974542e-05
1285,36061020000,0.00014975050595708922
1286,36061020101,0.00023583562800631367
1287,36061020102,9.794733262305214e-05
1288,36061020300,0.00013512103108532223
1289,36061020500,8.473441823786164e-05
1290,36061020600,0.00013917173306262628
1291,36061020701,0.00011564659062638696
1292,36061020800,8.983419758807623e-05
1293,36061020901,0.0001062729767271256
1294,36061021000,7.365890447877979e-05
1295,36061021100,4.2052263693573504e-05
1296,36061021200,9.819591239930759e-05
1297,36061021303,7.12997886932096e-05
1298,36061021400,0.00017812846633036996
1299,36061021500,0.00012652780927550935
1300,36061021600,5.198310112935934e-05
1301,36061021800,5.870919025415599e-05
1302,36061021900,6.298057572728727e-05
1303,36061022000,7.048076823017121e-05
1304,36061022102,0.00017712326747185579
1305,36061022200,0.00015072563247860044
1306,36061022301,4.851835469914405e-05
1307,36061022302,9.98390763600169e-05
1308,36061022400,6.880385905887285e-05
1309,36061022500,4.143142901821189e-05
1310,36061022600,0.00010504270186309007
1311,36061022700,8.5913183289437e-05
1312,36061022800,7.543939652298641e-05
1313,36061022900,4.835687018074109e-05
1314,36061023000,4.989943719500147e-05
1315,36061023100,7.451158838268968e-05
1316,36061023200,5.079717581834679e-05
1317,36061023300,7.621487296206511e-05
1318,36061023400,9.33396755183807e-05
1319,36061023501,7.19477669943439e-05
1320,36061023502,0.00023475673134199234
1321,36061023600,6.959325000012185e-05
1322,36061023700,6.140930659063539e-05
1323,36061023801,3.931942128510037e-05
1324,36061023802,0.00021460903666965905
1325,36061023900,0.0001741625365040436
1326,36061024000,0.00018429413394849853
1327,36061024100,5.1561155209436195e-05
1328,36061024200,0.0001336930793964713
1329,36061024301,0.0001011452702063582
1330,36061024302,8.341095580312456e-05
1331,36061024500,2.5666386802420712e-05
1332,36061024700,6.125247621625785e-05
1333,36061024900,0.00037145725025268246
1334,36061025100,0.00016287273001288423
1335,36061025300,3.6951331468616565e-05
1336,36061025500,7.804036067182172e-05
1337,36061025700,9.976061845035155e-05
1338,36061025900,0.00011630043874001945
1339,36061026100,3.283137473485568e-05
1340,36061026300,4.7263065298423e-05
1341,36061026500,5.21591033772514e-05
1342,36061026700,0.0001997453979894761
1343,36061026900,4.8859316069545286e-05
1344,36061027100,4.934410791754265e-05
1345,36061027300,7.173147906428823e-05
1346,36061027500,0.0002218515710355428
1347,36061027700,5.794379504764e-05
1348,36061027900,3.814722245541141e-05
1349,36061028100,0.000154288310791675
1350,36061028300,4.928028931922567e-05
1351,36061028500,5.435842262366128e-05
1352,36061028700,0.0001292773142871759
1353,36061029100,3.6612502645028675e-05
1354,36061029300,4.32796578651603e-05
1355,36061029500,6.147618242363747e-05
1356,36061029700,0.004722586380471935
1357,36061029900,0.0001097374937567081
1358,36061030300,0.00011953952930085412
1359,36061030700,0.00011256745301649092
1360,36061030900,4.994991126101072e-05
1361,36061031703,7.669504217098815e-05
1362,36061031704,0.00010014244177075197
1363,36081000100,7.772983714261102e-05
1364,36081000200,0.00012819445635577528
1365,36081000400,8.805708791673993e-05
1366,36081000600,8.572427661862797e-05
1367,36081000700,7.875212230059769e-05
1368,36081000800,0.00010198025044914242
1369,36081001000,0.0001124398681022108
1370,36081001200,9.601206241561185e-05
1371,36081001400,9.4176306875754e-05
1372,36081001600,0.000125517932757595
1373,36081001800,9.841206155043588e-05
1374,36081001900,0.00036109085549279764
1375,36081002000,0.00016645669397018624
1376,36081002200,0.00015265811229521248
1377,36081002400,0.00016137227821987654
1378,36081002500,7.398970379240767e-05
1379,36081002600,0.00018267610182975545
1380,36081002800,0.00012274638532976638
1381,36081003000,0.0002786648364875465
1382,36081003100,0.0002893539480572442
1383,36081003200,0.00019036319102415633
1384,36081003300,0.00015642184354175238
1385,36081003400,0.00014373488577155259
1386,36081003600,0.00010442830675118467
1387,36081003800,0.00015639336784328025
1388,36081003900,0.0002506198575611039
1389,36081004001,0.0001657732770652063
1390,36081004002,0.00024182594305862802
1391,36081004200,8.476609106507373e-05
1392,36081004300,0.0001893480131057278
1393,36081004401,9.847320806577554e-05
1394,36081004500,0.00014200502058192463
1395,36081004700,0.00011502665379748938
1396,36081005100,0.0001808214903357935
1397,36081005200,0.00012255692840427589
1398,36081005300,7.302098444732635e-05
1399,36081005400,6.779036537057016e-05
1400,36081005500,0.00039697221252708696
1401,36081005700,0.0001003894001730019
1402,36081005800,6.238392060211029e-05
1403,36081005900,9.467948170359976e-05
1404,36081006100,7.020903848801568e-05
1405,36081006201,7.502234688262802e-05
1406,36081006202,4.067458274353412e-05
1407,36081006300,6.825401518310716e-05
1408,36081006501,0.00010423072420613707
1409,36081006502,0.00010301124248454441
1410,36081006900,8.357319026583326e-05
1411,36081007100,9.74623336723713e-05
1412,36081007300,9.952372210876028e-05
1413,36081007500,0.00010479643645902138
1414,36081007700,0.00027801202919528514
1415,36081007900,0.00011161600179212404
1416,36081008100,0.0003372006698361754
1417,36081008300,0.00013699615514349225
1418,36081008500,0.0003231182408125614
1419,36081008600,0.00011328390443027249
1420,36081008700,0.00012593407553278263
1421,36081008800,9.436102892262337e-05
1422,36081009100,0.00013890262304557584
1423,36081009400,0.00012531394291778248
1424,36081009500,0.0001404873676410437
1425,36081009600,0.00011393189191033739
1426,36081009700,0.00010466400727718238
1427,36081009800,0.00011987929779163977
1428,36081010000,9.372485643653833e-05
1429,36081010100,0.00014768035413674578
1430,36081010200,0.00012665343782637372
1431,36081010300,0.00010170381839466127
1432,36081010400,0.00010946493374446886
1433,36081010500,8.99764428802382e-05
1434,36081010600,0.00010304317017546988
1435,36081010800,0.00011870595233252519
1436,36081011000,0.00012328152485070761
1437,36081011100,0.00010945908799032353
1438,36081011200,0.00016371593522194637
1439,36081011300,9.08603966745857e-05
1440,36081011400,0.00028229600144453044
1441,36081011500,0.00017009033610516
1442,36081011600,0.00018046680659689477
1443,36081011700,9.617686728026919e-05
1444,36081011800,0.0001316356704616292
1445,36081011900,0.0002347288989888271
1446,36081012000,0.00014009563279998027
1447,36081012100,0.0001803157216017439
1448,36081012200,0.00011613745805102856
1449,36081012301,0.00012643581940809955
1450,36081012400,0.0001245774476510371
1451,36081012500,0.00014421510433425502
1452,36081012601,0.0001498435000174659
1453,36081012602,0.00015373778435973367
1454,36081012800,0.00019678283977115854
1455,36081013000,0.00022557527523294895
1456,36081013200,0.00019479085719238692
1457,36081013400,7.467342008051454e-05
1458,36081013500,0.00024463747855274373
1459,36081013600,0.0001904106950126867
1460,36081013700,0.00018152154702958667
1461,36081013800,0.0001071052617628186
1462,36081014000,9.906221527511908e-05
1463,36081014100,0.00021622638487592478
1464,36081014201,8.388481332125588e-05
1465,36081014202,0.00011588334570895497
1466,36081014300,9.908914502081854e-05
1467,36081014400,0.00016922841427397916
1468,36081014500,0.00016996626109232543
1469,36081014700,0.0001273921563588619
1470,36081014800,0.00015421032091854565
1471,36081014900,0.00015543394305409422
1472,36081015000,0.00013733494987307017
1473,36081015100,0.00014500643539477586
1474,36081015200,0.00011691826410494755
1475,36081015300,0.0001738929407789105
1476,36081015400,0.00014409275456192636
1477,36081015500,0.00017347124484691636
1478,36081015600,0.00010448858058883746
1479,36081015700,0.0002575452617189439
1480,36081015801,8.935133989078607e-05
1481,36081015802,7.787654195453332e-05
1482,36081015900,0.0001010118558128505
1483,36081016100,0.0001595615020147757
1484,36081016300,0.00011337506073491675
1485,36081016400,0.00010240925095353862
1486,36081016600,0.00010903117196497112
1487,36081016800,0.00012734811023952546
1488,36081016900,6.913261835247975e-05
1489,36081017000,0.00013596669050290505
1490,36081017200,0.0001605890968558878
1491,36081017400,0.00015108410579923787
1492,36081017600,0.00015844433277047943
1493,36081017800,0.00018326377634498293
1494,36081017900,0.00036063422345412616
1495,36081018000,0.0002905348270332476
1496,36081018101,9.515297192993272e-05
1497,36081018102,9.108796614949335e-05
1498,36081018200,0.00014560041538361947
1499,36081018300,5.9901083754558655e-05
1500,36081018401,0.00016979690545208177
1501,36081018402,0.00016733548215706092
1502,36081018501,0.0001005682360346417
1503,36081018502,0.00010425061420672159
1504,36081018600,0.0002015864422893753
1505,36081018700,0.00010048091890163607
1506,36081018800,0.00027893620911449295
1507,36081018900,0.00011701597779394377
1508,36081019000,0.000180768698363978
1509,36081019200,0.00018544785055064686
1510,36081019400,0.0001273296242895758
1511,36081019600,0.00014690313406374523
1512,36081019800,0.00012400993609212004
1513,36081019900,0.0003677633617708909
1514,36081020200,0.00023757097679140093
1515,36081020400,0.0001585271751436591
1516,36081020500,0.00025761869248452245
1517,36081020600,0.0001943357017537598
1518,36081020800,0.00013839095300923133
1519,36081021200,0.00013119982819261564
1520,36081021400,5.294384215734207e-05
1521,36081021600,8.375055307064793e-05
1522,36081022001,5.4353511196851064e-05
1523,36081022002,5.8491096969750094e-05
1524,36081023000,0.000210935991959028
1525,36081023200,7.471467968232349e-05
1526,36081023500,4.347444028718256e-05
1527,36081023600,0.00014618752818849797
1528,36081023800,6.952852860067349e-05
1529,36081024000,7.457256250650254e-05
1530,36081024300,5.882116227945018e-05
1531,36081024500,6.599374506918238e-05
1532,36081024700,0.0002131296811361417
1533,36081024900,5.994494261301814e-05
1534,36081025100,7.26840381481304e-05
1535,36081025301,7.824118709865991e-05
1536,36081025302,0.0001196207468365511
1537,36081025400,4.8048299528547986e-05
1538,36081025500,0.00025192074623327514
1539,36081025700,0.0002632780554647265
1540,36081025800,0.00016892506095189381
1541,36081025900,0.00011122220944535518
1542,36081026000,0.00016819988908546525
1543,36081026100,4.997699477019888e-05
1544,36081026200,0.0002303132585660797
1545,36081026300,5.6878260352176754e-05
1546,36081026400,0.00014418973183045255
1547,36081026500,7.899283818608436e-05
1548,36081026600,0.00020184495373480924
1549,36081026700,5.6864289488312766e-05
1550,36081026901,6.849762871894726e-05
1551,36081026902,8.181260362402684e-05
1552,36081027000,0.00019654906518189056
1553,36081027100,4.652415788859782e-05
1554,36081027200,0.00018410628756823985
1555,36081027300,4.455366614315326e-05
1556,36081027400,0.000208821503425786
1557,36081027500,5.648173434041905e-05
1558,36081027600,0.0002830915518962317
1559,36081027700,4.211834757610722e-05
1560,36081027800,0.00019352302034985672
1561,36081027900,5.869680354138934e-05
1562,36081028000,0.00022800857835784114
1563,36081028100,6.454077781378085e-05
1564,36081028200,0.00019406777396462863
1565,36081028300,5.1979709547609664e-05
1566,36081028400,9.926625878445707e-05
1567,36081028500,8.77376044061259e-05
1568,36081028700,6.258878543790207e-05
1569,36081028800,9.909603071039717e-05
1570,36081028900,6.97381076766258e-05
1571,36081029100,4.9130286530960416e-05
1572,36081029300,0.00025869522579174747
1573,36081029400,5.3939496622835865e-05
1574,36081029500,9.987621718522567e-05
1575,36081029700,0.0001602939323073197
1576,36081030600,7.112491736623597e-05
1577,36081030902,4.165508308301866e-05
1578,36081030903,5.2063854282829386e-05
1579,36081030904,9.320488149119584e-05
1580,36081031700,5.4346730988182316e-05
1581,36081032000,6.814000532170035e-05
1582,36081032700,8.053050930090695e-05
1583,36081032800,0.00013435557154203655
1584,36081032900,8.245568850079409e-05
1585,36081033000,5.5688387507214216e-05
1586,36081033401,0.00010097815562236293
1587,36081033402,3.565788053859307e-05
1588,36081033700,9.614625418995034e-05
1589,36081033900,9.879357092186545e-05
1590,36081034700,9.320858993000958e-05
1591,36081035100,7.863402007602921e-05
1592,36081035200,0.0001421259937670255
1593,36081035300,0.0001224915062097623
1594,36081035700,6.683861030172302e-05
1595,36081035800,9.03534804087466e-05
1596,36081036100,0.0001322318799379681
1597,36081036300,0.0001449072848563262
1598,36081036500,8.558434832082758e-05
1599,36081036600,0.0001222813392114389
1600,36081036700,0.00011125423088536668
1601,36081036800,0.00013183941941799444
1602,36081037100,0.00017911330995391028
1603,36081037300,0.00011409116398429999
1604,36081037500,9.521250768659541e-05
1605,36081037600,6.3241992357019e-05
1606,36081037700,9.421505897751778e-05
1607,36081037900,5.920591753811451e-05
1608,36081038100,5.249265770309524e-05
1609,36081038302,0.006379851629241378
1610,36081038400,0.0001329735835378941
1611,36081039400,0.00012071340294545116
1612,36081039800,0.00021860101838064408
1613,36081039900,7.774891414079483e-05
1614,36081040000,0.0002527416298714675
1615,36081040100,4.927602004502995e-05
1616,36081040200,0.00022527098264206856
1617,36081040300,5.9359967744204425e-05
1618,36081040400,8.75971610354777e-05
1619,36081040500,0.0001264398298426612
1620,36081040700,4.642833022545493e-05
1621,36081040900,7.650121616016384e-05
1622,36081041100,8.742214973241366e-05
1623,36081041300,9.038420305985361e-05
1624,36081041400,8.743741351681569e-05
1625,36081041500,9.723255625842407e-05
1626,36081042400,0.0001565414664061049
1627,36081042600,0.001177049558979117
1628,36081042700,8.003331151323201e-05
1629,36081043200,0.00031841825169849847
1630,36081043400,0.00017072986919577931
1631,36081043701,8.896753376204882e-05
1632,36081043702,5.568089326661873e-05
1633,36081043900,7.351156292255888e-05
1634,36081044000,9.842750929468586e-05
1635,36081044301,0.00010104068110038372
1636,36081044302,7.00114518345771e-05
1637,36081044400,0.00010212529180008816
1638,36081044601,0.00012034546590868232
1639,36081044602,7.78149961423466e-05
1640,36081044800,0.00016360511304750158
1641,36081045000,0.00017975038765080371
1642,36081045200,0.00043510934268470286
1643,36081045400,7.621418436898712e-05
1644,36081045500,3.711046084793726e-05
1645,36081045600,0.00023320118821915063
1646,36081045700,0.00010845301809129905
1647,36081045800,0.0001791756458391919
1648,36081045900,9.531634732232603e-05
1649,36081046000,6.278281998240043e-05
1650,36081046100,0.00012253240312978009
1651,36081046200,5.52480830382109e-05
1652,36081046300,8.111698594702498e-05
1653,36081046400,0.0002004420418140825
1654,36081046500,8.879001524485507e-05
1655,36081046600,0.00012194429644475734
1656,36081046700,5.3189530655932595e-05
1657,36081046800,9.586562547870457e-05
1658,36081046900,4.5034708543671966e-05
1659,36081047000,0.00010454631464957512
1660,36081047100,8.208066895901728e-05
1661,36081047200,8.468473513699767e-05
1662,36081047300,7.567480563328511e-05
1663,36081047500,6.280548626342725e-05
1664,36081047600,6.470528132956164e-05
1665,36081047800,5.405130010540127e-05
1666,36081047900,5.9753395957290415e-05
1667,36081048000,0.00015160489996547764
1668,36081048100,5.651472531063279e-05
1669,36081048200,0.0002616201268181696
1670,36081048300,8.382721888183774e-05
1671,36081048400,7.242925285558072e-05
1672,36081048500,6.963959643443761e-05
1673,36081048900,0.00021867055616000774
1674,36081049200,7.049954564197076e-05
1675,36081049301,0.00015335905965382004
1676,36081049302,0.00011393913945764797
1677,36081049500,0.00020311830847255898
1678,36081049600,0.0001180911718714253
1679,36081049700,0.0001055980202657598
1680,36081049900,6.894488029759146e-05
1681,36081050000,7.697375124986155e-05
1682,36081050201,0.0002690344468716572
1683,36081050202,0.00030698533163017467
1684,36081050400,0.00020180237672806276
1685,36081050500,0.00019554521133032242
1686,36081050600,0.00025344296622477726
1687,36081050700,9.181935207642572e-05
1688,36081050800,0.00021022593162487916
1689,36081051000,0.0002342634682579183
1690,36081051100,0.00016386602103500136
1691,36081051200,0.00013405608614846205
1692,36081051300,0.00013821377741098602
1693,36081051500,0.00012552970289605927
1694,36081051600,0.0001700530982218231
1695,36081051700,0.00016717755710502215
1696,36081051800,0.00016962284908020645
1697,36081052000,0.00023209555993276964
1698,36081052100,0.0001848702306332794
1699,36081052200,0.00024138166054567934
1700,36081052400,0.00022469871584484595
1701,36081052500,0.0001540422011139617
1702,36081052600,0.00020444170797978857
1703,36081052800,0.0002642653391310492
1704,36081053000,0.00015356056832436558
1705,36081053100,0.00011423114920209199
1706,36081053200,0.00017617216895521643
1707,36081053401,0.0001784006340501033
1708,36081053500,0.00031245622421334425
1709,36081053601,0.0001994821692522404
1710,36081053800,0.0002046454547528359
1711,36081053900,9.827836137137551e-05
1712,36081054000,8.879868168263226e-05
1713,36081054200,7.300532726667411e-05
1714,36081054500,0.00010226782263426873
1715,36081054700,8.216095413890711e-05
1716,36081054800,0.00015051421523364037
1717,36081054900,7.364564785825607e-05
1718,36081055100,8.70278981748633e-05
1719,36081055200,9.741448517910173e-05
1720,36081055300,0.00015510762311166326
1721,36081055400,0.00014087917888616595
1722,36081055500,0.0001775420299171407
1723,36081055600,0.0001699865524345238
1724,36081055700,0.0001041024738401451
1725,36081055800,0.0002204448397293182
1726,36081055900,0.0003060072982619595
1727,36081056000,0.00020618684326602834
1728,36081056100,0.005266877530548888
1729,36081056200,0.00023937762594102585
1730,36081056400,0.00018258707458389882
1731,36081056500,0.00021587419668547112
1732,36081056600,0.0002421172077318884
1733,36081056700,8.497027411634156e-05
1734,36081056800,7.590809069877414e-05
1735,36081057700,0.00011506258478955603
1736,36081057900,0.0002319475961365575
1737,36081058000,9.29848326848866e-05
1738,36081058100,0.00014813768087165456
1739,36081058200,7.543069944088192e-05
1740,36081058300,0.00011917502069114188
1741,36081058500,9.322362345708407e-05
1742,36081058700,0.000128112801698206
1743,36081058900,9.548670865014666e-05
1744,36081059000,0.0002728958058237339
1745,36081059100,6.650194367886489e-05
1746,36081059200,0.00022232237753336764
1747,36081059300,0.00010307086517550502
1748,36081059400,0.00020057899483037674
1749,36081059500,7.815209525195778e-05
1750,36081059600,0.0002414451390620243
1751,36081059800,0.00020311482669206892
1752,36081059900,0.0002283814594558833
1753,36081060000,0.0002997256386589788
1754,36081060100,0.00016880496013990637
1755,36081060300,0.00019774075277712
1756,36081060600,0.00022043511452704304
1757,36081060800,0.0002340411205297271
1758,36081061000,0.00020817728207459622
1759,36081061200,0.00019343652753057332
1760,36081061301,7.65998723750405e-05
1761,36081061400,0.0002592060996269501
1762,36081061601,0.00016166453027017266
1763,36081061602,0.0002449786232545537
1764,36081061800,0.000249064696314479
1765,36081061900,0.00011514821968400474
1766,36081062000,0.0002466654396369758
1767,36081062100,0.00011691031415126909
1768,36081062200,0.00014214565816868472
1769,36081062300,0.0001892603006378094
1770,36081062500,0.0001507879455418895
1771,36081062600,0.000136628057343635
1772,36081062700,0.00012640907128643407
1773,36081062900,0.00014282546020395937
1774,36081063000,0.00021449361357143417
1775,36081063200,0.00016775616853366508
1776,36081063301,0.0002660627472803355
1777,36081063302,0.0002736633750887229
1778,36081063500,0.00015095698374805784
1779,36081063700,9.620799591457415e-05
1780,36081063800,0.00010953788410391057
1781,36081063900,9.712096015352253e-05
1782,36081064101,0.00015419397341569457
1783,36081064102,0.004592626026876772
1784,36081064500,0.00016978949221095138
1785,36081064600,0.00012874189473657412
1786,36081065000,0.00013182865690708988
1787,36081065400,0.000157641585243763
1788,36081065600,7.249055168206532e-05
1789,36081065702,0.00021553267046738267
1790,36081065703,0.00013739975239302835
1791,36081065900,0.00019981287548710014
1792,36081066000,0.00011191885902242505
1793,36081066100,0.00022433150799221064
1794,36081066300,0.00016210158174519626
1795,36081066400,3.231854995281077e-05
1796,36081066501,9.994235303685274e-05
1797,36081066701,0.00011683601942389441
1798,36081066900,0.0002128951486888361
1799,36081067100,0.00014053263684923932
1800,36081067700,0.00019338860842273934
1801,36081067900,7.9040880814543e-05
1802,36081068000,6.809186113216206e-05
1803,36081068200,0.0002987368299400272
1804,36081068300,7.183569518245263e-05
1805,36081068700,6.132815181973427e-05
1806,36081069000,0.00010753035375893715
1807,36081069300,0.00011724857536591608
1808,36081069400,9.877146175575587e-05
1809,36081069500,0.00012883695488040807
1810,36081069701,0.00010280465531324623
1811,36081069702,8.215647607853696e-05
1812,36081070300,0.00014456688141596525
1813,36081070700,0.0001413051579431576
1814,36081070900,0.00013986817523827186
1815,36081071100,6.866279680416501e-05
1816,36081071303,6.0886972841112605e-05
1817,36081071304,5.542776648005217e-05
1818,36081071305,6.444047283186763e-05
1819,36081071306,5.642752574097753e-05
1820,36081071701,6.498629148342625e-05
1821,36081071702,8.266348576360387e-05
1822,36081071900,0.0001325765311727497
1823,36081072100,7.307757227412561e-05
1824,36081072300,0.0002082304583730245
1825,36081072900,0.00028445442629634264
1826,36081073100,0.0002896228689646159
1827,36081073700,0.00017496130096023049
1828,36081073900,6.558553665154681e-05
1829,36081074100,0.00013051714889554221
1830,36081074300,8.541602129154788e-05
1831,36081074500,0.0001042640184538269
1832,36081074700,0.0001222042922500182
1833,36081074900,0.00034414397292028214
1834,36081075701,7.579173037641433e-05
1835,36081075702,8.88725083356648e-05
1836,36081076901,9.008514917414616e-05
1837,36081076902,0.00021347026708580746
1838,36081077300,0.000159680923072549
1839,36081077500,0.0001697714903815866
1840,36081077902,6.564799589295971e-05
1841,36081077903,0.00012823401276355878
1842,36081077904,5.5880119992655284e-05
1843,36081077905,0.00014348303929058996
1844,36081077906,9.859888469447449e-05
1845,36081077907,0.00010521873525156422
1846,36081077908,9.972427818843035e-05
1847,36081078800,0.000189853508227252
1848,36081079000,0.0001321885435330833
1849,36081079200,0.00016035765092305772
1850,36081079701,5.867203731986469e-05
1851,36081079702,9.296645200672929e-05
1852,36081079900,9.712600142843912e-05
1853,36081080301,7.472372684123483e-05
1854,36081080302,9.130770635942584e-05
1855,36081080900,6.716931213639191e-05
1856,36081081400,0.0001003824883530936
1857,36081081800,0.00010757937512693073
1858,36081083700,6.63575148303142e-05
1859,36081083800,7.32920986612102e-05
1860,36081084000,5.324388305808295e-05
1861,36081084500,7.047894401501209e-05
1862,36081084601,0.00012954145551627962
1863,36081084602,0.0003065512001220836
1864,36081084900,4.560431101368375e-05
1865,36081085300,6.228933111761457e-05
1866,36081085500,6.183630291702833e-05
1867,36081085700,6.448574627490937e-05
1868,36081085900,6.998917502758987e-05
1869,36081086100,0.00017774246768680058
1870,36081086300,5.896548063534758e-05
1871,36081086400,0.00011130107942354421
1872,36081086500,8.249755713495908e-05
1873,36081086900,0.00014946164015560304
1874,36081087100,0.0001854511122924086
1875,36081088400,4.583594067067966e-05
1876,36081088901,3.751011111585e-05
1877,36081089200,4.335122738681752e-05
1878,36081090700,0.0002359473932343738
1879,36081091601,4.9989826140333686e-05
1880,36081091900,6.685292024567854e-05
1881,36081092200,0.00013922224899846368
1882,36081092500,0.00012057234608675119
1883,36081092800,9.907411938661163e-05
1884,36081092900,6.399769932626616e-05
1885,36081093401,9.484523769661499e-05
1886,36081093402,9.185013262094798e-05
1887,36081093800,5.4776129379701294e-05
1888,36081093900,7.477974612161573e-05
1889,36081094201,7.868359270288207e-05
1890,36081094202,6.626976418962991e-05
1891,36081094203,7.001762370827512e-05
1892,36081094500,8.650071158212644e-05
1893,36081094700,0.00015496215426440417
1894,36081095400,5.382589006443572e-05
1895,36081096400,6.832058381056677e-05
1896,36081097202,6.786258730769587e-05
1897,36081097203,6.119951339847256e-05
1898,36081097204,8.943006356228491e-05
1899,36081097300,0.00016721327438848284
1900,36081098100,0.00013252182221964223
1901,36081098700,0.00014165595535497641
1902,36081099100,5.6194176362025947e-05
1903,36081099200,6.284981838814366e-05
1904,36081099701,0.00015396780413993525
1905,36081099703,7.509482433530977e-05
1906,36081099704,6.734335928870687e-05
1907,36081099705,0.00011369944513041793
1908,36081099801,3.911583973537245e-05
1909,36081099802,5.825834705630357e-05
1910,36081100801,0.00011978008736867732
1911,36081100802,4.186392867388819e-05
1912,36081101001,3.44391462690237e-05
1913,36081101002,6.964819984853069e-05
1914,36081101700,5.820528552888383e-05
1915,36081102900,9.920339812671735e-05
1916,36081103201,5.9827624784557906e-05
1917,36081103202,5.1937164458734473e-05
1918,36081103300,8.33432617470064e-05
1919,36081103900,5.748091329870336e-05
1920,36081104700,4.8157164862313525e-05
1921,36081105900,9.734431489502508e-05
1922,36081107201,7.608607510272223e-05
1923,36081108500,0.00011983332354106489
1924,36081109300,0.00012062712419138426
1925,36081109700,0.00018788705742299106
1926,36081109900,9.836572833905843e-05
1927,36081111300,0.00012041688316317179
1928,36081112300,0.000180755186965766
1929,36081112900,0.0001576960267231188
1930,36081113300,0.00022769677194659383
1931,36081113900,9.970258190292195e-05
1932,36081114100,0.00014553442869457748
1933,36081114700,0.00021571207738417715
1934,36081115100,0.0003834774420419109
1935,36081115500,0.000171111317477838
1936,36081115700,0.00010052403653363408
1937,36081115900,9.40080956709082e-05
1938,36081116100,8.505893520418243e-05
1939,36081116300,4.105918939530721e-05
1940,36081116700,0.00018800175225027854
1941,36081117100,0.00012715720036349929
1942,36081117500,6.721010984996681e-05
1943,36081118100,0.0001867976276455682
1944,36081118500,0.00017291761215474836
1945,36081118700,0.00015207819629542275
1946,36081118900,0.00015418585593528675
1947,36081119100,0.00011464819147905434
1948,36081119300,0.00016844416108497955
1949,36081119500,0.0003028153894825108
1950,36081119900,0.00023837472495174172
1951,36081120100,0.00022755023241976665
1952,36081120300,0.000232307720306756
1953,36081120500,0.0001259477341201021
1954,36081120700,0.00012561743915015763
1955,36081121500,7.865483278423588e-05
1956,36081122300,9.283641452085536e-05
1957,36081122701,3.187588579230597e-05
1958,36081122702,7.304593787795428e-05
1959,36081124100,8.527145321800237e-05
1960,36081124700,9.231673444139968e-05
1961,36081125700,0.0001068273576221724
1962,36081126500,0.00019127143722677694
1963,36081126700,9.29401813281928e-05
1964,36081127700,8.923623578302257e-05
1965,36081128300,0.004908251630312597
1966,36081129102,9.133261375169126e-05
1967,36081129103,0.00011275459327338609
1968,36081129104,0.00010213851769892545
1969,36081130100,9.729913817370858e-05
1970,36081133300,8.582154237105734e-05
1971,36081133900,0.00019546511356030656
1972,36081134100,9.077445179482182e-05
1973,36081134700,3.7914834527828545e-05
1974,36081136700,6.370471488327318e-05
1975,36081137700,5.308815201123327e-05
1976,36081138501,7.144474068008659e-05
1977,36081138502,0.00601580630925796
1978,36081139900,0.00015770781653903535
1979,36081140300,0.0001294137283444249
1980,36081140901,0.00029368638720354205
1981,36081140902,0.0001257038046474675
1982,36081141700,7.269667715155644e-05
1983,36081142900,9.069657727763492e-05
1984,36081143500,0.00013274283021246432
1985,36081144100,0.00011240677394811157
1986,36081144700,0.00012342599926007706
1987,36081145101,0.00025877212839557623
1988,36081145102,0.00011944197429603407
1989,36081145900,0.00011640351079992111
1990,36081146300,0.00011384193997001256
1991,36081146700,0.00012780840570009478
1992,36081147100,0.00010137112132995506
1993,36081147900,8.13843110144719e-05
1994,36081148300,0.00013209108518203076
1995,36081150701,0.00011324791612219981
1996,36081150702,0.00010025043091275681
1997,36081152901,5.456031085838377e-05
1998,36081152902,6.934163040648862e-05
1999,36081155101,0.00038817373948864123
2000,36081155102,4.586598668789144e-05
2001,36081156700,0.00028806241593819795
2002,36081157101,4.3141906646103414e-05
2003,36081157102,0.00014967218224759088
2004,36081157901,6.791816064901775e-05
2005,36081157902,8.433743528648613e-05
2006,36081157903,8.691325807223502e-05
2007,36081161700,7.110386430869036e-05
2008,36081162100,5.350812877649951e-05
2009,36085000300,0.00016524495146411143
2010,36085000600,0.00011521859459421934
2011,36085000700,8.93597966643723e-05
2012,36085000800,5.373679145997992e-05
2013,36085000900,0.00015575524408968487
2014,36085001100,8.319303445904498e-05
2015,36085001700,0.00015959484989546603
2016,36085001800,0.00037934127765106035
2017,36085002001,9.256572110146397e-05
2018,36085002002,8.140341980372891e-05
2019,36085002100,7.917217464652837e-05
2020,36085002700,0.00016883298507115838
2021,36085002900,6.855842114529655e-05
2022,36085003300,8.05957689413546e-05
2023,36085003600,0.00011194980143022704
2024,36085003900,0.00015746140912690015
2025,36085004000,2.2727235468454933e-05
2026,36085004700,8.438441943586501e-05
2027,36085005000,6.918447267837746e-05
2028,36085005900,0.00016099679720436096
2029,36085006400,8.448504310083153e-05
2030,36085006700,0.0001234143780599406
2031,36085007000,3.523354488381366e-05
2032,36085007400,6.504235241492009e-05
2033,36085007500,8.031777767907477e-05
2034,36085007700,0.00019256789687840432
2035,36085008100,7.599544268856416e-05
2036,36085009601,7.233744901695446e-05
2037,36085009602,9.030004282374653e-05
2038,36085009700,9.112311150829874e-05
2039,36085010500,6.017073677889062e-05
2040,36085011201,4.523627029008841e-05
2041,36085011202,4.5829100179424514e-05
2042,36085011401,0.00010899516925311731
2043,36085011402,8.730299489184145e-05
2044,36085012100,9.58181143029749e-05
2045,36085012200,8.576667107108476e-05
2046,36085012500,0.00011821899770877063
2047,36085012804,7.078888314512763e-05
2048,36085012805,7.956332385532622e-05
2049,36085012806,4.923430832125025e-05
2050,36085013201,0.00015501151430238685
2051,36085013203,5.0217821796564166e-05
2052,36085013204,5.865918737640753e-05
2053,36085013301,0.00038443156488773454
2054,36085013302,8.905821892469996e-05
2055,36085013400,8.061430664089231e-05
2056,36085013800,4.3864246983708684e-05
2057,36085014100,0.00011304650602105828
2058,36085014604,4.277038389225866e-05
2059,36085014605,7.050506097164507e-05
2060,36085014606,3.811240969683262e-05
2061,36085014607,6.308923059280355e-05
2062,36085014608,7.499231704535352e-05
2063,36085014700,0.00011571812788656126
2064,36085015100,6.443761484229456e-05
2065,36085015601,4.7107314368086794e-05
2066,36085015602,8.617719033273903e-05
2067,36085015603,6.15936751167023e-05
2068,36085016901,8.415728173554505e-05
2069,36085017005,6.150520978035963e-05
2070,36085017007,3.901141345746771e-05
2071,36085017008,3.690283244854282e-05
2072,36085017009,6.56664725917683e-05
2073,36085017010,3.6999707046806624e-05
2074,36085017011,6.127801636373423e-05
2075,36085017012,5.4379781610504505e-05
2076,36085017300,0.000124253026501528
2077,36085017600,4.831004145133254e-05
2078,36085017700,2.5008542716359082e-05
2079,36085018100,9.69556917138277e-05
2080,36085018701,0.00015819460779552575
2081,36085018702,3.840022461785929e-05
2082,36085018901,5.691494224517013e-05
2083,36085018902,4.9541900417631784e-05
2084,36085019700,0.00017498436428649866
2085,36085019800,3.6107131710194046e-05
2086,36085020100,9.26635900433491e-05
2087,36085020700,4.973590613944946e-05
2088,36085020801,3.1259344669107776e-05
2089,36085020803,4.390311151806575e-05
2090,36085020804,5.210756386080413e-05
2091,36085021300,6.010115971429668e-05
2092,36085022300,9.769420861621395e-05
2093,36085022600,2.1512652168922714e-05
2094,36085022800,0.001170292595040725
2095,36085023100,6.227111844062433e-05
2096,36085023900,8.962978688696676e-05
2097,36085024401,4.6288167652345614e-05
2098,36085024402,6.3225414991689e-05
2099,36085024700,0.00011510510662904905
2100,36085024800,6.110418950099567e-05
2101,36085025100,5.138488395515065e-05
2102,36085027301,9.261455649369878e-05
2103,36085027302,7.449366674066228e-05
2104,36085027702,3.6755985215435035e-05
2105,36085027704,6.293133565532527e-05
2106,36085027705,5.1599384967690475e-05
2107,36085027706,9.010455029196273e-05
2108,36085027900,0.0001405027719043921
2109,36085029102,5.769313977246728e-05
2110,36085029103,3.142628762389821e-05
2111,36085029104,3.481166160860697e-05
2112,36085030301,4.9446420556543163e-05
2113,36085030302,4.239211297340089e-05
2114,36085031901,0.00011778969626108262
2115,36085031902,6.256119308411058e-05
2116,36085032300,0.00017273675525743314
