,GeoID,E_Advance,E_PreS
0,36005000200,29.4,29.9
1,36005000400,28.4,53.1
2,36005001600,18.5,76.6
3,36005001900,24.6,25.3
4,36005002000,8.4,87.5
5,36005002300,9.3,11.1
6,36005002500,7.2,53.8
7,36005002701,11.7,100.0
8,36005002702,7.4,55.4
9,36005002800,28.2,79.7
10,36005003100,16.1,100.0
11,36005003300,8.8,60.7
12,36005003500,14.6,63.2
13,36005003800,6.3,100.0
14,36005003900,10.8,46.6
15,36005004001,16.1,29.0
16,36005004100,7.6,87.2
17,36005004200,14.1,43.8
18,36005004300,9.9,57.4
19,36005004400,10.6,67.9
20,36005004600,17.7,62.5
21,36005004800,11.7,55.6
22,36005005001,13.1,26.7
23,36005005002,15.4,44.4
24,36005005100,7.3,38.9
25,36005005200,10.3,65.3
26,36005005300,10.3,77.4
27,36005005400,3.5,37.9
28,36005005600,16.6,43.2
29,36005005902,22.4,100.0
30,36005006000,16.3,9.4
31,36005006100,32.0,43.3
32,36005006200,11.6,100.0
33,36005006300,24.8,50.6
34,36005006400,13.0,47.5
35,36005006500,15.6,44.1
36,36005006700,9.7,100.0
37,36005006800,22.4,100.0
38,36005006900,17.2,73.2
39,36005007000,14.5,74.3
40,36005007100,20.9,70.7
41,36005007200,18.1,77.1
42,36005007300,6.9,46.2
43,36005007400,14.6,64.2
44,36005007500,16.3,83.4
45,36005007600,18.0,61.9
46,36005007700,14.0,45.7
47,36005007800,16.8,70.0
48,36005007900,8.8,52.9
49,36005008300,16.2,49.0
50,36005008400,18.5,42.7
51,36005008500,16.4,26.1
52,36005008600,8.5,78.7
53,36005008700,10.8,35.6
54,36005008900,16.5,18.8
55,36005009000,10.5,82.4
56,36005009200,19.5,64.4
57,36005009300,13.0,44.4
58,36005009600,22.5,79.5
59,36005009800,27.1,100.0
60,36005011502,10.9,67.4
61,36005011700,20.1,0.0
62,36005011800,28.3,27.4
63,36005011900,9.1,73.3
64,36005012101,15.5,58.3
65,36005012102,6.6,77.8
66,36005012300,16.4,67.1
67,36005012500,20.6,66.4
68,36005012701,19.0,0.0
69,36005012901,11.6,2.7
70,36005013000,32.8,51.3
71,36005013100,16.7,87.1
72,36005013200,34.4,100.0
73,36005013300,8.7,31.8
74,36005013500,9.3,41.1
75,36005013800,22.8,48.5
76,36005014100,17.8,66.4
77,36005014300,18.2,10.0
78,36005014400,15.7,73.2
79,36005014500,7.4,62.3
80,36005014701,11.1,86.2
81,36005014702,10.5,13.3
82,36005014900,14.5,22.8
83,36005015100,17.7,65.0
84,36005015200,22.2,77.8
85,36005015300,17.6,56.0
86,36005015500,11.2,80.2
87,36005015700,16.9,51.3
88,36005015800,20.5,0.0
89,36005015900,6.4,81.1
90,36005016000,27.8,60.3
91,36005016100,10.5,69.1
92,36005016200,19.3,37.5
93,36005016400,28.2,57.1
94,36005016500,13.8,58.3
95,36005016600,20.2,87.8
96,36005016700,14.8,78.6
97,36005016900,12.5,35.3
98,36005017300,14.1,100.0
99,36005017500,8.8,59.8
100,36005017701,8.8,56.1
101,36005017702,15.1,52.0
102,36005017901,11.5,100.0
103,36005017902,19.3,66.2
104,36005018101,5.9,60.8
105,36005018102,18.8,53.3
106,36005018301,27.4,70.3
107,36005018302,16.0,23.5
108,36005018400,31.3,87.0
109,36005018500,12.2,57.2
110,36005018900,13.8,25.0
111,36005019300,15.5,75.7
112,36005019400,28.4,63.3
113,36005019500,15.9,53.4
114,36005019700,8.9,59.4
115,36005019900,17.7,15.6
116,36005020000,25.5,24.6
117,36005020100,11.7,85.7
118,36005020200,20.0,49.2
119,36005020400,21.7,89.4
120,36005020501,10.9,30.7
121,36005020502,19.6,38.7
122,36005020601,24.7,91.1
123,36005020900,16.3,26.3
124,36005021001,25.7,14.7
125,36005021002,26.4,31.9
126,36005021100,11.1,56.6
127,36005021302,17.2,57.7
128,36005021501,16.3,61.6
129,36005021502,15.4,65.2
130,36005021601,9.3,62.4
131,36005021602,30.8,0.0
132,36005021700,11.1,86.6
133,36005021800,12.8,28.6
134,36005021900,12.5,0.0
135,36005022000,8.4,100.0
136,36005022101,18.2,41.0
137,36005022102,11.3,29.0
138,36005022200,16.2,11.0
139,36005022300,12.7,53.8
140,36005022401,23.0,58.7
141,36005022403,27.8,34.0
142,36005022404,35.0,100.0
143,36005022500,11.1,38.9
144,36005022701,19.3,66.0
145,36005022702,25.8,69.4
146,36005022703,33.9,0.0
147,36005022800,28.0,100.0
148,36005022901,12.2,78.1
149,36005022902,15.9,61.4
150,36005023000,24.1,81.0
151,36005023100,7.1,78.6
152,36005023200,21.7,6.1
153,36005023301,16.1,100.0
154,36005023302,11.3,45.5
155,36005023501,2.9,20.5
156,36005023502,7.4,89.2
157,36005023600,20.0,96.6
158,36005023702,9.6,43.8
159,36005023703,6.1,37.8
160,36005023704,6.7,54.8
161,36005023800,22.5,100.0
162,36005023900,9.3,20.9
163,36005024000,22.0,100.0
164,36005024100,15.8,58.1
165,36005024300,7.4,89.3
166,36005024400,27.3,58.0
167,36005024501,7.3,65.3
168,36005024502,11.3,23.3
169,36005024600,23.7,29.6
170,36005024700,19.8,58.1
171,36005024800,34.3,80.3
172,36005025000,40.5,79.5
173,36005025100,18.3,46.7
174,36005025200,28.8,65.6
175,36005025300,11.0,49.4
176,36005025400,28.1,54.4
177,36005025500,11.5,52.4
178,36005025600,21.7,93.0
179,36005025700,21.6,71.0
180,36005026300,13.5,48.3
181,36005026400,20.9,41.1
182,36005026500,7.6,79.8
183,36005026602,31.7,100.0
184,36005026701,23.3,19.4
185,36005026702,16.0,51.5
186,36005026900,21.7,87.9
187,36005027300,21.3,48.9
188,36005027401,27.8,53.5
189,36005027402,31.1,100.0
190,36005027700,21.6,54.9
191,36005027900,27.3,7.5
192,36005028100,42.1,57.4
193,36005028300,18.8,57.1
194,36005028400,10.6,0.0
195,36005028500,57.6,51.7
196,36005028600,42.5,100.0
197,36005028700,28.5,62.1
198,36005028800,30.4,70.6
199,36005028900,26.5,73.8
200,36005029301,69.9,100.0
201,36005029302,59.1,100.0
202,36005029500,60.4,65.9
203,36005029600,48.7,37.5
204,36005029700,69.7,50.0
205,36005030000,30.1,51.1
206,36005030100,51.2,44.4
207,36005030200,29.4,63.2
208,36005030701,75.2,69.2
209,36005030900,59.5,76.2
210,36005031000,26.7,76.0
211,36005031200,44.4,0.0
212,36005031400,36.3,100.0
213,36005031600,28.4,100.0
214,36005031800,32.8,100.0
215,36005032300,56.7,97.5
216,36005032600,27.3,9.0
217,36005032800,20.1,100.0
218,36005033000,13.6,21.8
219,36005033201,26.9,44.6
220,36005033202,17.1,100.0
221,36005033500,61.5,90.8
222,36005033600,15.5,55.2
223,36005033700,61.5,67.3
224,36005033800,18.8,71.6
225,36005034000,18.3,21.1
226,36005034200,25.5,73.1
227,36005034300,43.3,50.5
228,36005034400,32.7,60.0
229,36005034500,46.7,54.9
230,36005034800,24.8,100.0
231,36005035000,30.6,100.0
232,36005035100,51.7,100.0
233,36005035600,31.4,0.0
234,36005035800,31.5,58.8
235,36005035900,6.9,100.0
236,36005036000,24.2,65.0
237,36005036100,5.7,100.0
238,36005036300,15.3,18.6
239,36005036400,23.5,100.0
240,36005036501,13.0,43.8
241,36005036502,14.1,92.1
242,36005036700,14.4,80.5
243,36005036800,31.8,53.2
244,36005036901,10.2,60.8
245,36005036902,11.3,32.6
246,36005037000,15.8,100.0
247,36005037100,16.7,59.8
248,36005037200,23.5,92.5
249,36005037300,10.4,81.9
250,36005037400,11.6,65.7
251,36005037504,15.3,39.6
252,36005037600,28.0,73.6
253,36005037800,18.9,25.0
254,36005037900,10.0,66.4
255,36005038000,17.9,22.4
256,36005038100,14.2,38.3
257,36005038200,20.5,56.6
258,36005038301,12.1,73.8
259,36005038302,6.8,49.5
260,36005038500,3.7,11.3
261,36005038600,22.4,39.9
262,36005038700,16.8,0.0
263,36005038800,19.8,100.0
264,36005038900,16.8,47.7
265,36005039000,13.4,100.0
266,36005039100,18.8,72.2
267,36005039200,20.1,0.0
268,36005039300,12.3,51.5
269,36005039400,14.6,61.4
270,36005039500,16.5,75.4
271,36005039600,14.6,16.8
272,36005039700,16.9,100.0
273,36005039800,26.7,40.8
274,36005039901,8.1,44.4
275,36005039902,12.4,67.2
276,36005040100,9.5,61.8
277,36005040302,12.9,68.3
278,36005040303,15.9,67.8
279,36005040304,10.7,45.2
280,36005040400,32.1,100.0
281,36005040501,8.0,49.5
282,36005040502,14.7,79.4
283,36005040600,19.2,71.6
284,36005040701,18.4,92.8
285,36005040702,13.8,50.7
286,36005040800,14.1,50.0
287,36005040900,27.7,0.0
288,36005041100,15.3,56.6
289,36005041300,20.9,61.9
290,36005041400,19.8,65.6
291,36005041500,17.4,81.2
292,36005041800,21.9,81.3
293,36005041900,23.8,56.5
294,36005042000,18.6,87.2
295,36005042100,29.5,48.3
296,36005042200,23.6,71.7
297,36005042300,20.8,69.7
298,36005042400,30.3,100.0
299,36005042500,23.0,22.0
300,36005042600,30.2,45.3
301,36005042800,25.5,100.0
302,36005042901,16.3,0.6
303,36005042902,21.8,65.5
304,36005043000,22.4,75.4
305,36005043100,16.6,69.3
306,36005043400,25.8,46.4
307,36005043500,10.8,68.2
308,36005043600,28.8,100.0
309,36005044200,27.3,14.0
310,36005044400,23.7,30.7
311,36005044800,31.4,100.0
312,36005044901,36.8,100.0
313,36005044902,43.2,55.6
314,36005045101,41.2,62.2
315,36005045102,39.3,49.3
316,36005045600,26.5,40.9
317,36005045800,10.0,65.9
318,36005046000,15.7,53.0
319,36005046201,25.0,73.1
320,36005046202,23.3,68.8
321,36005048400,24.6,34.3
322,36005051600,46.7,0.0
323,36047000100,71.9,100.0
324,36047000200,18.8,100.0
325,36047000301,80.9,41.5
326,36047000501,80.0,100.0
327,36047000502,87.4,100.0
328,36047000700,83.5,93.7
329,36047000900,89.2,76.9
330,36047001100,87.5,100.0
331,36047001300,67.5,66.7
332,36047001500,64.7,57.0
333,36047002000,15.5,0.0
334,36047002100,89.6,100.0
335,36047002200,26.0,55.6
336,36047002300,15.1,70.9
337,36047002901,9.5,62.7
338,36047003000,56.3,35.9
339,36047003100,61.2,30.3
340,36047003300,74.8,100.0
341,36047003400,44.7,61.2
342,36047003500,62.9,60.4
343,36047003600,49.6,12.0
344,36047003700,85.8,84.3
345,36047003800,54.9,44.4
346,36047003900,75.0,80.0
347,36047004100,74.7,92.1
348,36047004300,79.3,85.4
349,36047004400,64.3,100.0
350,36047004500,87.0,100.0
351,36047004600,56.9,100.0
352,36047004700,79.8,100.0
353,36047004900,74.0,100.0
354,36047005000,68.3,100.0
355,36047005100,78.5,83.5
356,36047005201,53.4,100.0
357,36047005202,55.8,100.0
358,36047005300,58.7,85.2
359,36047005400,59.3,80.3
360,36047005601,60.1,0.0
361,36047005602,51.6,64.7
362,36047005800,42.7,44.9
363,36047005900,51.5,45.7
364,36047006000,44.6,89.0
365,36047006200,57.7,17.9
366,36047006300,74.0,47.1
367,36047006400,47.5,0.0
368,36047006500,79.7,31.6
369,36047006600,52.9,100.0
370,36047006700,79.0,59.0
371,36047006800,39.1,46.0
372,36047006900,87.6,62.6
373,36047007000,52.9,76.2
374,36047007100,32.5,48.4
375,36047007200,26.1,18.8
376,36047007400,20.8,63.7
377,36047007500,79.5,76.0
378,36047007600,24.4,26.6
379,36047007700,76.8,84.6
380,36047007800,17.7,85.4
381,36047008000,26.6,100.0
382,36047008200,35.2,81.1
383,36047008400,24.7,44.0
384,36047008500,6.3,75.9
385,36047008800,47.5,100.0
386,36047009000,19.1,29.9
387,36047009200,24.8,41.5
388,36047009400,20.2,48.5
389,36047009600,18.5,44.2
390,36047009800,6.9,20.6
391,36047010000,11.9,43.3
392,36047010100,32.4,37.4
393,36047010200,18.6,38.0
394,36047010400,15.6,40.7
395,36047010600,13.2,39.7
396,36047010800,11.1,43.3
397,36047011000,16.2,74.2
398,36047011200,21.8,91.4
399,36047011400,22.3,52.5
400,36047011600,17.5,45.5
401,36047011700,63.1,92.6
402,36047011800,15.7,61.9
403,36047011900,61.4,100.0
404,36047012000,16.3,50.0
405,36047012100,63.8,40.0
406,36047012200,17.7,0.0
407,36047012600,27.9,60.3
408,36047012700,41.0,100.0
409,36047012801,28.9,100.0
410,36047012901,80.0,68.4
411,36047012902,81.6,86.9
412,36047013000,35.9,89.3
413,36047013100,73.0,61.1
414,36047013200,26.7,50.0
415,36047013300,83.1,91.1
416,36047013400,47.8,72.9
417,36047013500,86.0,80.9
418,36047013600,59.4,78.3
419,36047013700,68.5,65.1
420,36047013800,45.6,100.0
421,36047013900,74.0,39.7
422,36047014000,42.5,64.9
423,36047014100,75.7,79.6
424,36047014200,41.3,26.9
425,36047014300,61.5,77.9
426,36047014500,56.7,81.3
427,36047014700,55.6,66.7
428,36047014800,40.1,77.8
429,36047014900,74.2,73.8
430,36047015000,42.8,100.0
431,36047015100,82.0,85.4
432,36047015200,43.2,100.0
433,36047015300,78.4,84.8
434,36047015500,81.7,75.6
435,36047015700,90.7,100.0
436,36047015900,84.7,61.7
437,36047016000,48.1,89.6
438,36047016100,69.3,100.0
439,36047016200,44.7,56.3
440,36047016300,80.9,67.5
441,36047016400,60.3,100.0
442,36047016500,88.3,87.3
443,36047016600,48.9,47.8
444,36047016700,85.4,61.5
445,36047016800,42.8,25.4
446,36047016900,72.1,63.0
447,36047017000,34.5,69.6
448,36047017100,75.6,94.7
449,36047017200,38.2,26.3
450,36047017400,34.3,82.1
451,36047017600,30.6,52.7
452,36047017800,27.0,52.0
453,36047017900,51.2,100.0
454,36047018000,31.2,0.0
455,36047018100,77.7,100.0
456,36047018200,26.1,15.1
457,36047018300,82.7,77.3
458,36047018400,33.3,70.4
459,36047018501,18.3,76.4
460,36047018600,32.9,86.4
461,36047018700,58.8,73.3
462,36047018800,27.9,75.0
463,36047019000,34.0,61.3
464,36047019100,73.2,69.6
465,36047019200,18.9,95.0
466,36047019300,46.1,100.0
467,36047019400,22.7,44.6
468,36047019500,75.0,86.3
469,36047019600,21.1,86.3
470,36047019700,74.0,93.1
471,36047019800,33.7,100.0
472,36047019900,71.7,59.5
473,36047020000,23.8,79.7
474,36047020100,69.0,68.9
475,36047020200,38.3,83.3
476,36047020300,61.8,100.0
477,36047020400,34.4,37.9
478,36047020500,76.0,77.0
479,36047020600,44.6,31.0
480,36047020700,77.6,76.4
481,36047020800,32.1,50.8
482,36047021000,26.6,42.5
483,36047021100,34.6,100.0
484,36047021200,18.4,84.9
485,36047021300,38.9,100.0
486,36047021400,12.7,41.7
487,36047021500,61.7,100.0
488,36047021600,25.4,59.0
489,36047021700,51.3,100.0
490,36047021800,17.0,84.3
491,36047021900,48.0,42.6
492,36047022000,14.1,43.8
493,36047022100,47.8,100.0
494,36047022200,21.9,71.1
495,36047022400,26.4,70.4
496,36047022600,14.9,81.9
497,36047022800,20.5,65.3
498,36047022900,65.6,37.5
499,36047023000,18.6,83.4
500,36047023100,56.9,36.2
501,36047023200,11.5,58.3
502,36047023300,44.8,76.8
503,36047023400,17.4,96.5
504,36047023500,42.8,89.0
505,36047023600,13.9,78.5
506,36047023800,27.0,82.5
507,36047024000,22.0,60.1
508,36047024100,44.4,64.1
509,36047024200,15.3,93.2
510,36047024300,49.0,100.0
511,36047024400,19.9,76.4
512,36047024500,49.9,83.0
513,36047024600,26.7,71.8
514,36047024700,32.4,56.4
515,36047024800,21.0,83.7
516,36047024900,54.1,100.0
517,36047025000,19.2,100.0
518,36047025100,38.2,81.7
519,36047025200,31.9,73.8
520,36047025300,44.6,83.8
521,36047025400,27.8,100.0
522,36047025500,11.8,71.0
523,36047025600,21.8,23.5
524,36047025700,33.5,100.0
525,36047025800,30.3,69.6
526,36047025901,40.2,55.3
527,36047025902,5.0,73.6
528,36047026000,25.2,100.0
529,36047026200,31.3,44.8
530,36047026300,42.8,17.9
531,36047026400,19.8,63.7
532,36047026500,35.5,64.3
533,36047026600,25.0,49.6
534,36047026700,46.6,20.0
535,36047026800,27.5,100.0
536,36047026900,47.7,92.5
537,36047027000,39.6,83.3
538,36047027100,39.1,94.2
539,36047027200,23.0,62.4
540,36047027300,35.3,100.0
541,36047027400,29.9,43.0
542,36047027500,43.3,76.0
543,36047027600,26.6,25.3
544,36047027700,32.4,68.5
545,36047027800,34.1,81.5
546,36047027900,40.8,0.0
547,36047028000,30.5,45.5
548,36047028100,27.4,56.6
549,36047028200,30.2,72.9
550,36047028300,23.5,65.7
551,36047028400,34.2,0.0
552,36047028501,41.7,0.0
553,36047028502,6.8,62.7
554,36047028600,42.7,52.0
555,36047028700,30.1,29.4
556,36047028800,28.4,60.3
557,36047028900,20.3,100.0
558,36047029000,41.3,0.0
559,36047029200,33.3,49.5
560,36047029300,31.6,65.6
561,36047029400,20.1,100.0
562,36047029500,55.1,72.7
563,36047029600,43.5,22.9
564,36047029700,49.7,56.8
565,36047029800,27.1,62.9
566,36047029900,20.4,100.0
567,36047030000,26.2,86.7
568,36047030100,27.0,37.9
569,36047030200,31.3,54.8
570,36047030300,20.0,100.0
571,36047030400,27.7,33.8
572,36047030500,64.3,100.0
573,36047030600,23.3,60.0
574,36047030700,16.4,100.0
575,36047030800,31.5,27.8
576,36047030900,25.3,100.0
577,36047031100,31.4,45.8
578,36047031300,42.4,100.0
579,36047031400,31.3,100.0
580,36047031500,57.7,53.0
581,36047031701,44.6,82.4
582,36047031702,58.9,73.5
583,36047031900,43.9,100.0
584,36047032100,41.6,38.3
585,36047032300,43.3,100.0
586,36047032500,30.9,100.0
587,36047032600,20.0,76.2
588,36047032700,47.2,100.0
589,36047032800,23.3,48.1
590,36047032900,29.7,79.1
591,36047033000,19.4,20.0
592,36047033100,30.3,63.1
593,36047033300,28.9,68.2
594,36047033500,45.0,100.0
595,36047033600,46.6,48.9
596,36047033700,38.6,74.7
597,36047033900,35.9,93.3
598,36047034000,24.6,61.9
599,36047034100,33.6,0.0
600,36047034200,25.6,43.0
601,36047034300,23.6,72.4
602,36047034500,31.2,69.0
603,36047034700,34.1,100.0
604,36047034800,28.5,55.9
605,36047034900,21.7,82.9
606,36047035100,23.2,73.9
607,36047035300,28.5,69.1
608,36047035400,56.5,25.9
609,36047035500,22.4,41.4
610,36047035601,64.2,100.0
611,36047035602,53.8,100.0
612,36047035700,17.2,85.4
613,36047035900,12.0,100.0
614,36047036001,47.7,31.3
615,36047036002,50.3,52.7
616,36047036100,12.6,100.0
617,36047036200,41.9,46.6
618,36047036300,15.6,33.2
619,36047036400,46.7,22.1
620,36047036501,23.0,100.0
621,36047036502,17.2,100.0
622,36047036600,36.9,52.0
623,36047036700,22.9,63.3
624,36047036900,20.8,34.3
625,36047037000,41.8,73.7
626,36047037100,22.8,70.0
627,36047037300,31.6,73.9
628,36047037401,48.6,76.4
629,36047037402,45.0,80.9
630,36047037500,29.8,100.0
631,36047037700,33.7,79.5
632,36047037900,28.2,100.0
633,36047038100,32.2,76.0
634,36047038200,17.4,75.8
635,36047038300,40.9,15.0
636,36047038600,34.7,90.4
637,36047038700,36.3,100.0
638,36047038800,39.6,62.3
639,36047038900,33.4,100.0
640,36047039000,34.3,51.2
641,36047039100,38.8,100.0
642,36047039200,33.6,81.3
643,36047039300,42.6,46.6
644,36047039400,25.2,63.7
645,36047039500,31.7,38.6
646,36047039600,29.1,100.0
647,36047039700,29.1,72.8
648,36047039800,29.6,56.0
649,36047039900,22.3,100.0
650,36047040000,24.2,62.5
651,36047040100,34.8,21.4
652,36047040200,25.2,40.0
653,36047040300,29.3,0.0
654,36047040400,25.1,89.1
655,36047040500,39.8,27.9
656,36047040600,26.1,51.7
657,36047040800,28.9,44.9
658,36047040900,20.7,40.9
659,36047041000,29.7,88.6
660,36047041100,24.6,84.0
661,36047041200,39.0,57.1
662,36047041300,24.3,57.5
663,36047041401,29.1,41.3
664,36047041402,44.8,31.0
665,36047041500,17.4,37.5
666,36047041600,26.8,67.8
667,36047041700,13.9,77.4
668,36047041800,25.0,44.3
669,36047041900,14.2,63.7
670,36047042000,42.6,92.1
671,36047042100,26.6,66.7
672,36047042200,39.0,47.8
673,36047042300,34.6,9.3
674,36047042400,29.3,64.6
675,36047042500,47.6,50.0
676,36047042600,35.5,59.6
677,36047042700,36.5,65.1
678,36047042800,50.7,58.5
679,36047042900,32.9,80.9
680,36047043000,29.8,14.6
681,36047043100,39.2,85.4
682,36047043200,33.3,39.8
683,36047043300,16.5,63.8
684,36047043400,35.9,48.6
685,36047043500,25.7,100.0
686,36047043600,32.7,71.6
687,36047043700,40.4,63.9
688,36047043800,34.8,55.8
689,36047043900,24.4,34.0
690,36047044000,37.8,74.7
691,36047044100,32.0,91.3
692,36047044200,40.0,100.0
693,36047044300,37.2,40.0
694,36047044400,35.0,42.9
695,36047044500,32.5,100.0
696,36047044600,27.0,68.1
697,36047044700,34.6,74.3
698,36047044800,50.1,25.5
699,36047044900,21.6,62.1
700,36047045000,42.4,100.0
701,36047045200,45.3,69.6
702,36047045300,24.3,65.7
703,36047045400,49.9,71.3
704,36047045600,40.7,63.6
705,36047045800,39.7,100.0
706,36047046000,37.2,64.7
707,36047046201,46.7,100.0
708,36047046202,40.5,34.8
709,36047046400,23.3,89.3
710,36047046800,20.5,73.5
711,36047047000,18.3,78.8
712,36047047200,23.9,100.0
713,36047047400,27.4,100.0
714,36047047600,21.5,100.0
715,36047047700,72.5,100.0
716,36047047800,16.5,100.0
717,36047048000,21.0,74.5
718,36047048100,57.4,36.7
719,36047048200,42.8,40.5
720,36047048400,35.8,47.5
721,36047048500,55.4,100.0
722,36047048600,23.5,74.6
723,36047048800,40.0,81.9
724,36047048900,12.4,36.6
725,36047049000,58.2,54.8
726,36047049100,22.4,100.0
727,36047049200,38.6,53.5
728,36047049300,30.0,100.0
729,36047049400,51.0,48.9
730,36047049500,61.1,66.7
731,36047049600,45.9,68.6
732,36047049700,63.4,88.0
733,36047049800,50.9,33.7
734,36047049900,61.5,61.1
735,36047050000,58.8,53.2
736,36047050100,57.3,70.0
737,36047050202,75.9,100.0
738,36047050300,65.2,38.6
739,36047050400,63.0,65.5
740,36047050500,39.2,67.3
741,36047050600,33.4,100.0
742,36047050700,15.6,100.0
743,36047050801,21.1,68.3
744,36047050803,35.1,75.5
745,36047050804,35.0,16.3
746,36047050900,9.2,89.7
747,36047051001,24.6,46.8
748,36047051002,24.2,54.9
749,36047051100,38.7,100.0
750,36047051200,37.1,68.3
751,36047051300,56.4,100.0
752,36047051400,28.3,100.0
753,36047051500,78.4,100.0
754,36047051601,28.7,100.0
755,36047051602,26.1,77.9
756,36047051700,78.7,19.4
757,36047051800,47.3,62.1
758,36047052000,47.3,55.0
759,36047052300,49.9,100.0
760,36047052500,27.7,94.1
761,36047052600,49.5,86.2
762,36047052700,36.1,86.6
763,36047052800,59.4,61.5
764,36047052900,11.2,100.0
765,36047053000,29.3,83.6
766,36047053100,16.7,92.3
767,36047053200,50.0,53.3
768,36047053300,10.7,98.4
769,36047053400,33.5,78.2
770,36047053500,10.0,93.8
771,36047053700,7.2,97.5
772,36047053800,48.6,32.8
773,36047053900,8.3,100.0
774,36047054200,48.6,67.9
775,36047054400,41.1,88.2
776,36047054500,10.8,89.1
777,36047054600,53.9,72.8
778,36047054700,35.9,84.2
779,36047054800,58.2,55.4
780,36047054900,65.1,93.5
781,36047055000,44.8,65.9
782,36047055100,58.4,83.2
783,36047055200,38.3,67.5
784,36047055300,76.2,100.0
785,36047055400,46.1,23.8
786,36047055500,78.7,100.0
787,36047055600,41.2,77.0
788,36047055700,66.7,100.0
789,36047055800,46.1,50.0
790,36047056000,43.1,19.2
791,36047056100,67.6,86.7
792,36047056200,48.4,79.2
793,36047056300,53.9,100.0
794,36047056400,40.7,25.4
795,36047056500,64.4,62.7
796,36047056600,43.2,38.9
797,36047056800,38.5,20.0
798,36047056900,69.8,0.0
799,36047057000,33.8,60.5
800,36047057100,55.2,100.0
801,36047057200,13.7,65.1
802,36047057300,58.1,100.0
803,36047057400,42.2,27.5
804,36047057500,57.4,100.0
805,36047057600,30.9,65.9
806,36047057800,27.6,59.4
807,36047058000,26.1,42.4
808,36047058200,27.1,21.4
809,36047058400,41.7,53.3
810,36047058600,34.5,57.5
811,36047058800,57.9,32.7
812,36047058900,49.6,71.4
813,36047059000,37.3,62.7
814,36047059100,57.0,65.5
815,36047059200,36.7,59.5
816,36047059300,53.7,56.8
817,36047059401,43.3,100.0
818,36047059402,51.7,79.4
819,36047059600,46.3,100.0
820,36047060000,51.5,65.9
821,36047060600,48.3,35.7
822,36047060800,45.9,11.8
823,36047061002,62.1,55.2
824,36047061003,35.6,70.5
825,36047061004,53.7,12.1
826,36047061200,51.0,100.0
827,36047062000,68.9,38.8
828,36047062200,43.0,79.1
829,36047062600,35.4,19.4
830,36047062800,27.8,83.1
831,36047063200,40.1,0.0
832,36047063600,41.4,36.0
833,36047063800,42.1,63.6
834,36047064000,49.9,41.1
835,36047064200,45.5,25.0
836,36047064400,45.0,47.5
837,36047064600,47.8,87.2
838,36047064800,41.6,72.7
839,36047065000,39.8,28.1
840,36047065200,43.3,0.0
841,36047065400,42.2,36.4
842,36047065600,30.7,30.8
843,36047065800,51.7,86.8
844,36047066000,35.3,53.8
845,36047066200,29.4,41.2
846,36047067000,35.1,54.9
847,36047067200,20.8,100.0
848,36047067400,35.2,75.0
849,36047067600,37.0,0.0
850,36047067800,31.2,82.8
851,36047068000,24.5,85.5
852,36047068200,38.1,100.0
853,36047068600,30.5,100.0
854,36047068800,29.9,100.0
855,36047069200,39.0,67.6
856,36047069601,37.7,100.0
857,36047069602,35.8,85.0
858,36047069800,30.9,51.0
859,36047070000,37.0,0.0
860,36047070201,48.7,71.3
861,36047070600,41.9,83.2
862,36047072000,32.6,48.2
863,36047072200,29.1,40.4
864,36047072400,31.9,86.3
865,36047072600,24.8,50.7
866,36047072800,31.1,45.1
867,36047073000,41.6,77.0
868,36047073200,29.9,75.0
869,36047073400,39.6,100.0
870,36047073600,30.7,26.0
871,36047073800,33.6,37.3
872,36047074000,32.3,85.7
873,36047074200,25.5,71.1
874,36047074400,44.8,68.9
875,36047074600,37.2,86.4
876,36047074800,52.8,78.4
877,36047075000,44.1,100.0
878,36047075200,59.7,100.0
879,36047075400,50.2,17.6
880,36047075600,51.0,90.3
881,36047076000,60.0,50.9
882,36047076200,49.4,45.9
883,36047076400,41.5,66.1
884,36047076600,33.0,41.7
885,36047076800,48.7,52.2
886,36047077000,42.2,100.0
887,36047077200,40.7,14.8
888,36047077400,35.4,89.0
889,36047077600,45.3,35.5
890,36047078000,30.0,66.7
891,36047078200,27.9,67.9
892,36047078400,33.7,47.2
893,36047078600,27.3,40.7
894,36047078800,24.7,78.2
895,36047079000,25.8,100.0
896,36047079200,30.5,71.9
897,36047079400,21.4,32.3
898,36047079601,34.9,21.5
899,36047079602,39.0,42.1
900,36047079801,57.6,35.0
901,36047079802,47.7,0.0
902,36047080000,48.3,73.1
903,36047080200,38.3,100.0
904,36047080600,35.3,40.3
905,36047080800,10.1,100.0
906,36047081000,25.8,30.2
907,36047081400,18.5,10.7
908,36047081600,22.8,75.5
909,36047081800,38.1,45.8
910,36047082000,18.1,55.5
911,36047082200,28.0,46.8
912,36047082400,23.2,100.0
913,36047082600,31.7,70.8
914,36047082800,24.7,36.6
915,36047083000,28.5,0.0
916,36047083200,28.7,47.9
917,36047083400,22.9,22.7
918,36047083600,28.9,66.7
919,36047083800,27.3,100.0
920,36047084000,15.8,42.3
921,36047084600,23.8,83.7
922,36047084800,32.7,55.3
923,36047085000,20.6,100.0
924,36047085200,100.0,100.0
925,36047085400,28.4,68.1
926,36047085600,21.3,0.0
927,36047085800,19.6,41.2
928,36047086000,20.2,49.7
929,36047086200,23.9,100.0
930,36047086400,19.7,27.0
931,36047086600,27.0,0.0
932,36047086800,21.3,0.0
933,36047087000,23.7,53.6
934,36047087200,23.0,44.2
935,36047087401,32.8,84.2
936,36047087600,29.5,41.7
937,36047087800,12.9,62.1
938,36047088000,24.3,75.8
939,36047088200,25.4,100.0
940,36047088400,20.0,100.0
941,36047088600,20.4,77.1
942,36047088800,22.1,100.0
943,36047089000,17.9,62.5
944,36047089400,21.0,82.5
945,36047089600,13.3,70.2
946,36047089800,19.8,74.3
947,36047090000,13.1,69.4
948,36047090200,12.3,100.0
949,36047090600,5.2,74.4
950,36047090800,5.6,75.6
951,36047091000,7.8,84.0
952,36047091200,10.1,100.0
953,36047091600,8.3,67.9
954,36047091800,17.3,0.0
955,36047092000,10.9,86.8
956,36047092200,11.4,20.0
957,36047092400,12.2,57.4
958,36047093000,30.2,56.2
959,36047093400,37.3,0.0
960,36047093600,35.0,66.7
961,36047093800,28.6,47.4
962,36047094401,22.9,43.4
963,36047094402,8.9,45.5
964,36047094600,25.6,66.7
965,36047095000,26.9,0.0
966,36047095400,24.6,66.3
967,36047095600,25.9,64.6
968,36047096200,24.8,84.3
969,36047096400,28.5,100.0
970,36047096600,23.7,91.0
971,36047096800,30.6,93.6
972,36047097000,25.7,42.9
973,36047097400,17.8,77.8
974,36047098200,7.0,100.0
975,36047098400,23.2,50.9
976,36047098600,31.7,58.9
977,36047098800,32.9,46.8
978,36047099000,32.5,48.0
979,36047099200,27.1,81.0
980,36047099400,27.4,57.1
981,36047099600,26.8,71.9
982,36047099800,33.9,60.7
983,36047100400,27.7,100.0
984,36047100600,26.1,100.0
985,36047100800,30.5,52.9
986,36047101000,32.6,65.4
987,36047101400,35.3,68.8
988,36047101600,31.2,65.6
989,36047101800,42.2,83.5
990,36047102000,42.0,68.7
991,36047102200,30.6,21.4
992,36047102400,36.6,30.8
993,36047102600,29.8,83.3
994,36047102800,42.9,100.0
995,36047103400,13.5,83.0
996,36047105801,19.5,50.3
997,36047105804,20.2,90.3
998,36047107000,30.4,100.0
999,36047107800,18.8,77.2
1000,36047109800,15.6,100.0
1001,36047110400,15.3,52.2
1002,36047110600,6.3,33.1
1003,36047111000,6.5,85.1
1004,36047111600,20.8,100.0
1005,36047111800,11.6,40.0
1006,36047112000,15.2,100.0
1007,36047112200,18.4,31.6
1008,36047112400,21.7,83.8
1009,36047112600,15.7,100.0
1010,36047112800,20.4,64.6
1011,36047113000,17.2,21.0
1012,36047113200,18.9,0.0
1013,36047113400,8.8,50.8
1014,36047114201,16.6,65.6
1015,36047114202,23.0,79.8
1016,36047114400,7.8,77.5
1017,36047114600,11.7,40.3
1018,36047115000,12.9,100.0
1019,36047115200,13.8,74.4
1020,36047115600,11.0,63.7
1021,36047115800,12.1,67.7
1022,36047116000,10.1,0.0
1023,36047116200,14.4,0.0
1024,36047116400,8.9,71.2
1025,36047116600,15.9,38.9
1026,36047116800,14.0,100.0
1027,36047117000,7.7,100.0
1028,36047117201,12.4,48.9
1029,36047117202,18.9,77.0
1030,36047117400,8.0,63.8
1031,36047117601,8.7,87.0
1032,36047117602,9.0,66.4
1033,36047117800,7.5,100.0
1034,36047118201,18.0,51.9
1035,36047118202,8.7,81.2
1036,36047118400,20.0,33.3
1037,36047118600,12.9,100.0
1038,36047118800,12.8,100.0
1039,36047119000,14.6,67.9
1040,36047119200,14.1,32.3
1041,36047119400,12.4,38.3
1042,36047119600,13.2,62.1
1043,36047119800,13.1,100.0
1044,36047120000,6.8,18.5
1045,36047120200,14.4,54.4
1046,36047120800,16.2,56.3
1047,36047121000,8.7,69.9
1048,36047121400,2.4,79.7
1049,36047122000,21.0,77.2
1050,36047123700,21.2,74.2
1051,36047150200,57.9,100.0
1052,36047152200,60.3,41.2
1053,36061000201,16.6,100.0
1054,36061000202,34.0,100.0
1055,36061000600,17.6,79.7
1056,36061000700,89.7,60.6
1057,36061000800,19.1,24.8
1058,36061000900,89.7,91.1
1059,36061001001,63.4,100.0
1060,36061001002,10.1,100.0
1061,36061001200,46.2,87.5
1062,36061001300,89.2,100.0
1063,36061001402,37.2,12.7
1064,36061001501,65.3,100.0
1065,36061001502,89.7,67.2
1066,36061001600,38.6,100.0
1067,36061001800,37.4,77.8
1068,36061002000,6.7,76.0
1069,36061002100,91.9,95.9
1070,36061002201,30.8,100.0
1071,36061002400,8.5,100.0
1072,36061002500,11.1,69.7
1073,36061002601,32.5,6.7
1074,36061002602,65.8,91.7
1075,36061002700,41.9,100.0
1076,36061002800,44.5,35.4
1077,36061002900,30.4,100.0
1078,36061003001,78.1,100.0
1079,36061003002,56.4,100.0
1080,36061003100,80.1,100.0
1081,36061003300,87.1,100.0
1082,36061003400,66.8,42.6
1083,36061003601,38.1,0.0
1084,36061003602,63.4,100.0
1085,36061003700,82.2,58.3
1086,36061003900,84.0,69.8
1087,36061004000,76.7,100.0
1088,36061004100,52.2,81.0
1089,36061004200,81.1,100.0
1090,36061004300,73.9,100.0
1091,36061004400,79.5,100.0
1092,36061004500,59.7,100.0
1093,36061004700,86.6,79.3
1094,36061004800,83.0,100.0
1095,36061004900,79.0,100.0
1096,36061005000,87.3,100.0
1097,36061005200,91.9,90.1
1098,36061005400,84.9,85.1
1099,36061005501,88.9,100.0
1100,36061005502,74.1,60.7
1101,36061005600,78.4,100.0
1102,36061005700,89.4,77.0
1103,36061005800,91.4,68.6
1104,36061006000,88.0,55.5
1105,36061006100,88.7,85.5
1106,36061006200,64.2,100.0
1107,36061006300,87.8,73.9
1108,36061006500,82.0,100.0
1109,36061006600,59.0,100.0
1110,36061006900,84.6,100.0
1111,36061007000,84.8,100.0
1112,36061007100,80.9,100.0
1113,36061007200,81.8,100.0
1114,36061007300,91.4,100.0
1115,36061007400,89.7,100.0
1116,36061007500,83.0,100.0
1117,36061007700,83.1,65.6
1118,36061007800,84.2,100.0
1119,36061007900,81.1,100.0
1120,36061008000,86.8,100.0
1121,36061008100,83.6,100.0
1122,36061008300,62.0,100.0
1123,36061008400,85.2,100.0
1124,36061008601,88.8,100.0
1125,36061008603,86.3,75.4
1126,36061008700,88.1,100.0
1127,36061008800,87.5,63.2
1128,36061008900,71.2,65.1
1129,36061009000,81.2,44.3
1130,36061009100,83.8,100.0
1131,36061009300,59.7,100.0
1132,36061009500,86.2,84.7
1133,36061009800,76.2,100.0
1134,36061009900,79.9,70.5
1135,36061010000,87.0,100.0
1136,36061010100,74.9,100.0
1137,36061010200,69.7,100.0
1138,36061010300,85.9,100.0
1139,36061010400,81.3,37.5
1140,36061010601,78.8,100.0
1141,36061010602,85.3,73.5
1142,36061010800,87.5,100.0
1143,36061011000,82.7,76.9
1144,36061011100,70.2,100.0
1145,36061011201,73.3,100.0
1146,36061011203,87.1,100.0
1147,36061011401,83.5,0.0
1148,36061011402,86.8,100.0
1149,36061011500,69.8,28.8
1150,36061011600,82.0,100.0
1151,36061011700,83.4,19.7
1152,36061011800,82.9,100.0
1153,36061011900,34.1,0.0
1154,36061012000,79.1,100.0
1155,36061012100,64.4,29.7
1156,36061012200,85.3,100.0
1157,36061012400,84.3,100.0
1158,36061012600,69.9,100.0
1159,36061012700,76.0,100.0
1160,36061012800,79.7,78.7
1161,36061012900,78.0,77.3
1162,36061013000,85.0,0.0
1163,36061013200,74.3,65.4
1164,36061013300,74.6,100.0
1165,36061013400,81.6,100.0
1166,36061013500,61.2,20.2
1167,36061013600,76.9,70.4
1168,36061013800,83.1,84.0
1169,36061013900,72.6,100.0
1170,36061014000,85.6,83.0
1171,36061014200,83.2,91.5
1172,36061014401,85.8,100.0
1173,36061014402,88.7,92.6
1174,36061014500,82.4,50.6
1175,36061014601,84.7,100.0
1176,36061014602,85.3,100.0
1177,36061014700,92.2,89.7
1178,36061014801,85.9,58.9
1179,36061014802,84.8,100.0
1180,36061014900,83.9,69.1
1181,36061015001,85.3,100.0
1182,36061015002,90.6,68.8
1183,36061015100,59.8,41.4
1184,36061015200,67.3,96.3
1185,36061015300,84.8,80.0
1186,36061015400,75.9,0.0
1187,36061015500,85.3,75.8
1188,36061015601,73.7,100.0
1189,36061015602,38.7,100.0
1190,36061015700,88.9,81.5
1191,36061015801,97.0,100.0
1192,36061015802,74.7,70.8
1193,36061015900,85.2,100.0
1194,36061016001,90.0,100.0
1195,36061016002,80.3,75.6
1196,36061016100,83.8,69.7
1197,36061016200,31.4,22.8
1198,36061016300,79.1,100.0
1199,36061016400,27.2,87.3
1200,36061016500,81.8,100.0
1201,36061016600,35.4,85.3
1202,36061016700,87.5,100.0
1203,36061016800,24.2,58.6
1204,36061016900,82.8,100.0
1205,36061017000,28.6,79.7
1206,36061017100,81.2,100.0
1207,36061017200,31.6,100.0
1208,36061017300,78.0,100.0
1209,36061017401,30.1,88.5
1210,36061017402,44.3,100.0
1211,36061017500,82.6,62.0
1212,36061017700,71.7,100.0
1213,36061017800,42.7,60.5
1214,36061017900,75.7,100.0
1215,36061018000,22.9,68.0
1216,36061018100,68.4,100.0
1217,36061018200,30.0,47.2
1218,36061018300,75.6,100.0
1219,36061018400,25.7,21.8
1220,36061018500,87.7,100.0
1221,36061018600,10.8,40.3
1222,36061018700,83.6,100.0
1223,36061018800,37.2,100.0
1224,36061018900,35.8,28.8
1225,36061019000,57.7,94.4
1226,36061019100,65.6,100.0
1227,36061019200,13.4,100.0
1228,36061019300,47.2,100.0
1229,36061019400,19.2,32.7
1230,36061019500,68.2,100.0
1231,36061019600,16.6,40.4
1232,36061019701,68.2,100.0
1233,36061019702,58.2,100.0
1234,36061019800,50.3,65.0
1235,36061019900,77.0,100.0
1236,36061020000,43.8,39.5
1237,36061020101,94.8,100.0
1238,36061020102,51.6,77.5
1239,36061020300,76.0,100.0
1240,36061020500,90.7,100.0
1241,36061020600,33.3,23.7
1242,36061020701,82.5,100.0
1243,36061020800,59.7,80.3
1244,36061021000,27.6,63.1
1245,36061021100,68.5,38.6
1246,36061021200,51.7,100.0
1247,36061021303,36.9,73.0
1248,36061021400,48.0,100.0
1249,36061021500,30.3,91.6
1250,36061021600,53.4,100.0
1251,36061021800,43.7,100.0
1252,36061021900,16.5,73.7
1253,36061022000,47.6,100.0
1254,36061022102,63.4,100.0
1255,36061022200,51.9,32.5
1256,36061022301,31.7,71.6
1257,36061022302,33.9,57.7
1258,36061022400,25.0,69.0
1259,36061022500,39.1,79.7
1260,36061022600,41.0,100.0
1261,36061022700,45.3,83.3
1262,36061022900,29.4,27.1
1263,36061023000,22.9,68.8
1264,36061023100,36.1,10.9
1265,36061023200,26.5,95.2
1266,36061023300,46.0,18.1
1267,36061023400,39.3,100.0
1268,36061023501,42.7,43.8
1269,36061023502,33.4,10.0
1270,36061023600,25.7,37.1
1271,36061023700,31.8,69.9
1272,36061023801,70.4,86.9
1273,36061023802,48.6,47.1
1274,36061023900,31.2,100.0
1275,36061024100,34.9,26.9
1276,36061024200,20.0,48.3
1277,36061024301,27.2,34.1
1278,36061024302,9.3,79.1
1279,36061024500,26.5,68.3
1280,36061024900,35.2,100.0
1281,36061025100,25.3,75.6
1282,36061025300,29.1,47.5
1283,36061025500,45.8,70.9
1284,36061025700,63.8,89.7
1285,36061025900,57.9,90.6
1286,36061026100,16.0,73.2
1287,36061026300,27.5,57.0
1288,36061026500,48.3,76.2
1289,36061026700,41.3,42.0
1290,36061026900,19.8,87.7
1291,36061027100,44.3,35.4
1292,36061027300,74.0,66.2
1293,36061027500,74.7,74.2
1294,36061027700,24.7,0.0
1295,36061027900,32.3,75.8
1296,36061028100,75.7,68.1
1297,36061028300,36.8,58.9
1298,36061028500,31.3,74.6
1299,36061028700,41.8,55.9
1300,36061029100,22.8,70.8
1301,36061029300,18.6,66.5
1302,36061029500,49.5,90.8
1303,36061029900,19.5,50.4
1304,36061030300,50.7,58.6
1305,36061030700,65.4,57.3
1306,36061030900,19.7,38.8
1307,36061031703,82.4,81.9
1308,36061031704,90.2,65.3
1309,36081000100,78.5,87.2
1310,36081000200,23.9,80.9
1311,36081000400,22.0,33.3
1312,36081000600,25.2,28.6
1313,36081000700,72.1,84.1
1314,36081000800,21.3,54.7
1315,36081001000,21.8,63.5
1316,36081001200,20.8,39.7
1317,36081001400,20.6,32.7
1318,36081001600,25.5,0.0
1319,36081001800,24.3,60.6
1320,36081001900,86.6,97.0
1321,36081002000,29.5,50.0
1322,36081002200,33.3,100.0
1323,36081002400,25.2,40.0
1324,36081002500,6.5,64.3
1325,36081002600,37.1,0.0
1326,36081002800,13.9,82.5
1327,36081003000,28.9,100.0
1328,36081003100,31.7,100.0
1329,36081003200,21.9,18.9
1330,36081003300,56.7,76.3
1331,36081003400,19.3,5.6
1332,36081003600,26.5,21.3
1333,36081003800,20.8,91.1
1334,36081003900,32.1,0.0
1335,36081004001,17.8,28.7
1336,36081004002,26.5,8.0
1337,36081004200,23.8,54.5
1338,36081004300,11.8,84.9
1339,36081004401,27.6,41.6
1340,36081004500,50.6,69.0
1341,36081004700,30.1,100.0
1342,36081005100,40.6,50.0
1343,36081005200,25.8,37.9
1344,36081005300,61.1,100.0
1345,36081005400,21.4,32.9
1346,36081005700,48.4,0.0
1347,36081005800,26.0,78.7
1348,36081005900,51.8,66.4
1349,36081006100,60.5,83.8
1350,36081006201,27.2,100.0
1351,36081006202,26.2,100.0
1352,36081006300,62.4,32.3
1353,36081006501,60.8,0.0
1354,36081006502,57.9,54.1
1355,36081006900,55.4,46.9
1356,36081007100,64.6,33.3
1357,36081007300,63.1,100.0
1358,36081007500,65.8,41.9
1359,36081007900,45.9,100.0
1360,36081008100,47.6,100.0
1361,36081008300,37.5,100.0
1362,36081008600,25.3,27.8
1363,36081008700,16.4,72.3
1364,36081008800,30.7,65.4
1365,36081009100,39.3,100.0
1366,36081009400,28.0,13.3
1367,36081009500,55.2,68.4
1368,36081009600,31.4,100.0
1369,36081009700,62.5,75.7
1370,36081009800,17.7,42.9
1371,36081010000,18.7,27.7
1372,36081010100,48.3,42.4
1373,36081010200,22.2,50.8
1374,36081010300,55.0,36.1
1375,36081010400,19.4,29.2
1376,36081010500,40.1,41.8
1377,36081010600,19.8,61.7
1378,36081010800,16.7,69.6
1379,36081011000,18.7,47.2
1380,36081011100,58.2,22.2
1381,36081011200,18.3,24.1
1382,36081011300,49.2,55.6
1383,36081011400,5.5,0.0
1384,36081011500,54.1,39.6
1385,36081011600,25.4,100.0
1386,36081011700,47.8,91.1
1387,36081011800,20.3,31.4
1388,36081012000,25.2,40.9
1389,36081012100,52.8,87.0
1390,36081012200,19.5,66.2
1391,36081012301,50.1,15.6
1392,36081012400,17.7,47.9
1393,36081012500,45.1,86.0
1394,36081012601,21.8,58.9
1395,36081012602,27.4,11.3
1396,36081012800,39.7,53.7
1397,36081013000,42.8,36.5
1398,36081013200,25.8,100.0
1399,36081013400,42.0,100.0
1400,36081013500,35.8,57.7
1401,36081013600,45.9,53.7
1402,36081013700,43.7,67.4
1403,36081013800,40.4,74.2
1404,36081014000,42.7,100.0
1405,36081014100,41.8,0.0
1406,36081014201,22.9,0.0
1407,36081014202,22.7,0.0
1408,36081014300,49.7,100.0
1409,36081014400,24.3,32.4
1410,36081014500,44.7,42.2
1411,36081014700,46.3,49.4
1412,36081014800,23.0,0.0
1413,36081014900,57.1,0.0
1414,36081015000,21.5,63.0
1415,36081015200,23.6,86.0
1416,36081015300,50.2,100.0
1417,36081015400,26.5,34.8
1418,36081015500,55.6,59.3
1419,36081015600,24.4,61.5
1420,36081015700,43.3,100.0
1421,36081015801,17.8,28.6
1422,36081015802,20.7,22.6
1423,36081015900,51.6,51.4
1424,36081016100,40.6,23.1
1425,36081016300,13.3,48.4
1426,36081016400,17.2,69.0
1427,36081016600,14.3,64.3
1428,36081016800,15.6,53.7
1429,36081016900,48.9,100.0
1430,36081017000,18.5,30.2
1431,36081017200,25.3,70.8
1432,36081017400,20.4,81.4
1433,36081017600,24.2,51.4
1434,36081017800,17.1,44.4
1435,36081017900,34.1,0.0
1436,36081018000,17.7,65.8
1437,36081018101,43.0,47.1
1438,36081018102,48.6,0.0
1439,36081018200,12.3,63.9
1440,36081018300,53.7,0.0
1441,36081018401,22.1,34.8
1442,36081018402,18.2,80.0
1443,36081018501,32.9,43.9
1444,36081018502,49.0,57.4
1445,36081018600,16.3,87.0
1446,36081018700,45.8,72.8
1447,36081018800,13.1,32.5
1448,36081018900,41.0,100.0
1449,36081019000,18.1,56.8
1450,36081019200,24.5,100.0
1451,36081019400,20.0,52.9
1452,36081019600,27.8,42.3
1453,36081019800,20.2,77.6
1454,36081020200,26.2,87.6
1455,36081020400,15.9,100.0
1456,36081020500,14.8,81.0
1457,36081020600,10.5,0.0
1458,36081020800,19.2,32.8
1459,36081021200,9.2,40.4
1460,36081021400,29.0,52.3
1461,36081021600,55.0,31.9
1462,36081022001,45.0,62.5
1463,36081022002,40.3,64.7
1464,36081023000,30.2,73.7
1465,36081023200,35.5,46.1
1466,36081023500,19.2,53.6
1467,36081023600,23.4,35.4
1468,36081023800,16.0,100.0
1469,36081024000,22.6,59.1
1470,36081024300,23.7,41.6
1471,36081024500,31.5,70.0
1472,36081024700,26.3,42.9
1473,36081024900,32.8,11.9
1474,36081025100,35.2,73.4
1475,36081025301,44.7,47.4
1476,36081025302,27.4,7.6
1477,36081025400,13.5,75.9
1478,36081025500,42.4,0.0
1479,36081025700,34.2,51.5
1480,36081025800,15.2,68.6
1481,36081025900,23.6,51.7
1482,36081026000,10.4,70.4
1483,36081026100,21.1,21.8
1484,36081026200,16.7,0.0
1485,36081026300,34.6,33.2
1486,36081026400,15.1,24.1
1487,36081026500,36.2,32.1
1488,36081026600,8.7,32.0
1489,36081026700,31.1,15.6
1490,36081026901,22.0,52.0
1491,36081026902,33.2,28.3
1492,36081027000,24.0,54.8
1493,36081027100,22.9,62.3
1494,36081027300,10.7,37.1
1495,36081027400,23.9,100.0
1496,36081027500,11.4,0.0
1497,36081027600,14.8,25.0
1498,36081027700,18.2,38.1
1499,36081027800,14.7,0.0
1500,36081027900,27.9,80.6
1501,36081028000,28.6,100.0
1502,36081028100,34.0,82.7
1503,36081028200,17.8,100.0
1504,36081028300,40.3,100.0
1505,36081028400,20.6,39.5
1506,36081028500,42.2,83.5
1507,36081028700,36.4,60.5
1508,36081028800,16.9,73.1
1509,36081028900,38.3,24.7
1510,36081029100,34.2,28.3
1511,36081029300,27.2,46.2
1512,36081029400,22.3,94.7
1513,36081029500,43.6,44.4
1514,36081029700,29.3,38.5
1515,36081030600,25.8,76.7
1516,36081030902,21.7,100.0
1517,36081030903,29.6,49.5
1518,36081030904,27.6,50.0
1519,36081031700,35.4,14.5
1520,36081032000,19.9,75.3
1521,36081032700,17.6,62.3
1522,36081032800,27.9,65.5
1523,36081032900,15.7,83.3
1524,36081033000,20.7,56.1
1525,36081033401,22.7,77.6
1526,36081033402,22.1,57.4
1527,36081033700,23.1,32.4
1528,36081033900,20.5,6.5
1529,36081034700,15.5,27.5
1530,36081035100,28.0,26.7
1531,36081035200,21.4,78.2
1532,36081035300,11.8,21.1
1533,36081035700,13.1,56.4
1534,36081035800,29.5,62.4
1535,36081036100,17.3,36.1
1536,36081036300,14.1,13.7
1537,36081036500,6.6,58.0
1538,36081036600,27.2,43.1
1539,36081036700,25.7,54.7
1540,36081036800,26.3,77.9
1541,36081037100,23.0,100.0
1542,36081037300,18.4,80.7
1543,36081037500,14.5,50.9
1544,36081037600,22.9,40.8
1545,36081037700,5.4,56.3
1546,36081037900,7.1,58.5
1547,36081038100,9.8,52.2
1548,36081038400,21.0,100.0
1549,36081039400,19.9,74.7
1550,36081039800,42.1,70.2
1551,36081039900,9.9,45.3
1552,36081040100,13.3,64.2
1553,36081040200,25.8,100.0
1554,36081040300,7.6,62.5
1555,36081040400,18.7,47.9
1556,36081040500,5.4,42.0
1557,36081040700,5.0,67.4
1558,36081040900,4.1,11.7
1559,36081041100,9.5,40.4
1560,36081041300,4.3,78.7
1561,36081041400,16.0,63.9
1562,36081041500,12.0,100.0
1563,36081042400,37.8,100.0
1564,36081042700,11.4,65.0
1565,36081043200,33.2,100.0
1566,36081043400,20.7,87.7
1567,36081043701,19.7,53.7
1568,36081043702,21.5,19.5
1569,36081043900,6.6,75.6
1570,36081044000,16.6,67.1
1571,36081044301,12.4,100.0
1572,36081044302,22.0,62.5
1573,36081044400,21.5,23.5
1574,36081044601,23.8,59.0
1575,36081044602,31.5,63.4
1576,36081044800,35.2,25.7
1577,36081045000,34.9,100.0
1578,36081045200,39.0,33.3
1579,36081045400,37.8,22.4
1580,36081045500,26.2,67.8
1581,36081045600,43.0,35.0
1582,36081045700,34.5,0.0
1583,36081045800,58.1,52.6
1584,36081045900,30.0,62.1
1585,36081046000,27.9,85.4
1586,36081046100,12.9,20.3
1587,36081046200,26.8,39.8
1588,36081046300,15.9,40.8
1589,36081046400,48.4,14.3
1590,36081046500,18.6,60.6
1591,36081046600,43.0,58.0
1592,36081046700,19.3,58.6
1593,36081046800,32.0,0.0
1594,36081046900,23.1,35.0
1595,36081047000,26.1,49.5
1596,36081047100,25.0,74.1
1597,36081047200,52.1,64.3
1598,36081047300,42.3,0.0
1599,36081047500,35.5,45.7
1600,36081047600,57.3,63.0
1601,36081047800,44.9,0.0
1602,36081047900,23.8,36.5
1603,36081048000,26.2,100.0
1604,36081048100,19.0,45.5
1605,36081048200,25.1,14.9
1606,36081048300,37.2,100.0
1607,36081048400,25.4,73.4
1608,36081048500,29.8,12.7
1609,36081048900,27.4,80.2
1610,36081049200,28.5,16.0
1611,36081049301,30.0,46.6
1612,36081049302,23.2,64.2
1613,36081049500,25.2,59.7
1614,36081049600,25.2,100.0
1615,36081049700,26.6,50.0
1616,36081049900,30.8,51.9
1617,36081050000,19.3,88.5
1618,36081050202,15.2,88.9
1619,36081050400,21.2,47.1
1620,36081050500,38.2,100.0
1621,36081050600,20.8,100.0
1622,36081050700,33.0,10.5
1623,36081050800,18.6,52.5
1624,36081051000,27.9,85.3
1625,36081051100,33.0,30.3
1626,36081051200,25.8,68.5
1627,36081051300,24.8,53.8
1628,36081051500,31.3,79.6
1629,36081051600,32.2,0.0
1630,36081051700,27.1,26.8
1631,36081051800,24.4,100.0
1632,36081052000,23.9,100.0
1633,36081052100,32.1,84.9
1634,36081052200,22.6,100.0
1635,36081052400,21.0,76.1
1636,36081052500,25.4,32.6
1637,36081052600,24.8,58.5
1638,36081052800,22.3,28.0
1639,36081053000,25.9,9.1
1640,36081053100,24.0,20.0
1641,36081053200,31.7,0.0
1642,36081053401,28.6,100.0
1643,36081053500,12.1,0.0
1644,36081053601,19.9,64.4
1645,36081053800,22.0,55.1
1646,36081053900,33.3,31.3
1647,36081054000,19.8,79.1
1648,36081054200,18.7,100.0
1649,36081054500,18.9,72.3
1650,36081054700,26.7,43.7
1651,36081054800,35.9,0.0
1652,36081054900,30.4,27.3
1653,36081055100,33.7,79.5
1654,36081055200,32.8,45.4
1655,36081055300,34.5,49.4
1656,36081055400,24.1,37.7
1657,36081055500,23.2,22.7
1658,36081055600,26.3,46.9
1659,36081055700,27.3,26.1
1660,36081055800,26.9,0.0
1661,36081055900,36.8,59.5
1662,36081056000,21.5,85.7
1663,36081056200,27.3,23.8
1664,36081056400,17.6,0.0
1665,36081056500,23.1,100.0
1666,36081056600,20.4,37.9
1667,36081056700,18.6,100.0
1668,36081056800,25.4,50.4
1669,36081057700,27.1,75.3
1670,36081057900,36.8,44.2
1671,36081058000,33.3,0.0
1672,36081058100,32.6,56.3
1673,36081058200,24.2,0.0
1674,36081058300,25.2,14.6
1675,36081058500,37.8,64.8
1676,36081058700,28.0,43.8
1677,36081058900,30.7,0.0
1678,36081059100,30.8,100.0
1679,36081059200,29.8,70.4
1680,36081059300,29.1,78.7
1681,36081059400,45.2,79.2
1682,36081059500,32.3,44.3
1683,36081059600,40.4,100.0
1684,36081059800,33.7,26.5
1685,36081059900,30.6,100.0
1686,36081060100,18.2,72.1
1687,36081060300,32.8,42.9
1688,36081060600,29.2,40.6
1689,36081060800,28.8,0.0
1690,36081061000,32.8,75.0
1691,36081061200,36.6,0.0
1692,36081061301,29.5,80.0
1693,36081061400,37.7,55.6
1694,36081061601,31.9,53.5
1695,36081061602,25.5,100.0
1696,36081061800,38.5,100.0
1697,36081061900,33.5,100.0
1698,36081062100,27.9,39.8
1699,36081062300,27.6,33.3
1700,36081062500,22.5,0.0
1701,36081062600,22.6,72.9
1702,36081062700,15.4,46.7
1703,36081062900,25.7,73.4
1704,36081063000,28.8,100.0
1705,36081063200,26.1,69.3
1706,36081063301,23.1,90.9
1707,36081063302,28.0,100.0
1708,36081063500,28.0,20.0
1709,36081063700,24.8,14.3
1710,36081063800,29.2,66.9
1711,36081063900,37.7,63.8
1712,36081064101,40.5,77.8
1713,36081064500,52.2,93.0
1714,36081064600,29.4,87.7
1715,36081065000,29.4,100.0
1716,36081065400,22.2,34.0
1717,36081065600,26.0,100.0
1718,36081065702,33.3,26.1
1719,36081065703,38.1,82.3
1720,36081065900,35.7,25.0
1721,36081066000,21.1,60.0
1722,36081066100,33.2,100.0
1723,36081066300,44.1,17.4
1724,36081066400,24.1,41.4
1725,36081066501,37.3,57.0
1726,36081066701,26.0,90.4
1727,36081066900,33.5,36.4
1728,36081067100,39.7,97.5
1729,36081067700,39.4,55.3
1730,36081067900,27.6,100.0
1731,36081068000,25.8,19.7
1732,36081068200,27.1,0.0
1733,36081068300,33.9,38.2
1734,36081068700,42.3,70.0
1735,36081069000,22.9,56.3
1736,36081069300,52.1,77.3
1737,36081069400,30.9,70.8
1738,36081069500,45.1,100.0
1739,36081069701,56.4,43.7
1740,36081069702,59.9,53.0
1741,36081070300,39.4,100.0
1742,36081070700,59.7,85.5
1743,36081070900,57.3,73.3
1744,36081071100,59.6,69.1
1745,36081071303,70.5,77.3
1746,36081071304,55.3,61.1
1747,36081071305,68.8,100.0
1748,36081071306,59.1,84.2
1749,36081071701,50.7,88.5
1750,36081071702,57.7,44.0
1751,36081071900,40.3,100.0
1752,36081072100,43.5,84.3
1753,36081072300,73.0,60.9
1754,36081072900,53.2,100.0
1755,36081073100,58.3,53.7
1756,36081073700,72.5,84.2
1757,36081073900,70.0,100.0
1758,36081074100,69.7,53.4
1759,36081074300,54.4,87.6
1760,36081074500,37.1,70.8
1761,36081074700,47.3,32.1
1762,36081074900,87.2,36.4
1763,36081075701,70.1,100.0
1764,36081075702,67.5,84.1
1765,36081076901,64.0,59.7
1766,36081077300,63.5,100.0
1767,36081077500,53.0,0.0
1768,36081077902,62.6,95.6
1769,36081077903,40.3,62.8
1770,36081077904,40.0,63.2
1771,36081077905,55.8,60.0
1772,36081077906,42.1,80.9
1773,36081077907,46.2,79.1
1774,36081077908,29.0,69.0
1775,36081078800,18.4,100.0
1776,36081079000,25.5,16.7
1777,36081079200,25.7,29.7
1778,36081079701,36.5,95.0
1779,36081079702,19.2,17.1
1780,36081079900,20.3,73.5
1781,36081080301,16.7,0.0
1782,36081080302,30.8,31.7
1783,36081080900,43.5,100.0
1784,36081081400,21.1,38.2
1785,36081081800,18.2,32.3
1786,36081083700,21.6,41.0
1787,36081083800,23.9,49.4
1788,36081084000,20.3,48.4
1789,36081084500,17.2,100.0
1790,36081084601,24.8,44.8
1791,36081084602,16.7,0.0
1792,36081084900,11.5,64.4
1793,36081085300,16.7,58.2
1794,36081085500,15.7,33.8
1795,36081085700,19.2,64.0
1796,36081085900,19.5,45.9
1797,36081086100,21.0,75.0
1798,36081086300,17.6,44.7
1799,36081086400,21.9,41.0
1800,36081086500,17.1,0.0
1801,36081086900,10.3,31.1
1802,36081087100,23.6,64.5
1803,36081088400,22.7,55.7
1804,36081088901,25.3,85.8
1805,36081089200,32.6,0.0
1806,36081090700,9.4,100.0
1807,36081091601,50.4,100.0
1808,36081091900,14.2,29.8
1809,36081092200,66.1,79.4
1810,36081092500,14.3,26.2
1811,36081092800,64.0,69.7
1812,36081092900,20.7,0.0
1813,36081093401,51.1,0.0
1814,36081093402,42.4,57.7
1815,36081093800,25.5,100.0
1816,36081093900,27.0,33.7
1817,36081094201,21.9,100.0
1818,36081094202,31.0,74.5
1819,36081094203,25.3,39.9
1820,36081094500,29.4,45.4
1821,36081094700,20.1,84.5
1822,36081095400,25.4,81.8
1823,36081096400,29.7,51.5
1824,36081097202,11.7,68.1
1825,36081097203,15.2,60.1
1826,36081097204,12.2,55.3
1827,36081097300,33.9,100.0
1828,36081098100,37.6,100.0
1829,36081098700,38.2,61.0
1830,36081099100,51.4,45.4
1831,36081099200,19.8,69.7
1832,36081099701,57.6,100.0
1833,36081099703,55.1,50.0
1834,36081099704,55.8,89.3
1835,36081099705,49.6,100.0
1836,36081099801,24.2,69.5
1837,36081099802,44.0,44.3
1838,36081100801,29.1,56.0
1839,36081100802,31.7,48.7
1840,36081101001,20.8,71.9
1841,36081101002,40.7,55.4
1842,36081101700,35.0,53.0
1843,36081102900,32.8,37.1
1844,36081103201,10.8,31.9
1845,36081103202,28.9,84.7
1846,36081103300,33.3,76.3
1847,36081103900,33.5,58.4
1848,36081104700,23.6,21.6
1849,36081105900,29.4,36.0
1850,36081107201,29.0,38.9
1851,36081108500,40.2,62.2
1852,36081109300,42.2,100.0
1853,36081109700,44.8,72.7
1854,36081109900,31.1,60.8
1855,36081111300,45.1,29.7
1856,36081112300,56.4,86.8
1857,36081112900,53.3,51.2
1858,36081113300,50.4,75.9
1859,36081113900,37.6,64.5
1860,36081114100,44.1,45.1
1861,36081114700,35.3,100.0
1862,36081115100,39.8,0.0
1863,36081115500,20.7,71.4
1864,36081115700,24.8,35.4
1865,36081115900,19.7,46.5
1866,36081116100,25.0,26.5
1867,36081116300,14.5,26.2
1868,36081116700,17.7,51.8
1869,36081117100,27.3,0.0
1870,36081117500,30.6,100.0
1871,36081118100,43.1,56.3
1872,36081118500,21.3,40.9
1873,36081118700,26.8,27.6
1874,36081118900,28.7,0.0
1875,36081119100,14.7,55.8
1876,36081119300,36.0,60.5
1877,36081119500,29.4,58.7
1878,36081119900,20.4,11.3
1879,36081120100,14.4,100.0
1880,36081120500,16.3,30.6
1881,36081120700,29.1,65.1
1882,36081121500,38.3,56.0
1883,36081122300,44.1,100.0
1884,36081122701,32.5,61.5
1885,36081122702,19.3,90.5
1886,36081124100,43.6,43.5
1887,36081124700,43.2,40.0
1888,36081125700,29.8,19.6
1889,36081126700,39.1,65.7
1890,36081127700,59.7,20.6
1891,36081129102,50.1,61.1
1892,36081129103,53.4,100.0
1893,36081129104,49.0,57.3
1894,36081130100,38.5,55.3
1895,36081133300,44.8,91.2
1896,36081133900,59.8,100.0
1897,36081134100,42.3,30.3
1898,36081134700,48.4,68.9
1899,36081136700,35.9,100.0
1900,36081137700,36.8,45.5
1901,36081138501,38.4,29.0
1902,36081139900,51.1,100.0
1903,36081140300,38.3,100.0
1904,36081140901,40.4,53.3
1905,36081140902,38.0,54.1
1906,36081141700,33.8,20.2
1907,36081142900,30.7,40.8
1908,36081143500,47.5,73.1
1909,36081144100,53.2,0.0
1910,36081144700,31.9,100.0
1911,36081145101,36.2,50.0
1912,36081145102,36.0,43.8
1913,36081145900,30.6,100.0
1914,36081146300,33.4,41.5
1915,36081146700,43.7,0.0
1916,36081147100,50.1,43.3
1917,36081147900,51.6,100.0
1918,36081148300,58.5,28.7
1919,36081150701,52.8,70.3
1920,36081150702,43.1,100.0
1921,36081152901,45.6,59.2
1922,36081152902,47.5,70.0
1923,36081155102,46.5,61.8
1924,36081157101,37.4,46.4
1925,36081157102,35.8,48.8
1926,36081157901,44.2,15.5
1927,36081157902,40.9,46.5
1928,36081157903,39.0,44.3
1929,36081161700,40.0,34.3
1930,36081162100,33.7,55.2
1931,36085000300,55.7,45.0
1932,36085000600,35.3,100.0
1933,36085000700,33.0,68.3
1934,36085000800,30.0,84.8
1935,36085000900,42.6,14.6
1936,36085001100,34.2,56.7
1937,36085001700,47.0,16.1
1938,36085001800,42.8,100.0
1939,36085002001,40.0,100.0
1940,36085002002,44.5,93.4
1941,36085002100,32.9,50.7
1942,36085002700,14.5,70.3
1943,36085002900,12.9,36.1
1944,36085003300,41.2,61.5
1945,36085003600,40.1,64.4
1946,36085003900,39.4,52.2
1947,36085004000,21.3,36.1
1948,36085004700,48.1,100.0
1949,36085005000,40.3,36.8
1950,36085005900,51.8,69.0
1951,36085006400,28.5,63.8
1952,36085006700,55.6,50.6
1953,36085007000,25.3,56.8
1954,36085007400,34.5,33.8
1955,36085007500,28.0,24.5
1956,36085007700,22.6,70.1
1957,36085008100,26.5,20.0
1958,36085009601,34.5,67.0
1959,36085009602,39.9,46.2
1960,36085009700,36.0,90.8
1961,36085010500,36.1,83.6
1962,36085011201,29.1,44.7
1963,36085011202,23.8,55.9
1964,36085011401,20.5,52.0
1965,36085011402,30.0,76.5
1966,36085012100,52.4,64.9
1967,36085012200,36.5,80.9
1968,36085012500,28.8,67.8
1969,36085012804,31.2,58.9
1970,36085012805,22.7,30.4
1971,36085012806,15.0,0.0
1972,36085013201,41.4,100.0
1973,36085013203,46.6,77.4
1974,36085013204,32.1,41.9
1975,36085013301,6.4,80.0
1976,36085013302,18.5,91.2
1977,36085013400,29.7,100.0
1978,36085013800,35.1,100.0
1979,36085014100,37.7,14.5
1980,36085014604,32.7,43.2
1981,36085014605,36.6,100.0
1982,36085014606,44.2,61.8
1983,36085014607,33.9,100.0
1984,36085014608,35.9,73.0
1985,36085014700,43.3,70.7
1986,36085015100,39.0,56.4
1987,36085015601,40.5,100.0
1988,36085015602,39.9,41.8
1989,36085015603,31.7,43.1
1990,36085016901,34.1,0.0
1991,36085017005,38.9,64.4
1992,36085017007,31.2,36.2
1993,36085017008,39.6,41.2
1994,36085017009,33.3,91.0
1995,36085017010,32.2,74.7
1996,36085017011,34.9,57.0
1997,36085017012,34.5,53.1
1998,36085017300,32.3,80.6
1999,36085017600,44.1,100.0
2000,36085017700,46.8,100.0
2001,36085018100,41.3,22.4
2002,36085018701,32.8,88.9
2003,36085018702,35.5,100.0
2004,36085018901,26.7,100.0
2005,36085018902,48.2,33.7
2006,36085019700,39.4,100.0
2007,36085019800,33.0,100.0
2008,36085020100,32.9,76.5
2009,36085020700,12.1,46.2
2010,36085020801,28.3,14.7
2011,36085020803,42.1,71.4
2012,36085020804,32.2,76.0
2013,36085021300,32.7,62.2
2014,36085022300,24.2,38.3
2015,36085022600,39.4,51.7
2016,36085023100,23.2,71.0
2017,36085023900,18.2,27.1
2018,36085024401,36.3,100.0
2019,36085024402,47.1,100.0
2020,36085024700,23.2,78.0
2021,36085024800,32.0,31.9
2022,36085025100,43.6,74.0
2023,36085027301,37.3,100.0
2024,36085027302,47.9,37.6
2025,36085027702,36.4,76.9
2026,36085027704,30.4,25.2
2027,36085027705,34.8,85.4
2028,36085027706,40.1,37.6
2029,36085027900,35.5,47.2
2030,36085029102,29.3,87.0
2031,36085029103,33.4,34.3
2032,36085029104,30.9,27.3
2033,36085030301,29.6,100.0
2034,36085030302,30.1,83.7
2035,36085031901,16.7,0.0
2036,36085031902,27.2,32.4
2037,36085032300,19.5,100.0
