,GeoID,GHLTH,MHLTH,PHLTH,TotalPopulation
0,36005000100,30.3,19.3,14.0,11091.0
1,36005000200,25.4,13.9,13.4,4334.0
2,36005000400,19.6,12.4,10.8,5503.0
3,36005001600,31.1,16.0,16.8,5643.0
4,36005001900,26.2,16.6,13.9,1917.0
5,36005002000,40.5,20.5,21.4,8731.0
6,36005002300,42.2,20.6,22.4,4933.0
7,36005002500,36.9,18.8,18.6,5491.0
8,36005002701,40.5,21.2,21.7,3113.0
9,36005002702,40.2,21.2,20.8,4475.0
10,36005002800,19.6,12.6,11.5,5586.0
11,36005003100,27.6,16.2,14.2,1597.0
12,36005003300,41.5,21.5,21.8,3413.0
13,36005003500,36.0,18.8,18.4,3761.0
14,36005003800,29.2,17.2,15.7,1264.0
15,36005003900,36.2,18.4,18.4,6475.0
16,36005004001,26.8,13.7,14.3,1420.0
17,36005004100,39.6,19.9,20.9,6127.0
18,36005004200,28.9,15.8,15.7,7143.0
19,36005004300,39.9,20.0,20.7,5056.0
20,36005004400,41.6,20.3,22.9,4797.0
21,36005004600,38.2,18.6,20.6,1555.0
22,36005004800,31.4,17.3,15.9,3883.0
23,36005005001,35.5,19.2,18.5,4767.0
24,36005005002,35.7,18.8,18.0,5823.0
25,36005005100,40.8,21.1,21.8,5810.0
26,36005005200,32.1,17.4,16.9,2031.0
27,36005005300,41.9,23.7,22.9,4669.0
28,36005005400,35.4,19.3,18.0,5853.0
29,36005005600,32.6,16.9,17.0,2711.0
30,36005005902,33.1,16.8,18.3,2582.0
31,36005006000,33.1,16.8,17.1,1129.0
32,36005006100,23.6,12.0,13.8,3713.0
33,36005006200,40.4,20.2,21.1,6585.0
34,36005006300,28.4,15.8,15.1,5280.0
35,36005006400,31.0,16.4,16.4,3967.0
36,36005006500,35.1,19.0,18.4,5337.0
37,36005006700,36.9,19.2,18.8,6984.0
38,36005006800,26.8,15.3,14.3,2897.0
39,36005006900,30.5,17.6,15.9,7564.0
40,36005007000,29.4,16.5,15.4,4584.0
41,36005007100,25.7,14.7,13.8,1907.0
42,36005007200,28.6,15.9,15.3,5432.0
43,36005007300,42.7,21.3,22.3,3893.0
44,36005007400,29.2,15.3,16.1,3710.0
45,36005007500,32.3,17.1,17.1,4869.0
46,36005007600,30.5,16.9,16.1,5190.0
47,36005007700,35.4,18.5,18.1,1927.0
48,36005007800,29.9,16.7,15.9,6418.0
49,36005007900,39.7,19.8,20.6,6733.0
50,36005008300,35.6,18.5,18.1,6155.0
51,36005008400,20.3,12.8,11.0,2374.0
52,36005008500,31.8,17.2,16.5,5457.0
53,36005008600,38.0,19.0,20.1,4176.0
54,36005008700,37.3,18.8,19.4,5466.0
55,36005008900,35.7,17.1,18.6,3177.0
56,36005009000,36.4,19.1,19.4,3667.0
57,36005009200,26.7,15.4,14.3,5017.0
58,36005009300,34.3,19.1,17.3,6356.0
59,36005009600,28.9,15.1,15.7,2594.0
60,36005009800,22.3,12.9,12.2,5038.0
61,36005011502,35.9,19.4,18.6,4340.0
62,36005011700,35.2,18.8,18.7,1585.0
63,36005011800,14.1,14.2,9.9,5089.0
64,36005011900,37.3,19.1,19.2,5698.0
65,36005012101,29.2,16.7,14.9,3090.0
66,36005012102,39.3,20.7,20.4,1631.0
67,36005012300,29.4,16.6,14.9,4152.0
68,36005012500,30.8,17.7,16.0,3905.0
69,36005012701,31.2,16.3,16.6,2253.0
70,36005012901,37.1,19.5,19.4,4015.0
71,36005013000,17.4,11.5,10.8,1032.0
72,36005013100,33.3,18.7,17.3,5103.0
73,36005013200,16.0,11.4,10.0,5890.0
74,36005013300,32.2,17.2,16.8,6384.0
75,36005013500,31.9,17.7,16.8,3583.0
76,36005013800,19.8,14.0,13.0,3042.0
77,36005014100,31.4,18.3,16.5,3437.0
78,36005014300,40.8,19.1,22.7,1003.0
79,36005014400,34.6,18.0,18.8,5880.0
80,36005014500,41.1,22.2,22.2,5816.0
81,36005014701,46.2,24.3,25.4,6461.0
82,36005014702,35.1,19.5,18.6,5110.0
83,36005014900,33.9,18.1,18.0,4591.0
84,36005015100,30.3,18.1,16.1,5409.0
85,36005015200,22.1,13.6,13.3,2341.0
86,36005015300,31.0,17.8,16.5,4031.0
87,36005015500,40.0,19.2,20.9,3005.0
88,36005015700,31.5,18.1,16.6,3580.0
89,36005015800,19.7,14.0,12.2,1206.0
90,36005015900,44.8,20.1,23.3,2164.0
91,36005016000,17.7,13.2,12.0,3767.0
92,36005016100,41.3,20.8,22.1,4380.0
93,36005016200,23.8,13.9,15.1,1769.0
94,36005016400,17.5,12.5,11.5,1141.0
95,36005016500,34.3,20.8,18.7,1077.0
96,36005016600,20.0,13.3,12.4,2166.0
97,36005016700,33.1,19.7,17.5,2047.0
98,36005016900,34.8,20.2,18.4,1663.0
99,36005017300,39.9,19.9,21.1,5987.0
100,36005017500,36.2,19.1,19.0,6911.0
101,36005017701,35.5,18.7,19.1,4294.0
102,36005017702,31.9,17.6,16.8,4805.0
103,36005017901,35.3,18.6,18.1,4677.0
104,36005017902,30.9,17.9,16.1,3587.0
105,36005018101,31.3,18.8,16.3,3300.0
106,36005018102,34.2,18.4,18.1,5555.0
107,36005018301,27.0,13.8,14.6,4525.0
108,36005018302,28.9,17.0,15.2,3647.0
109,36005018400,18.5,13.5,12.1,3855.0
110,36005018500,32.1,19.5,17.1,7466.0
111,36005018900,34.2,18.7,17.7,7752.0
112,36005019300,34.0,18.5,18.1,5461.0
113,36005019400,21.1,13.8,12.3,1903.0
114,36005019500,33.1,17.8,17.3,7756.0
115,36005019700,34.5,18.6,17.7,7501.0
116,36005019900,30.2,17.3,15.8,8154.0
117,36005020000,28.3,16.3,15.2,4878.0
118,36005020100,33.3,18.5,17.3,4013.0
119,36005020200,27.1,15.9,14.7,2155.0
120,36005020400,25.5,15.5,13.7,2976.0
121,36005020501,37.7,20.0,20.4,6996.0
122,36005020502,36.3,17.1,19.2,1764.0
123,36005020601,24.2,13.7,13.3,3050.0
124,36005020900,32.0,17.6,17.0,4361.0
125,36005021001,22.8,14.1,12.8,8521.0
126,36005021002,23.2,14.2,13.2,6839.0
127,36005021100,35.0,19.3,18.2,5565.0
128,36005021200,20.2,13.1,11.5,5267.0
129,36005021301,32.1,17.2,16.8,1201.0
130,36005021302,35.1,18.5,18.5,5415.0
131,36005021501,29.2,17.7,15.1,3506.0
132,36005021502,33.3,18.9,17.2,6051.0
133,36005021601,29.3,17.1,15.6,4206.0
134,36005021602,23.5,14.4,13.1,5769.0
135,36005021700,30.8,17.9,16.6,5334.0
136,36005021800,30.0,17.1,15.7,6499.0
137,36005021900,32.0,17.3,16.6,1367.0
138,36005022000,29.8,17.9,15.0,1487.0
139,36005022101,31.7,17.9,15.9,3849.0
140,36005022102,36.6,19.3,18.8,5488.0
141,36005022200,26.9,15.7,14.2,3425.0
142,36005022300,37.0,19.0,19.3,5047.0
143,36005022401,24.9,15.0,13.9,2708.0
144,36005022403,21.6,13.9,12.2,3188.0
145,36005022404,19.6,13.7,11.4,4509.0
146,36005022500,32.7,18.4,16.9,7698.0
147,36005022701,30.8,17.9,16.2,5196.0
148,36005022702,33.4,17.9,17.4,1699.0
149,36005022703,28.1,15.7,14.6,1556.0
150,36005022800,21.8,14.5,12.3,6218.0
151,36005022901,34.2,18.9,17.8,5370.0
152,36005022902,34.9,19.3,18.0,3273.0
153,36005023000,26.4,16.4,14.7,2950.0
154,36005023100,41.5,21.1,21.7,1537.0
155,36005023200,25.1,15.6,14.2,2661.0
156,36005023301,31.8,17.2,16.6,4377.0
157,36005023302,34.5,18.7,17.6,3415.0
158,36005023501,35.4,19.0,18.2,3341.0
159,36005023502,34.9,16.2,18.0,4386.0
160,36005023600,26.7,16.0,14.7,1907.0
161,36005023702,35.7,19.2,18.2,1241.0
162,36005023703,35.2,19.2,17.9,5253.0
163,36005023704,43.4,22.7,22.7,3758.0
164,36005023800,22.3,14.9,12.5,2615.0
165,36005023900,34.8,19.2,17.7,8348.0
166,36005024000,28.4,16.7,15.2,3882.0
167,36005024100,29.8,17.0,15.4,6182.0
168,36005024300,34.3,18.6,18.0,5685.0
169,36005024400,18.5,13.5,11.8,2120.0
170,36005024501,39.7,20.1,20.8,4864.0
171,36005024502,36.2,19.3,18.5,3640.0
172,36005024600,20.5,14.0,12.5,2058.0
173,36005024700,28.9,17.0,15.4,1764.0
174,36005024800,18.6,12.0,11.8,3363.0
175,36005025000,15.6,11.6,10.8,2383.0
176,36005025100,32.9,18.0,17.1,6802.0
177,36005025200,21.1,14.8,13.4,2530.0
178,36005025300,31.1,17.6,15.8,6332.0
179,36005025400,19.5,13.9,13.0,1959.0
180,36005025500,32.4,17.4,16.6,6529.0
181,36005025600,25.6,15.2,14.9,1663.0
182,36005025700,22.5,13.8,11.9,1912.0
183,36005026100,16.7,9.7,10.0,1932.0
184,36005026300,38.5,17.3,20.9,6984.0
185,36005026400,19.9,14.1,12.4,4935.0
186,36005026500,30.3,16.8,15.2,6942.0
187,36005026601,21.2,13.5,13.5,2911.0
188,36005026602,21.7,13.7,13.3,5301.0
189,36005026701,27.7,15.8,14.4,4037.0
190,36005026702,31.4,17.3,16.3,7040.0
191,36005026900,26.2,14.7,13.8,3777.0
192,36005027300,28.5,15.4,15.0,7942.0
193,36005027401,16.8,13.0,11.7,4785.0
194,36005027402,18.0,13.1,12.5,3386.0
195,36005027700,29.6,16.5,15.8,5065.0
196,36005027900,22.2,13.2,12.6,6966.0
197,36005028100,19.2,11.1,12.2,3794.0
198,36005028300,32.3,17.2,17.4,3149.0
199,36005028500,16.6,12.6,10.7,3307.0
200,36005028600,14.4,11.8,9.9,1191.0
201,36005028700,19.4,12.5,11.3,3178.0
202,36005028800,20.7,14.1,13.6,3097.0
203,36005028900,24.3,14.3,13.6,4502.0
204,36005029301,12.8,8.4,9.6,1875.0
205,36005029302,14.5,10.0,10.5,5052.0
206,36005029500,12.7,11.1,8.8,4240.0
207,36005029600,12.8,13.7,7.7,2549.0
208,36005029700,12.5,9.0,9.3,3554.0
209,36005030000,18.0,12.5,11.3,5838.0
210,36005030100,19.2,9.4,13.1,1304.0
211,36005030200,22.7,12.7,13.1,8887.0
212,36005030701,10.8,9.0,8.4,5378.0
213,36005030900,16.5,8.3,11.7,3891.0
214,36005031000,22.1,11.7,13.5,4415.0
215,36005031200,15.1,10.6,9.8,1524.0
216,36005031400,16.8,10.9,10.6,1966.0
217,36005031600,19.4,13.2,11.9,1863.0
218,36005031800,20.4,12.4,12.7,1810.0
219,36005032300,13.8,10.1,10.0,4904.0
220,36005032400,39.8,20.4,22.3,2957.0
221,36005032600,20.8,13.0,12.7,3154.0
222,36005032800,30.1,17.8,17.0,3979.0
223,36005033000,26.0,16.4,14.8,5696.0
224,36005033201,25.2,14.2,14.5,4115.0
225,36005033202,26.5,13.8,14.6,4167.0
226,36005033400,24.6,16.1,14.3,1351.0
227,36005033500,13.4,12.4,9.6,2178.0
228,36005033600,27.7,16.1,15.2,6188.0
229,36005033700,12.8,10.4,9.2,2357.0
230,36005033800,24.9,16.1,13.3,3818.0
231,36005034000,24.5,15.2,13.3,4618.0
232,36005034200,22.4,14.7,12.4,1675.0
233,36005034300,17.4,11.1,11.1,1649.0
234,36005034400,22.0,13.8,12.4,1736.0
235,36005034500,17.6,11.8,11.5,3566.0
236,36005034800,24.7,14.9,13.7,6129.0
237,36005035000,18.5,13.1,10.6,1925.0
238,36005035100,13.1,14.0,8.7,3186.0
239,36005035600,19.8,13.4,11.6,2027.0
240,36005035800,22.2,14.3,12.7,7166.0
241,36005035900,38.5,19.4,20.1,2061.0
242,36005036000,22.0,13.1,12.8,2706.0
243,36005036100,37.9,18.5,19.8,6019.0
244,36005036300,38.9,20.4,20.1,7509.0
245,36005036400,20.7,13.8,11.8,2557.0
246,36005036501,33.0,19.2,17.4,3965.0
247,36005036502,30.9,17.8,15.7,2423.0
248,36005036700,32.5,19.0,16.6,2599.0
249,36005036800,24.2,15.9,13.6,2011.0
250,36005036901,39.4,19.3,21.0,2005.0
251,36005036902,41.6,22.2,22.1,2119.0
252,36005037000,27.8,16.5,15.5,2303.0
253,36005037100,37.0,17.9,19.4,4241.0
254,36005037200,25.1,15.6,13.9,2222.0
255,36005037300,32.7,18.5,17.1,5318.0
256,36005037400,35.3,18.5,19.1,3441.0
257,36005037504,39.4,20.0,21.1,3677.0
258,36005037600,24.1,15.2,13.2,2148.0
259,36005037800,25.7,16.4,14.1,3048.0
260,36005037900,36.8,21.4,19.7,5093.0
261,36005038000,31.9,17.3,18.0,4585.0
262,36005038100,32.8,17.7,16.8,6382.0
263,36005038200,27.2,17.2,15.1,2596.0
264,36005038301,29.9,17.4,15.4,4797.0
265,36005038302,43.5,23.6,23.0,6106.0
266,36005038500,36.2,20.0,18.7,4758.0
267,36005038600,24.6,16.4,13.9,7409.0
268,36005038700,29.1,18.8,15.7,3216.0
269,36005038800,24.3,15.5,13.6,2606.0
270,36005038900,28.5,20.3,15.5,5325.0
271,36005039000,26.4,17.3,14.3,2975.0
272,36005039100,33.0,19.0,17.5,6992.0
273,36005039200,22.0,15.1,12.0,1781.0
274,36005039300,35.6,19.4,19.0,8143.0
275,36005039400,29.2,16.9,16.3,4573.0
276,36005039500,32.5,17.9,17.0,4146.0
277,36005039600,26.3,16.5,14.4,3756.0
278,36005039700,15.3,21.4,9.3,3702.0
279,36005039800,19.0,13.8,11.1,3090.0
280,36005039901,36.8,20.0,19.1,5228.0
281,36005039902,35.7,19.4,18.5,5279.0
282,36005040100,36.1,19.1,18.6,4593.0
283,36005040302,33.0,17.7,16.9,4386.0
284,36005040303,30.0,16.8,15.7,4478.0
285,36005040304,33.7,18.3,17.4,3794.0
286,36005040400,20.4,13.6,11.5,3016.0
287,36005040501,32.4,18.1,16.5,4397.0
288,36005040502,32.2,18.2,16.9,6863.0
289,36005040600,24.0,16.1,13.5,3490.0
290,36005040701,30.1,17.4,15.9,3347.0
291,36005040702,30.2,17.2,16.0,6652.0
292,36005040800,27.3,17.4,14.7,4263.0
293,36005040900,22.6,14.0,13.8,3637.0
294,36005041100,29.0,16.9,15.6,2931.0
295,36005041300,23.9,15.1,13.1,7384.0
296,36005041400,25.9,16.9,14.6,5027.0
297,36005041500,26.1,15.9,14.2,5461.0
298,36005041800,24.9,16.9,14.2,3598.0
299,36005041900,25.4,15.6,13.7,6734.0
300,36005042000,30.4,17.8,16.8,3850.0
301,36005042100,25.8,15.7,13.7,5922.0
302,36005042200,21.9,14.5,12.6,3086.0
303,36005042300,27.1,16.6,14.4,4100.0
304,36005042400,21.6,12.8,12.3,2481.0
305,36005042500,25.8,16.1,13.8,6793.0
306,36005042600,19.0,13.0,11.0,6387.0
307,36005042800,20.2,13.4,11.7,2173.0
308,36005042901,28.5,17.0,15.1,3420.0
309,36005042902,28.2,16.9,15.2,3845.0
310,36005043000,25.6,15.5,14.5,2898.0
311,36005043100,29.8,16.5,15.9,9680.0
312,36005043400,22.5,15.2,12.8,3592.0
313,36005043600,19.8,14.2,11.8,2032.0
314,36005044200,25.1,16.0,14.3,3555.0
315,36005044400,20.1,13.2,11.6,3878.0
316,36005044800,20.1,13.5,11.8,2026.0
317,36005044901,15.2,13.1,11.0,1818.0
318,36005044902,15.2,13.7,10.6,1949.0
319,36005045101,12.8,12.0,9.3,1656.0
320,36005045102,15.1,12.3,10.4,1894.0
321,36005045600,20.6,13.8,12.2,2896.0
322,36005045800,39.9,22.0,21.9,6123.0
323,36005046000,30.7,17.0,16.9,2741.0
324,36005046201,23.2,12.5,13.6,26588.0
325,36005046202,25.6,15.0,14.4,8277.0
326,36005048400,19.5,13.3,11.2,3598.0
327,36005051600,15.6,11.5,11.3,4362.0
328,36047000100,10.6,9.4,8.4,4338.0
329,36047000200,30.8,17.0,15.3,1470.0
330,36047000301,9.1,9.2,7.6,4259.0
331,36047000501,9.1,11.5,7.2,4247.0
332,36047000502,7.4,8.8,6.3,2512.0
333,36047000700,7.6,9.5,6.3,3359.0
334,36047000900,6.3,9.2,5.1,4172.0
335,36047001300,12.1,10.7,9.0,2275.0
336,36047001500,13.7,12.5,8.8,3521.0
337,36047001800,23.3,13.8,11.3,2105.0
338,36047002000,34.7,17.6,17.4,1672.0
339,36047002100,6.2,8.8,5.2,3604.0
340,36047002200,27.8,14.4,15.5,4613.0
341,36047002300,36.3,19.6,20.6,4247.0
342,36047002901,34.8,19.8,19.8,3218.0
343,36047003000,12.1,10.6,8.8,1730.0
344,36047003100,12.4,10.2,8.1,2472.0
345,36047003300,9.0,10.6,6.5,2327.0
346,36047003400,15.8,12.2,11.1,3047.0
347,36047003500,11.9,11.2,8.1,1554.0
348,36047003600,13.8,11.6,10.1,3804.0
349,36047003800,14.1,11.4,10.4,1498.0
350,36047003900,9.0,9.9,6.7,2229.0
351,36047004100,10.3,10.0,7.6,3598.0
352,36047004300,8.7,10.2,6.4,3008.0
353,36047004400,10.8,9.5,8.8,2359.0
354,36047004500,7.3,9.2,6.3,3325.0
355,36047004600,12.5,10.6,9.6,1199.0
356,36047004700,9.2,9.4,6.7,1445.0
357,36047004900,9.8,9.3,7.3,2516.0
358,36047005000,9.1,9.1,7.6,2276.0
359,36047005100,8.5,9.7,6.5,2171.0
360,36047005201,20.6,10.3,14.9,1829.0
361,36047005202,13.9,11.4,10.8,2481.0
362,36047005300,13.4,12.2,9.1,1888.0
363,36047005400,13.3,11.0,10.0,3139.0
364,36047005601,11.9,10.7,9.4,2505.0
365,36047005602,12.7,11.7,9.7,1586.0
366,36047005800,14.4,12.8,10.4,3152.0
367,36047005900,13.0,12.6,8.5,1384.0
368,36047006000,13.3,11.9,9.2,2826.0
369,36047006200,13.1,11.4,9.4,2853.0
370,36047006300,8.7,10.4,6.9,1892.0
371,36047006400,14.6,12.1,10.4,3478.0
372,36047006500,8.0,9.7,6.6,5191.0
373,36047006600,13.7,12.3,9.9,3663.0
374,36047006700,8.2,9.7,6.7,3301.0
375,36047006800,21.1,15.0,13.4,4870.0
376,36047006900,7.3,9.2,5.8,3537.0
377,36047007000,13.1,10.1,9.4,2344.0
378,36047007100,25.1,15.3,14.7,4495.0
379,36047007200,26.3,15.2,14.1,1946.0
380,36047007400,31.9,16.5,16.6,5451.0
381,36047007500,8.3,9.8,6.6,4383.0
382,36047007600,29.5,15.6,15.4,4412.0
383,36047007700,9.8,10.2,7.5,3901.0
384,36047007800,29.8,15.6,15.2,5068.0
385,36047008000,20.8,11.9,11.0,4169.0
386,36047008200,24.3,13.9,13.1,4141.0
387,36047008400,25.5,15.0,13.4,3299.0
388,36047008500,40.7,21.0,22.6,6956.0
389,36047008800,17.3,11.9,9.9,3207.0
390,36047009000,24.1,14.7,12.6,2994.0
391,36047009200,26.7,15.4,14.1,5388.0
392,36047009400,27.0,15.9,14.4,5805.0
393,36047009600,32.0,17.2,16.9,6126.0
394,36047009800,34.9,18.4,17.6,7024.0
395,36047010000,29.1,15.7,14.9,6737.0
396,36047010100,18.9,13.1,10.7,4093.0
397,36047010200,24.8,14.5,12.8,5622.0
398,36047010400,29.3,15.6,15.4,5908.0
399,36047010600,29.2,15.4,15.2,5851.0
400,36047010800,31.9,17.3,16.6,5280.0
401,36047011000,27.9,16.4,14.9,2441.0
402,36047011200,29.6,17.1,17.4,6436.0
403,36047011400,29.2,17.1,17.6,3976.0
404,36047011600,29.5,15.7,15.9,4816.0
405,36047011700,12.8,11.4,8.3,2364.0
406,36047011800,27.3,15.2,14.1,2253.0
407,36047011900,12.3,12.4,8.2,1530.0
408,36047012000,26.7,14.6,13.9,1268.0
409,36047012100,12.3,12.2,8.1,1619.0
410,36047012200,31.6,16.9,16.7,5339.0
411,36047012600,21.4,14.5,13.0,2652.0
412,36047012700,25.5,15.8,14.5,3507.0
413,36047012801,29.0,16.2,17.1,2117.0
414,36047012901,9.9,10.9,7.1,2159.0
415,36047012902,8.7,10.4,6.5,1964.0
416,36047013000,19.5,14.2,12.6,4792.0
417,36047013100,10.5,11.1,7.4,3828.0
418,36047013200,24.9,15.8,15.5,2239.0
419,36047013300,7.8,9.5,6.2,3730.0
420,36047013400,14.9,12.1,10.4,3907.0
421,36047013500,7.6,9.6,6.0,3596.0
422,36047013600,12.9,11.5,9.3,3927.0
423,36047013700,11.1,10.7,8.0,3057.0
424,36047013800,15.6,12.7,10.8,3168.0
425,36047013900,9.7,10.5,7.2,3481.0
426,36047014000,15.9,12.3,11.4,1826.0
427,36047014100,9.5,10.8,6.9,3017.0
428,36047014200,13.6,12.0,9.7,3223.0
429,36047014300,11.3,11.4,7.4,3487.0
430,36047014500,13.3,12.3,8.3,4179.0
431,36047014700,12.9,12.1,8.4,2084.0
432,36047014800,15.6,11.6,11.6,1209.0
433,36047014900,9.5,10.9,7.0,4976.0
434,36047015000,15.4,11.3,11.3,1574.0
435,36047015100,7.9,9.4,6.4,3578.0
436,36047015200,15.8,11.7,11.1,2309.0
437,36047015300,8.5,9.5,6.8,3041.0
438,36047015500,8.3,9.5,6.8,3272.0
439,36047015700,7.0,8.7,6.1,4135.0
440,36047015900,8.1,9.3,6.8,5036.0
441,36047016000,14.1,12.1,9.7,4217.0
442,36047016100,10.0,11.1,7.3,3075.0
443,36047016200,14.4,12.0,10.7,2082.0
444,36047016300,10.2,10.3,7.4,2991.0
445,36047016500,7.9,8.7,6.7,5141.0
446,36047016600,12.3,10.7,9.7,2059.0
447,36047016700,7.3,9.0,6.2,4638.0
448,36047016800,14.2,11.2,10.7,1510.0
449,36047016900,11.0,10.2,7.8,4497.0
450,36047017000,17.1,12.1,11.5,3254.0
451,36047017100,8.6,9.4,7.1,3749.0
452,36047017200,16.0,11.7,10.8,2931.0
453,36047017400,16.1,12.0,11.2,1793.0
454,36047017600,19.2,13.2,12.4,2295.0
455,36047017800,20.4,13.0,12.5,2898.0
456,36047017900,18.6,12.2,11.4,3624.0
457,36047018000,19.5,13.6,12.2,3193.0
458,36047018100,9.6,10.4,6.8,3936.0
459,36047018200,20.8,13.5,12.6,3163.0
460,36047018300,8.3,10.3,6.2,2500.0
461,36047018400,17.2,12.0,11.6,2002.0
462,36047018501,34.6,19.9,19.7,3827.0
463,36047018600,19.2,13.0,12.4,2124.0
464,36047018700,11.4,11.9,7.6,1411.0
465,36047018800,17.6,12.6,11.6,2640.0
466,36047019000,20.4,13.6,12.5,4782.0
467,36047019100,11.8,12.2,7.8,2332.0
468,36047019200,23.4,15.9,14.1,2772.0
469,36047019300,16.9,15.2,10.8,5628.0
470,36047019400,26.2,15.0,15.0,3305.0
471,36047019500,9.8,9.8,7.1,3366.0
472,36047019600,24.1,14.8,14.8,4353.0
473,36047019700,9.9,9.8,7.1,3313.0
474,36047019800,16.4,12.7,11.6,1702.0
475,36047019900,11.2,11.0,7.6,2929.0
476,36047020000,20.7,14.6,13.4,2265.0
477,36047020100,9.3,10.6,6.7,3421.0
478,36047020200,14.8,11.5,10.6,1874.0
479,36047020300,12.8,11.7,8.1,1697.0
480,36047020400,14.9,11.7,11.0,1708.0
481,36047020500,9.2,10.7,6.7,2469.0
482,36047020600,15.4,12.1,10.9,2220.0
483,36047020700,9.3,9.8,6.8,4310.0
484,36047020800,17.8,12.2,11.4,3048.0
485,36047021000,23.9,14.8,14.5,3968.0
486,36047021100,18.2,12.4,10.8,1210.0
487,36047021200,28.5,16.3,16.2,4643.0
488,36047021300,18.0,13.5,11.2,4205.0
489,36047021400,25.5,17.9,15.6,2152.0
490,36047021500,13.8,12.2,9.2,5307.0
491,36047021600,24.3,18.5,16.3,4015.0
492,36047021700,16.4,13.0,10.2,3597.0
493,36047021800,25.5,19.5,16.9,3761.0
494,36047021900,16.4,13.4,10.1,3595.0
495,36047022000,32.9,23.5,21.6,4939.0
496,36047022100,18.5,14.1,11.0,3609.0
497,36047022200,26.0,19.6,17.4,4693.0
498,36047022400,23.0,17.5,14.5,5486.0
499,36047022600,25.6,16.1,13.7,2516.0
500,36047022700,13.1,11.2,8.4,3454.0
501,36047022800,25.2,17.4,15.1,3306.0
502,36047022900,12.5,11.8,8.1,3395.0
503,36047023000,27.0,20.1,17.1,4515.0
504,36047023100,11.9,11.6,7.8,3025.0
505,36047023200,26.9,20.2,17.8,5699.0
506,36047023300,18.4,14.5,11.1,5061.0
507,36047023400,28.2,21.9,19.5,5059.0
508,36047023500,16.9,16.7,10.2,3928.0
509,36047023600,28.3,21.9,19.3,5600.0
510,36047023800,23.9,18.5,16.7,4590.0
511,36047024000,26.3,19.2,17.7,4693.0
512,36047024100,21.2,16.1,12.5,2229.0
513,36047024200,21.1,18.1,14.1,2984.0
514,36047024300,17.7,13.3,10.7,3786.0
515,36047024400,21.4,16.7,14.2,3238.0
516,36047024500,15.6,12.5,9.7,3946.0
517,36047024600,20.0,14.1,12.9,3256.0
518,36047024700,24.4,16.5,14.6,2316.0
519,36047024800,20.4,13.9,12.6,2698.0
520,36047024900,14.4,11.9,9.1,3823.0
521,36047025000,24.2,13.6,13.8,1722.0
522,36047025100,21.8,15.1,12.5,3816.0
523,36047025200,19.1,12.9,12.1,4786.0
524,36047025300,20.4,14.9,12.4,2754.0
525,36047025400,22.7,13.9,13.8,3500.0
526,36047025500,36.4,19.5,20.2,5102.0
527,36047025600,26.2,14.6,16.0,3058.0
528,36047025700,19.9,13.9,11.1,2131.0
529,36047025800,21.6,14.3,13.5,4597.0
530,36047025901,19.1,14.9,10.7,2010.0
531,36047025902,43.9,23.3,24.7,3419.0
532,36047026000,20.3,13.2,12.3,3649.0
533,36047026100,20.2,14.9,12.0,4917.0
534,36047026200,19.0,12.5,11.9,2374.0
535,36047026300,19.9,14.0,11.9,1868.0
536,36047026400,21.8,14.5,13.2,4592.0
537,36047026500,19.4,13.9,11.3,3838.0
538,36047026600,24.8,15.3,15.2,3733.0
539,36047026700,17.2,11.9,10.6,3920.0
540,36047026800,20.0,13.8,12.8,4188.0
541,36047026900,18.0,13.1,11.0,2770.0
542,36047027000,19.3,13.4,13.4,2449.0
543,36047027100,17.9,12.8,10.9,2471.0
544,36047027200,19.9,13.4,12.5,3480.0
545,36047027300,18.8,13.7,11.4,2813.0
546,36047027400,19.6,13.4,12.5,3028.0
547,36047027500,17.0,12.6,10.4,4180.0
548,36047027600,25.3,15.7,15.3,3694.0
549,36047027700,22.1,15.5,13.0,3945.0
550,36047027800,16.4,12.4,10.8,3220.0
551,36047027900,18.8,13.3,11.1,3674.0
552,36047028000,18.4,12.9,11.8,1761.0
553,36047028100,27.7,17.4,15.8,4193.0
554,36047028200,17.6,12.5,11.7,2943.0
555,36047028300,27.9,16.9,15.5,4097.0
556,36047028400,18.2,13.4,11.9,4003.0
557,36047028502,35.5,18.5,19.8,2802.0
558,36047028600,20.3,13.4,14.0,4814.0
559,36047028700,22.3,14.7,12.7,2991.0
560,36047028800,22.9,14.2,14.1,3458.0
561,36047028900,23.7,15.2,13.5,3538.0
562,36047029000,18.0,13.2,12.6,3920.0
563,36047029100,18.0,12.6,10.8,3101.0
564,36047029200,19.8,13.6,12.9,2539.0
565,36047029300,23.3,14.6,14.0,3106.0
566,36047029400,26.9,14.0,17.5,2321.0
567,36047029500,15.9,12.0,9.8,3425.0
568,36047029600,16.9,12.7,11.8,5546.0
569,36047029700,16.7,12.6,10.5,3344.0
570,36047029800,17.8,12.9,11.5,3717.0
571,36047029900,22.9,16.1,12.9,2579.0
572,36047030000,21.7,13.8,13.5,4120.0
573,36047030100,21.8,15.3,12.9,2750.0
574,36047030200,18.4,12.2,11.7,4214.0
575,36047030300,25.5,17.2,14.4,4458.0
576,36047030400,20.6,12.7,13.3,4281.0
577,36047030500,12.0,11.8,7.7,5549.0
578,36047030600,20.5,13.5,12.8,2005.0
579,36047030700,36.0,20.4,20.8,4544.0
580,36047030800,18.9,13.0,13.0,1949.0
581,36047030900,27.0,17.0,15.3,1754.0
582,36047031100,23.3,16.0,13.7,2833.0
583,36047031300,19.8,13.3,12.0,4648.0
584,36047031400,17.6,11.8,12.2,4544.0
585,36047031500,16.1,12.3,10.0,5175.0
586,36047031701,14.8,12.0,9.2,3433.0
587,36047031702,12.6,11.1,8.1,3363.0
588,36047031900,17.8,13.0,11.2,3508.0
589,36047032100,19.7,13.2,11.8,5001.0
590,36047032300,18.7,13.0,11.3,3554.0
591,36047032500,22.8,15.1,13.5,6405.0
592,36047032600,30.8,17.4,17.8,6948.0
593,36047032700,18.3,12.9,11.2,2924.0
594,36047032800,25.1,14.2,14.3,3138.0
595,36047032900,24.5,15.9,15.0,5582.0
596,36047033000,29.3,17.5,17.6,4587.0
597,36047033100,18.6,15.5,12.3,4520.0
598,36047033300,19.1,16.2,12.8,4085.0
599,36047033500,16.1,14.3,10.8,3139.0
600,36047033600,16.2,12.9,11.9,4759.0
601,36047033700,17.4,14.1,11.0,4105.0
602,36047033900,23.9,14.5,14.1,4376.0
603,36047034000,35.6,14.9,22.7,2248.0
604,36047034100,20.3,13.2,12.3,2607.0
605,36047034200,36.2,17.9,22.6,6502.0
606,36047034300,30.9,18.1,17.9,5281.0
607,36047034500,21.6,14.8,13.1,2647.0
608,36047034700,22.1,14.8,13.0,3228.0
609,36047034800,27.5,17.3,15.6,2537.0
610,36047034900,24.2,16.1,14.2,5403.0
611,36047035000,16.7,12.3,13.0,3296.0
612,36047035100,23.2,15.6,14.0,4597.0
613,36047035200,41.5,13.9,27.2,1246.0
614,36047035300,23.2,15.7,13.6,5161.0
615,36047035400,15.5,10.5,12.2,6271.0
616,36047035500,22.7,15.6,13.7,5253.0
617,36047035601,16.7,11.2,13.4,2912.0
618,36047035602,14.3,10.3,11.6,5271.0
619,36047035700,27.8,18.5,16.0,2506.0
620,36047035900,29.1,19.1,16.6,5685.0
621,36047036001,21.2,12.3,16.0,3217.0
622,36047036002,23.3,12.0,17.5,3930.0
623,36047036100,29.2,17.0,16.7,2608.0
624,36047036200,22.4,14.5,13.8,4204.0
625,36047036300,27.1,16.9,15.4,4108.0
626,36047036400,17.3,12.4,11.8,2405.0
627,36047036501,30.3,17.4,17.5,2624.0
628,36047036502,30.3,17.0,16.7,1255.0
629,36047036600,22.7,13.9,14.5,4767.0
630,36047036700,23.2,14.3,12.9,1305.0
631,36047036900,26.2,16.7,14.8,4923.0
632,36047037000,16.1,12.3,11.7,4085.0
633,36047037100,19.0,14.2,11.3,4120.0
634,36047037300,22.0,14.4,13.1,3784.0
635,36047037401,15.3,12.0,11.5,4301.0
636,36047037402,19.9,13.1,14.5,4573.0
637,36047037500,20.8,14.7,12.0,2910.0
638,36047037700,21.5,14.6,12.9,3660.0
639,36047037900,22.0,15.4,13.0,3706.0
640,36047038100,21.7,14.4,12.8,4763.0
641,36047038200,35.0,18.7,19.7,5943.0
642,36047038300,19.2,13.4,11.6,3931.0
643,36047038500,16.3,11.6,9.9,3422.0
644,36047038600,17.2,12.8,11.4,3477.0
645,36047038700,19.9,13.7,11.7,4010.0
646,36047038800,16.6,13.3,12.0,3841.0
647,36047038900,16.9,12.5,9.5,2773.0
648,36047039000,17.3,14.5,12.6,2282.0
649,36047039100,18.4,12.6,10.1,2303.0
650,36047039200,15.5,13.3,11.2,2756.0
651,36047039300,19.0,13.2,10.6,3549.0
652,36047039400,20.8,16.1,14.3,2441.0
653,36047039500,24.1,14.2,13.4,3380.0
654,36047039600,14.6,13.5,10.9,2126.0
655,36047039700,23.2,15.2,13.4,3389.0
656,36047039800,21.5,14.2,13.3,2644.0
657,36047039900,21.0,13.5,11.8,3823.0
658,36047040000,18.9,12.7,12.1,3069.0
659,36047040100,20.4,14.3,11.6,3518.0
660,36047040200,20.6,13.1,12.7,2740.0
661,36047040300,21.4,14.6,12.4,3538.0
662,36047040400,19.4,13.2,12.3,2551.0
663,36047040500,18.2,12.9,10.5,1480.0
664,36047040600,22.5,14.5,13.9,3184.0
665,36047040800,16.5,11.9,10.2,3566.0
666,36047040900,25.0,15.5,13.6,3752.0
667,36047041000,21.5,14.1,14.8,1773.0
668,36047041100,23.2,14.0,13.0,3302.0
669,36047041200,16.8,12.4,11.4,2929.0
670,36047041300,22.8,13.7,12.7,3822.0
671,36047041401,20.3,16.5,14.4,1351.0
672,36047041402,17.8,13.4,13.4,1612.0
673,36047041500,21.4,13.7,11.8,4064.0
674,36047041600,16.9,15.1,12.2,2324.0
675,36047041700,30.9,15.5,16.6,3609.0
676,36047041800,22.4,15.2,15.5,2359.0
677,36047041900,24.7,14.4,13.3,3770.0
678,36047042000,15.9,13.9,11.4,1896.0
679,36047042100,24.9,14.9,13.0,3920.0
680,36047042200,17.1,14.0,11.8,3568.0
681,36047042300,20.0,12.9,10.7,4217.0
682,36047042400,20.3,14.3,13.0,3666.0
683,36047042500,15.5,12.6,8.7,3042.0
684,36047042600,19.4,13.2,12.4,4135.0
685,36047042700,20.8,14.9,11.2,5074.0
686,36047042800,15.6,11.4,11.2,3857.0
687,36047042900,24.7,15.2,13.1,5630.0
688,36047043000,24.0,15.1,15.6,3333.0
689,36047043100,21.5,14.1,11.5,5113.0
690,36047043200,19.1,13.0,11.8,4250.0
691,36047043300,30.3,15.7,15.7,4064.0
692,36047043400,20.4,13.7,13.5,3433.0
693,36047043500,23.2,13.9,12.3,4463.0
694,36047043600,19.5,13.8,12.6,4160.0
695,36047043700,21.3,13.8,11.7,5240.0
696,36047043800,20.0,15.3,14.2,2481.0
697,36047043900,28.1,15.1,14.8,3829.0
698,36047044000,17.3,14.4,12.3,2880.0
699,36047044100,22.7,13.5,12.1,5643.0
700,36047044200,14.1,13.0,10.7,2658.0
701,36047044300,19.9,12.9,10.8,5557.0
702,36047044400,19.3,15.4,13.4,3336.0
703,36047044500,21.8,14.1,11.7,4446.0
704,36047044600,21.7,14.8,13.6,1909.0
705,36047044700,22.9,17.1,12.7,2310.0
706,36047044800,16.8,12.8,12.5,1915.0
707,36047044900,33.8,18.6,19.7,2932.0
708,36047045200,11.8,11.8,9.5,2701.0
709,36047045300,26.5,18.5,14.6,2017.0
710,36047045400,17.4,14.2,12.5,1852.0
711,36047045600,20.6,14.9,14.5,2357.0
712,36047045800,13.4,11.7,10.6,1490.0
713,36047046000,18.5,13.5,12.7,3729.0
714,36047046201,20.9,14.0,14.7,2632.0
715,36047046202,18.1,15.4,13.1,1803.0
716,36047046400,20.0,17.8,14.1,2838.0
717,36047046800,20.8,18.0,14.8,2054.0
718,36047047000,19.0,16.8,13.9,2886.0
719,36047047200,23.8,18.3,17.0,3141.0
720,36047047400,23.7,18.5,17.2,2969.0
721,36047047600,22.6,17.2,15.8,3646.0
722,36047047700,7.8,10.7,5.9,3318.0
723,36047047800,22.3,17.1,13.8,4848.0
724,36047048000,24.4,17.3,15.4,3769.0
725,36047048100,13.4,12.2,8.6,2778.0
726,36047048200,18.5,13.2,12.4,5331.0
727,36047048400,20.3,15.7,13.6,5481.0
728,36047048500,11.9,14.2,7.6,2510.0
729,36047048600,24.4,15.1,13.5,3568.0
730,36047048800,19.3,13.9,12.6,4395.0
731,36047048900,37.2,18.4,20.2,4039.0
732,36047049000,15.3,12.6,10.8,5899.0
733,36047049100,25.0,13.5,13.9,6418.0
734,36047049200,20.4,14.3,12.9,3495.0
735,36047049300,28.8,17.2,16.1,7625.0
736,36047049400,16.0,11.9,11.1,5308.0
737,36047049500,10.9,12.3,7.5,2603.0
738,36047049600,17.6,12.8,10.8,4513.0
739,36047049700,9.4,12.2,7.2,2645.0
740,36047049800,13.1,10.5,8.8,4232.0
741,36047049900,9.4,11.3,7.3,1753.0
742,36047050000,10.6,10.1,7.9,3474.0
743,36047050100,11.6,12.2,8.3,2786.0
744,36047050202,9.7,9.5,7.7,2201.0
745,36047050300,10.2,11.8,7.3,2582.0
746,36047050400,11.7,10.7,8.5,4527.0
747,36047050500,22.4,14.0,12.7,4163.0
748,36047050600,22.5,14.5,12.7,6016.0
749,36047050700,25.3,20.9,15.0,2288.0
750,36047050801,24.4,15.7,14.3,4080.0
751,36047050803,21.0,15.3,12.5,2464.0
752,36047050804,20.0,13.8,11.6,6250.0
753,36047050900,28.1,25.1,17.8,3694.0
754,36047051001,22.5,15.4,13.2,3926.0
755,36047051002,21.9,14.6,12.8,4725.0
756,36047051100,21.8,13.8,12.6,3933.0
757,36047051200,20.3,14.0,12.2,6398.0
758,36047051300,13.1,12.4,8.3,4332.0
759,36047051400,21.3,14.2,12.4,7366.0
760,36047051500,7.3,9.9,5.6,1372.0
761,36047051601,20.2,14.3,11.8,5732.0
762,36047051602,19.9,13.6,12.0,4028.0
763,36047051700,8.2,10.8,6.4,1735.0
764,36047051800,16.4,12.0,10.5,3415.0
765,36047051900,7.4,10.2,5.6,3564.0
766,36047052000,18.6,12.8,11.2,4228.0
767,36047052300,17.8,13.0,10.2,5469.0
768,36047052500,27.1,17.9,16.4,3499.0
769,36047052600,14.4,11.7,9.6,4357.0
770,36047052700,20.8,13.7,11.4,6629.0
771,36047052800,15.4,11.4,10.5,1818.0
772,36047052900,29.7,24.6,19.0,3979.0
773,36047053000,22.8,16.5,14.9,3465.0
774,36047053100,23.7,24.2,15.6,7027.0
775,36047053200,16.7,12.2,11.4,2579.0
776,36047053300,28.7,23.6,19.4,6566.0
777,36047053400,23.6,15.9,15.5,4383.0
778,36047053500,30.8,24.6,20.1,4348.0
779,36047053700,28.6,23.7,19.3,3575.0
780,36047053800,15.8,12.2,11.6,4473.0
781,36047053900,38.5,23.4,25.4,2756.0
782,36047054200,17.4,13.7,12.6,4450.0
783,36047054400,19.4,14.8,13.6,3406.0
784,36047054500,36.2,21.9,22.4,8008.0
785,36047054600,16.5,13.1,12.4,4346.0
786,36047054700,22.8,19.0,14.4,5245.0
787,36047054800,14.2,12.2,11.0,1989.0
788,36047054900,11.2,13.2,7.6,3122.0
789,36047055000,14.2,12.2,10.6,3551.0
790,36047055100,12.8,11.3,8.0,4597.0
791,36047055200,14.9,12.3,10.8,3498.0
792,36047055300,8.9,10.6,6.5,2596.0
793,36047055400,17.4,14.0,12.4,4216.0
794,36047055500,7.2,10.4,5.5,1959.0
795,36047055600,16.6,13.8,12.1,3712.0
796,36047055700,9.6,12.2,7.2,1655.0
797,36047055800,14.8,12.0,10.8,2390.0
798,36047056000,15.2,12.3,11.5,3493.0
799,36047056100,9.7,11.4,7.6,3295.0
800,36047056200,13.2,11.6,10.2,1654.0
801,36047056300,13.8,12.7,9.2,4360.0
802,36047056400,13.9,11.6,10.6,2451.0
803,36047056500,10.4,11.5,7.8,3255.0
804,36047056600,13.7,10.7,10.0,2419.0
805,36047056800,14.8,11.4,10.7,1314.0
806,36047056900,9.5,11.8,7.3,1630.0
807,36047057000,15.0,9.9,11.0,3384.0
808,36047057100,11.5,12.5,8.7,4400.0
809,36047057200,28.2,17.3,17.2,5443.0
810,36047057300,10.0,12.2,7.9,2608.0
811,36047057400,16.5,11.4,11.1,2657.0
812,36047057500,11.3,11.7,8.3,4249.0
813,36047057600,18.6,12.3,11.9,2918.0
814,36047057800,21.4,14.8,14.1,3176.0
815,36047057900,19.6,15.1,12.0,1117.0
816,36047058000,18.9,13.2,12.2,3365.0
817,36047058200,19.3,13.9,12.6,2967.0
818,36047058400,17.1,13.0,12.0,3620.0
819,36047058600,18.7,11.7,11.2,2519.0
820,36047058800,13.1,10.8,9.8,3245.0
821,36047058900,10.2,12.0,8.0,1904.0
822,36047059000,19.5,13.3,12.1,1899.0
823,36047059100,9.7,11.5,7.6,3920.0
824,36047059200,16.9,12.3,11.9,3870.0
825,36047059300,11.1,12.6,8.2,2228.0
826,36047059401,17.3,12.5,11.9,7628.0
827,36047059402,14.0,10.9,10.5,4551.0
828,36047059600,14.9,10.9,11.5,2306.0
829,36047059800,16.0,13.3,11.6,3427.0
830,36047060000,13.1,11.2,10.0,6067.0
831,36047060600,15.9,11.6,11.5,2555.0
832,36047060800,15.7,12.8,11.8,3574.0
833,36047061002,11.8,10.2,9.8,4508.0
834,36047061003,24.2,15.7,14.2,1984.0
835,36047061004,20.5,13.3,15.3,6447.0
836,36047061200,12.7,11.0,10.2,1076.0
837,36047061600,14.5,9.8,11.2,1656.0
838,36047062000,11.2,9.8,9.3,1850.0
839,36047062200,16.5,12.1,12.1,3252.0
840,36047062600,16.9,12.2,11.7,2788.0
841,36047062800,15.1,13.0,11.5,5226.0
842,36047063200,16.0,11.1,11.9,1447.0
843,36047063600,14.9,11.7,11.1,1236.0
844,36047063800,13.6,11.0,10.4,1524.0
845,36047064000,10.9,10.3,8.7,1599.0
846,36047064200,15.0,12.6,11.3,2518.0
847,36047064400,13.2,12.1,9.7,2528.0
848,36047064600,12.6,11.9,9.5,2189.0
849,36047064800,12.9,11.6,9.3,1945.0
850,36047065000,15.9,11.7,10.4,1389.0
851,36047065200,11.7,10.3,9.0,1232.0
852,36047065400,13.1,11.6,10.1,1607.0
853,36047065600,13.3,11.9,10.3,1708.0
854,36047065800,11.7,10.4,9.3,1762.0
855,36047066000,12.8,10.9,9.9,1773.0
856,36047066200,15.5,11.7,11.1,1411.0
857,36047067000,16.6,12.3,10.7,2680.0
858,36047067200,19.2,13.7,11.6,1422.0
859,36047067400,18.8,13.6,11.9,1964.0
860,36047067600,17.4,12.3,11.0,1657.0
861,36047067800,17.0,12.6,10.8,2660.0
862,36047068000,19.3,13.6,12.1,1809.0
863,36047068200,15.7,12.0,10.0,2432.0
864,36047068600,14.9,11.1,10.7,1533.0
865,36047068800,15.9,11.6,10.7,1614.0
866,36047069000,16.9,12.1,10.8,1791.0
867,36047069200,14.4,11.4,9.3,2392.0
868,36047069601,14.5,11.7,10.3,3780.0
869,36047069602,16.4,13.4,11.8,5995.0
870,36047069800,16.9,12.5,12.1,1277.0
871,36047070000,13.5,11.6,10.6,1703.0
872,36047070201,12.2,10.7,9.6,6573.0
873,36047070600,12.7,11.2,10.0,2700.0
874,36047072000,16.6,13.1,10.3,2167.0
875,36047072200,18.4,12.4,11.3,2655.0
876,36047072400,18.0,12.5,11.2,1755.0
877,36047072600,17.3,12.2,10.5,2093.0
878,36047072800,17.2,11.7,10.9,3193.0
879,36047073000,15.0,10.9,9.7,1979.0
880,36047073200,17.9,12.7,11.1,2096.0
881,36047073400,15.1,11.2,9.4,1889.0
882,36047073600,18.0,13.1,11.2,3368.0
883,36047073800,21.1,14.7,13.3,3225.0
884,36047074000,16.4,12.4,10.1,3531.0
885,36047074200,19.3,14.6,12.3,3292.0
886,36047074400,11.6,12.5,9.0,2492.0
887,36047074600,14.2,12.1,9.9,2003.0
888,36047074800,14.5,12.7,10.5,2012.0
889,36047075000,12.9,12.8,9.7,3029.0
890,36047075200,11.0,10.5,9.0,1130.0
891,36047075400,11.6,11.8,9.5,1488.0
892,36047075600,11.2,11.2,8.8,1993.0
893,36047075800,14.9,12.0,11.5,1816.0
894,36047076000,15.1,12.5,11.5,2776.0
895,36047076200,19.0,13.7,12.9,4235.0
896,36047076400,18.8,13.3,11.7,3487.0
897,36047076600,19.7,13.7,12.0,2061.0
898,36047076800,17.3,14.0,12.4,3407.0
899,36047077000,20.6,13.8,12.4,2722.0
900,36047077200,16.1,12.6,10.8,3394.0
901,36047077400,15.4,12.8,10.0,2881.0
902,36047077600,18.0,12.1,11.4,3806.0
903,36047078000,16.9,12.0,10.6,2092.0
904,36047078200,19.4,13.5,11.7,3864.0
905,36047078400,18.7,12.6,11.6,2348.0
906,36047078600,21.7,14.1,12.9,4256.0
907,36047078800,26.2,16.3,15.6,3422.0
908,36047079000,22.5,14.9,13.4,5094.0
909,36047079200,19.9,14.3,11.9,4372.0
910,36047079400,24.8,15.5,14.2,1864.0
911,36047079601,17.5,13.4,10.8,4413.0
912,36047079602,18.3,13.1,11.1,4814.0
913,36047079801,13.7,10.9,9.0,3037.0
914,36047079802,17.1,13.0,10.5,5451.0
915,36047080000,16.1,11.4,10.2,3487.0
916,36047080200,18.6,12.9,11.4,4304.0
917,36047080400,19.1,13.9,11.5,3250.0
918,36047080600,18.0,14.3,11.4,3386.0
919,36047080800,41.6,15.3,24.0,1197.0
920,36047081000,20.1,13.7,12.2,2300.0
921,36047081400,23.5,14.5,14.0,2635.0
922,36047081600,24.5,15.4,14.6,2791.0
923,36047081800,17.4,13.1,10.5,4551.0
924,36047082000,25.6,16.3,14.9,5281.0
925,36047082200,22.5,14.1,13.3,7280.0
926,36047082400,20.2,14.1,11.9,4730.0
927,36047082600,18.9,12.8,11.3,5513.0
928,36047082800,22.1,14.7,13.2,3814.0
929,36047083000,21.0,14.5,12.3,5997.0
930,36047083200,19.6,12.9,12.0,2289.0
931,36047083400,21.5,13.4,13.1,1701.0
932,36047083600,19.9,13.0,12.1,1929.0
933,36047083800,17.2,11.7,10.5,2189.0
934,36047084000,19.4,12.5,11.9,2412.0
935,36047084600,18.2,12.0,11.2,1963.0
936,36047084800,18.5,12.1,11.2,1750.0
937,36047085000,18.9,12.7,11.8,1374.0
938,36047085400,20.8,13.7,12.5,2052.0
939,36047085600,20.4,14.0,12.2,3608.0
940,36047085800,19.3,13.3,11.8,2434.0
941,36047086000,19.4,13.0,11.5,3426.0
942,36047086200,22.8,14.8,13.5,2996.0
943,36047086400,19.5,13.3,11.9,2231.0
944,36047086600,22.0,13.7,12.9,3149.0
945,36047086800,23.2,15.0,13.8,3156.0
946,36047087000,25.2,15.5,15.1,3204.0
947,36047087200,22.5,13.8,13.5,2868.0
948,36047087401,23.6,13.8,14.1,3142.0
949,36047087600,21.3,14.3,13.2,1742.0
950,36047087800,24.5,14.4,14.5,3006.0
951,36047088000,19.5,12.7,12.1,2863.0
952,36047088200,23.6,15.0,13.8,6740.0
953,36047088400,22.6,15.5,13.2,5236.0
954,36047088600,25.5,16.1,14.9,4427.0
955,36047088800,20.6,13.8,12.2,3923.0
956,36047089000,26.1,15.8,15.0,6319.0
957,36047089200,31.9,19.6,18.6,3651.0
958,36047089400,26.0,16.6,15.1,3430.0
959,36047089600,27.3,17.5,15.6,3546.0
960,36047089800,21.7,14.8,12.7,2089.0
961,36047090000,29.5,18.8,16.9,5508.0
962,36047090200,31.1,18.7,17.6,3451.0
963,36047090600,37.2,22.1,21.4,4581.0
964,36047090800,43.7,24.6,24.7,3990.0
965,36047091000,45.3,22.4,25.7,5610.0
966,36047091200,36.7,21.4,20.7,6814.0
967,36047091600,30.9,19.3,17.7,4325.0
968,36047091800,30.7,17.2,17.7,2804.0
969,36047092000,30.6,19.1,17.5,3154.0
970,36047092200,27.2,15.2,16.2,2691.0
971,36047092400,30.2,18.9,17.6,2656.0
972,36047092800,19.2,12.9,11.4,2656.0
973,36047093000,19.4,12.5,11.9,2547.0
974,36047093200,18.5,11.4,11.2,1142.0
975,36047093400,17.7,11.4,11.0,2401.0
976,36047093600,18.6,11.8,11.1,1628.0
977,36047093800,18.0,12.6,10.8,2374.0
978,36047094401,18.8,12.7,11.5,3202.0
979,36047094402,35.9,21.3,21.4,2886.0
980,36047094600,17.9,11.9,11.3,1830.0
981,36047095000,18.1,13.4,11.2,2906.0
982,36047095400,19.4,13.4,11.7,4607.0
983,36047095600,21.9,15.0,13.1,4042.0
984,36047095800,17.3,12.8,10.6,3456.0
985,36047096200,17.4,13.3,10.6,1717.0
986,36047096400,16.0,12.7,10.1,2361.0
987,36047096600,20.6,14.1,12.7,2164.0
988,36047096800,17.4,12.7,10.8,1471.0
989,36047097000,18.9,13.6,11.6,2105.0
990,36047097400,26.1,15.4,15.3,2724.0
991,36047098200,38.2,21.9,22.2,4305.0
992,36047098400,16.7,12.4,10.3,1978.0
993,36047098600,19.4,13.5,11.7,2862.0
994,36047098800,18.2,11.5,11.1,3054.0
995,36047099000,17.6,12.7,10.9,1422.0
996,36047099200,17.9,13.0,11.0,1833.0
997,36047099400,17.8,13.4,11.0,1978.0
998,36047099600,18.5,13.2,11.3,3631.0
999,36047099800,15.2,11.9,9.7,3784.0
1000,36047100400,17.8,13.2,11.1,2567.0
1001,36047100600,17.9,13.3,11.2,2489.0
1002,36047100800,18.1,13.3,11.4,2124.0
1003,36047101000,16.7,12.8,10.5,2318.0
1004,36047101200,17.8,12.7,11.0,1932.0
1005,36047101400,16.8,12.1,10.4,2160.0
1006,36047101600,15.1,11.7,9.5,1464.0
1007,36047101800,16.9,12.0,10.5,1851.0
1008,36047102000,14.6,11.0,9.3,1922.0
1009,36047102200,17.0,12.5,10.6,2075.0
1010,36047102400,14.4,11.4,9.1,2123.0
1011,36047102600,16.9,12.7,10.4,2771.0
1012,36047102800,13.8,11.2,8.7,1579.0
1013,36047103400,29.2,18.2,17.5,3918.0
1014,36047105801,29.2,15.4,18.0,6928.0
1015,36047105804,26.1,14.3,16.3,6426.0
1016,36047107800,22.2,13.2,13.3,3849.0
1017,36047109800,23.0,16.5,13.1,1917.0
1018,36047110400,25.2,15.9,14.6,4358.0
1019,36047110600,37.4,21.5,21.2,4311.0
1020,36047111000,34.1,19.3,19.8,3216.0
1021,36047111600,26.8,15.4,15.4,3484.0
1022,36047111800,28.9,17.7,16.3,3053.0
1023,36047112000,27.4,15.7,15.6,3155.0
1024,36047112200,25.1,15.9,14.2,3371.0
1025,36047112400,25.0,16.5,14.5,3416.0
1026,36047112600,24.1,16.1,14.0,3783.0
1027,36047112800,24.9,15.8,14.3,3822.0
1028,36047113000,24.1,16.2,13.9,3891.0
1029,36047113200,20.0,13.8,11.9,1937.0
1030,36047113400,30.7,20.1,17.0,2838.0
1031,36047114201,27.7,14.4,15.1,1578.0
1032,36047114202,21.5,13.2,11.9,2766.0
1033,36047114400,28.1,17.6,15.7,2403.0
1034,36047114600,27.6,15.4,14.6,2998.0
1035,36047115000,28.8,17.1,15.6,2595.0
1036,36047115200,26.9,17.0,15.0,3094.0
1037,36047115600,34.1,19.9,18.8,4315.0
1038,36047115800,27.4,16.0,15.1,2983.0
1039,36047116000,27.2,16.6,15.4,2543.0
1040,36047116200,26.5,16.3,15.5,2157.0
1041,36047116400,26.1,15.7,14.6,2921.0
1042,36047116600,21.2,14.5,11.7,2907.0
1043,36047116800,22.9,15.0,12.5,2057.0
1044,36047117000,31.6,17.4,17.1,1880.0
1045,36047117201,24.3,14.3,13.2,2713.0
1046,36047117202,22.9,13.8,12.5,3907.0
1047,36047117400,23.9,14.2,12.9,4329.0
1048,36047117601,23.7,14.1,12.9,2750.0
1049,36047117602,27.0,15.5,14.6,3313.0
1050,36047117800,26.6,15.2,14.5,1717.0
1051,36047118201,20.9,13.4,11.6,3002.0
1052,36047118202,24.7,14.6,13.5,3083.0
1053,36047118400,23.9,13.9,13.0,5420.0
1054,36047118600,21.6,13.5,11.8,2969.0
1055,36047118800,24.2,15.0,13.3,4651.0
1056,36047119000,25.4,16.8,14.3,2127.0
1057,36047119200,24.7,14.8,13.5,3013.0
1058,36047119400,28.7,17.6,16.0,3914.0
1059,36047119600,23.8,15.4,13.5,5403.0
1060,36047119800,28.4,15.5,15.4,3426.0
1061,36047120000,30.3,17.2,16.8,2148.0
1062,36047120200,24.5,15.7,13.9,1900.0
1063,36047120800,23.9,14.9,13.9,8938.0
1064,36047121000,35.8,19.4,19.8,4035.0
1065,36047121400,38.9,21.8,21.9,4351.0
1066,36047122000,24.0,16.7,13.8,5495.0
1067,36047123700,25.9,22.8,15.5,6008.0
1068,36047150200,11.1,11.4,8.3,2540.0
1069,36047152200,13.9,10.9,9.5,3317.0
1070,36061000201,34.1,16.3,18.2,3058.0
1071,36061000202,29.4,14.5,17.3,7316.0
1072,36061000600,39.6,17.7,21.8,11367.0
1073,36061000700,6.2,11.5,4.9,8109.0
1074,36061000800,33.3,15.8,17.8,10290.0
1075,36061001001,13.7,10.0,10.1,1434.0
1076,36061001002,39.5,18.2,21.5,6547.0
1077,36061001200,21.0,12.6,13.2,3397.0
1078,36061001300,5.6,10.6,4.4,4479.0
1079,36061001401,12.1,9.6,9.2,3005.0
1080,36061001402,25.9,15.4,14.6,2782.0
1081,36061001501,13.4,11.1,9.5,5518.0
1082,36061001502,6.1,12.2,4.7,7476.0
1083,36061001600,25.4,13.6,14.1,8478.0
1084,36061001800,21.5,14.1,12.0,8660.0
1085,36061002000,43.7,19.8,24.1,4917.0
1086,36061002100,6.9,10.1,5.6,6040.0
1087,36061002201,25.5,15.0,14.6,6398.0
1088,36061002202,12.4,12.9,8.3,2189.0
1089,36061002400,41.6,20.1,23.3,5434.0
1090,36061002500,42.7,17.9,23.3,4869.0
1091,36061002601,25.7,17.1,14.9,3772.0
1092,36061002602,14.0,12.9,9.3,4227.0
1093,36061002700,23.2,11.6,13.4,1264.0
1094,36061002800,20.0,14.4,12.3,7114.0
1095,36061002900,28.1,13.6,14.9,6398.0
1096,36061003001,10.4,12.3,7.1,4492.0
1097,36061003002,18.0,14.2,11.6,3106.0
1098,36061003100,9.4,15.0,6.5,2550.0
1099,36061003200,11.9,12.3,8.7,8234.0
1100,36061003300,7.9,10.1,6.6,5156.0
1101,36061003400,14.1,15.4,9.7,6612.0
1102,36061003601,23.7,15.5,13.6,3393.0
1103,36061003602,14.7,14.7,9.8,3151.0
1104,36061003700,9.7,10.8,7.8,2447.0
1105,36061003800,11.6,13.5,8.2,9237.0
1106,36061003900,9.1,9.8,7.3,5860.0
1107,36061004000,8.9,13.4,6.8,8651.0
1108,36061004100,17.7,12.6,10.4,7817.0
1109,36061004200,8.9,15.1,6.5,5145.0
1110,36061004300,11.9,12.0,8.2,4270.0
1111,36061004400,9.5,11.0,7.5,16538.0
1112,36061004500,14.3,12.9,10.1,1136.0
1113,36061004700,8.4,10.2,6.9,2524.0
1114,36061004800,9.1,11.8,7.1,7229.0
1115,36061004900,9.9,11.4,8.0,4942.0
1116,36061005000,8.2,10.2,6.9,5055.0
1117,36061005200,8.3,11.9,6.7,3408.0
1118,36061005400,9.1,10.1,7.3,4536.0
1119,36061005501,8.9,9.8,7.3,4204.0
1120,36061005502,10.7,12.3,8.1,2257.0
1121,36061005600,10.8,12.0,7.9,3322.0
1122,36061005700,7.8,9.3,6.6,2781.0
1123,36061005800,6.4,10.4,5.0,3512.0
1124,36061005900,8.9,10.6,7.4,5401.0
1125,36061006000,9.1,8.7,7.6,4511.0
1126,36061006100,7.9,11.9,6.4,5224.0
1127,36061006200,16.1,14.2,10.3,4437.0
1128,36061006300,8.8,9.9,7.5,6380.0
1129,36061006400,8.7,11.1,7.0,8090.0
1130,36061006500,8.5,12.6,6.6,6202.0
1131,36061006600,13.4,13.1,9.1,11740.0
1132,36061006700,7.7,10.7,6.3,5461.0
1133,36061006800,8.5,12.4,6.6,7614.0
1134,36061006900,7.7,11.5,6.4,2759.0
1135,36061007000,7.5,10.6,6.0,8871.0
1136,36061007100,9.0,10.8,7.3,5429.0
1137,36061007200,8.3,12.6,6.5,8664.0
1138,36061007300,7.9,10.3,6.7,6215.0
1139,36061007400,7.1,11.4,5.7,4319.0
1140,36061007500,8.2,10.1,7.0,4159.0
1141,36061007600,9.3,11.5,6.5,2277.0
1142,36061007700,8.8,10.5,7.3,5966.0
1143,36061007800,7.8,10.3,6.2,8391.0
1144,36061007900,9.7,10.2,8.0,4442.0
1145,36061008000,8.2,9.8,6.8,5377.0
1146,36061008100,8.9,10.2,7.1,8047.0
1147,36061008200,9.0,10.0,7.3,3262.0
1148,36061008300,14.3,12.3,9.4,4092.0
1149,36061008400,7.8,10.8,5.6,1595.0
1150,36061008601,6.5,9.8,5.3,2618.0
1151,36061008603,9.8,8.3,8.4,4799.0
1152,36061008700,7.9,9.9,6.3,6338.0
1153,36061008800,8.6,9.6,6.9,7026.0
1154,36061008900,12.6,12.3,9.1,5708.0
1155,36061009000,9.6,10.8,7.4,7883.0
1156,36061009100,9.6,11.0,7.4,6304.0
1157,36061009200,7.6,10.1,5.9,1806.0
1158,36061009300,16.0,11.9,11.4,8780.0
1159,36061009500,8.1,13.9,6.3,3040.0
1160,36061009700,20.4,12.0,13.3,5224.0
1161,36061009800,9.7,10.9,7.7,7316.0
1162,36061009900,9.4,11.6,7.0,1945.0
1163,36061010000,8.7,9.7,6.8,1992.0
1164,36061010100,11.9,11.6,8.1,1116.0
1165,36061010300,8.1,11.0,6.1,2058.0
1166,36061010601,11.0,8.4,9.2,7351.0
1167,36061010602,8.1,9.6,6.7,4875.0
1168,36061010800,8.5,9.9,7.0,9039.0
1169,36061011000,8.5,10.3,7.0,7169.0
1170,36061011100,10.8,12.1,7.6,3512.0
1171,36061011203,9.1,9.3,7.6,1401.0
1172,36061011401,10.8,8.3,9.0,1412.0
1173,36061011402,9.4,8.8,8.0,2397.0
1174,36061011500,12.5,12.5,8.0,2303.0
1175,36061011600,8.2,10.5,6.5,3543.0
1176,36061011700,7.8,10.8,5.6,3364.0
1177,36061011800,9.3,10.2,7.8,8767.0
1178,36061011900,27.0,12.6,18.0,1120.0
1179,36061012000,11.3,9.0,9.3,3971.0
1180,36061012100,14.4,11.9,10.2,8554.0
1181,36061012200,9.8,7.9,8.4,3633.0
1182,36061012400,8.4,10.3,6.8,10218.0
1183,36061012500,9.6,11.1,6.6,2719.0
1184,36061012600,10.0,10.7,8.3,12774.0
1185,36061012700,11.2,11.1,7.9,6928.0
1186,36061012800,10.4,8.8,8.9,6270.0
1187,36061012900,10.5,11.5,7.5,6038.0
1188,36061013000,9.9,7.8,8.6,4195.0
1189,36061013100,12.0,11.2,8.5,2816.0
1190,36061013200,8.3,10.7,6.8,10590.0
1191,36061013300,11.3,12.3,7.8,6208.0
1192,36061013400,8.5,10.5,7.1,11174.0
1193,36061013500,16.2,12.5,10.4,6596.0
1194,36061013600,9.8,10.5,8.1,15344.0
1195,36061013700,9.3,9.5,7.6,6471.0
1196,36061013800,8.8,10.6,7.2,12444.0
1197,36061013900,10.5,10.8,8.1,9257.0
1198,36061014000,9.3,9.5,7.9,7813.0
1199,36061014200,10.2,8.4,8.8,4462.0
1200,36061014401,8.9,9.3,7.7,4864.0
1201,36061014402,8.2,9.7,7.0,6743.0
1202,36061014500,9.4,11.2,7.4,5542.0
1203,36061014601,7.4,10.9,5.9,4274.0
1204,36061014602,7.8,10.3,6.6,7904.0
1205,36061014700,6.6,9.7,5.1,2755.0
1206,36061014801,8.8,9.3,7.4,2863.0
1207,36061014802,9.5,10.5,7.7,7066.0
1208,36061014900,9.7,10.0,8.0,5842.0
1209,36061015001,9.8,8.9,8.5,2294.0
1210,36061015002,9.7,7.9,8.5,5437.0
1211,36061015100,16.8,13.3,10.8,8306.0
1212,36061015200,13.9,11.6,9.9,7275.0
1213,36061015300,8.3,9.4,7.0,9320.0
1214,36061015400,9.7,10.8,7.4,13749.0
1215,36061015500,9.2,8.8,7.8,9350.0
1216,36061015601,8.8,12.2,6.5,5345.0
1217,36061015602,20.5,14.7,12.5,2298.0
1218,36061015700,8.5,9.8,7.2,10751.0
1219,36061015801,7.5,9.4,6.6,5650.0
1220,36061015802,10.4,13.7,7.3,3346.0
1221,36061015900,10.0,9.8,8.3,9623.0
1222,36061016001,9.1,8.5,8.1,3744.0
1223,36061016002,9.0,10.2,6.9,3131.0
1224,36061016100,9.2,10.5,7.6,6437.0
1225,36061016200,28.1,15.8,16.1,9308.0
1226,36061016300,10.1,10.2,8.2,6624.0
1227,36061016400,30.5,17.6,17.0,6127.0
1228,36061016500,9.9,10.1,8.0,6402.0
1229,36061016600,27.0,17.5,15.1,7317.0
1230,36061016700,9.1,9.5,7.7,6564.0
1231,36061016800,37.2,17.3,21.8,5675.0
1232,36061016900,10.0,10.2,7.8,8108.0
1233,36061017000,26.6,13.9,14.6,7855.0
1234,36061017100,11.3,10.6,9.0,8989.0
1235,36061017200,27.8,16.6,15.2,5504.0
1236,36061017300,11.9,10.5,8.8,8939.0
1237,36061017401,36.1,18.8,20.9,5248.0
1238,36061017402,21.6,15.5,12.7,2093.0
1239,36061017500,10.2,9.4,8.4,10820.0
1240,36061017700,15.8,10.7,11.0,9151.0
1241,36061017800,22.9,15.4,12.9,3912.0
1242,36061017900,11.6,10.8,8.8,9293.0
1243,36061018000,34.8,19.4,18.9,7476.0
1244,36061018100,13.2,10.6,9.6,8866.0
1245,36061018200,30.2,17.2,16.6,6768.0
1246,36061018300,12.1,10.8,8.8,8667.0
1247,36061018400,33.8,18.5,18.6,7835.0
1248,36061018500,10.1,9.1,8.0,4190.0
1249,36061018600,31.7,18.7,17.7,5701.0
1250,36061018700,10.5,9.8,8.1,8974.0
1251,36061018800,27.8,16.6,14.9,6008.0
1252,36061018900,29.6,16.1,17.4,11547.0
1253,36061019000,19.2,13.6,11.9,3083.0
1254,36061019100,14.3,11.7,10.3,8807.0
1255,36061019200,41.4,21.3,23.3,3584.0
1256,36061019300,21.8,14.5,12.7,9009.0
1257,36061019400,35.5,19.4,19.5,6558.0
1258,36061019500,13.0,11.8,9.2,8197.0
1259,36061019600,38.3,18.1,21.4,3931.0
1260,36061019702,18.9,14.3,11.8,2090.0
1261,36061019800,21.1,13.1,12.7,1914.0
1262,36061019900,11.2,13.2,8.1,10064.0
1263,36061020000,17.7,13.5,10.9,2581.0
1264,36061020101,7.8,15.1,5.7,1731.0
1265,36061020102,17.6,14.4,10.8,3865.0
1266,36061020300,11.5,19.5,7.5,3633.0
1267,36061020500,9.4,14.5,7.2,5322.0
1268,36061020600,26.0,17.5,15.2,2942.0
1269,36061020701,10.9,14.8,7.9,3329.0
1270,36061020800,17.9,13.7,10.9,4591.0
1271,36061020901,28.8,16.2,16.2,3673.0
1272,36061021000,32.2,17.9,18.9,6637.0
1273,36061021100,14.5,12.3,9.5,10330.0
1274,36061021200,21.1,12.9,12.8,4412.0
1275,36061021303,26.8,17.1,15.3,5619.0
1276,36061021400,18.6,12.4,11.5,3001.0
1277,36061021500,24.1,16.4,13.9,3068.0
1278,36061021600,18.4,14.1,11.0,7556.0
1279,36061021800,23.1,15.5,13.7,6617.0
1280,36061021900,36.5,19.3,20.2,6023.0
1281,36061022000,17.6,14.4,10.7,5370.0
1282,36061022102,13.5,11.3,8.7,2175.0
1283,36061022200,20.6,15.3,12.4,2644.0
1284,36061022301,25.4,14.6,13.5,7917.0
1285,36061022302,28.9,15.7,16.3,3385.0
1286,36061022400,30.8,18.7,17.7,6427.0
1287,36061022500,24.6,14.5,13.5,10149.0
1288,36061022600,21.1,15.0,12.5,3778.0
1289,36061022700,23.3,15.6,13.6,4864.0
1290,36061022800,22.4,16.0,13.2,5248.0
1291,36061022900,27.8,16.2,15.1,8300.0
1292,36061023000,28.8,18.1,16.5,8106.0
1293,36061023100,23.7,15.5,13.6,5865.0
1294,36061023200,30.0,19.0,16.8,7980.0
1295,36061023300,22.6,15.0,12.8,6527.0
1296,36061023400,21.5,16.0,12.4,4465.0
1297,36061023501,22.9,14.8,13.3,6004.0
1298,36061023502,25.4,17.1,14.3,1819.0
1299,36061023600,24.3,14.5,14.6,6404.0
1300,36061023700,26.5,15.9,14.8,6811.0
1301,36061023801,12.4,10.4,8.6,9723.0
1302,36061023802,17.0,11.6,10.7,1938.0
1303,36061023900,29.5,16.5,16.3,2371.0
1304,36061024000,54.2,24.9,30.9,1648.0
1305,36061024100,24.9,13.6,14.1,7642.0
1306,36061024200,33.1,18.7,18.4,3396.0
1307,36061024301,27.1,16.4,14.8,3946.0
1308,36061024302,38.8,20.8,21.7,7370.0
1309,36061024500,28.0,15.2,14.8,14934.0
1310,36061024700,23.6,12.9,13.0,7074.0
1311,36061024900,23.0,13.8,12.7,1101.0
1312,36061025100,34.8,17.7,18.6,2526.0
1313,36061025300,29.8,16.0,15.9,11236.0
1314,36061025500,18.7,14.7,11.1,5771.0
1315,36061025700,14.3,12.1,9.1,3876.0
1316,36061025900,15.2,12.9,9.3,3496.0
1317,36061026100,30.7,15.3,15.9,12087.0
1318,36061026300,29.2,15.4,15.5,8729.0
1319,36061026500,18.6,12.3,10.8,7021.0
1320,36061026700,15.5,17.2,9.6,2173.0
1321,36061026900,31.9,16.4,16.6,8428.0
1322,36061027100,21.8,13.3,12.4,8196.0
1323,36061027300,11.6,10.6,8.5,6370.0
1324,36061027500,12.3,10.0,9.1,2846.0
1325,36061027700,35.6,16.1,19.3,7086.0
1326,36061027900,27.9,15.9,15.4,10292.0
1327,36061028100,11.3,9.9,8.6,2867.0
1328,36061028300,23.1,13.4,13.2,7627.0
1329,36061028500,27.0,14.3,14.4,7216.0
1330,36061028700,20.1,13.6,11.8,4035.0
1331,36061029100,30.3,15.6,16.0,11288.0
1332,36061029300,30.7,16.2,16.2,9033.0
1333,36061029500,18.6,12.9,11.1,6941.0
1334,36061029900,39.5,18.1,21.6,3834.0
1335,36061030300,19.9,13.9,12.3,3753.0
1336,36061030700,13.8,11.3,9.9,3434.0
1337,36061030900,30.4,16.5,16.6,8463.0
1338,36061031703,7.7,10.0,6.2,7709.0
1339,36061031704,7.9,9.2,6.3,5677.0
1340,36081000100,8.1,9.9,5.9,4949.0
1341,36081000200,23.0,13.3,13.0,2829.0
1342,36081000400,25.5,14.4,13.8,4413.0
1343,36081000600,23.6,14.1,12.9,3729.0
1344,36081000700,9.6,9.8,6.8,4790.0
1345,36081000800,21.6,12.8,11.9,3360.0
1346,36081001000,22.2,13.1,12.1,3502.0
1347,36081001200,20.2,12.5,11.7,3871.0
1348,36081001400,22.1,12.9,12.5,3683.0
1349,36081001600,21.0,12.4,11.6,2831.0
1350,36081001800,22.7,13.1,12.8,2931.0
1351,36081001900,9.0,9.4,6.5,1076.0
1352,36081002000,19.3,11.9,11.0,1797.0
1353,36081002200,21.0,12.5,12.1,2077.0
1354,36081002400,23.2,13.6,13.0,2145.0
1355,36081002500,39.6,20.0,22.1,7571.0
1356,36081002600,24.2,13.9,14.0,2055.0
1357,36081002800,24.9,14.8,14.0,3033.0
1358,36081003000,21.9,12.9,12.5,1399.0
1359,36081003100,18.9,12.7,11.0,1388.0
1360,36081003200,22.6,13.7,12.9,1504.0
1361,36081003300,15.5,11.5,9.1,2474.0
1362,36081003400,26.9,15.4,15.0,2201.0
1363,36081003600,19.6,12.6,11.1,3295.0
1364,36081003800,23.7,14.2,13.6,2287.0
1365,36081003900,24.9,15.5,13.7,1592.0
1366,36081004001,22.1,14.4,13.1,2134.0
1367,36081004002,23.4,14.9,13.7,1270.0
1368,36081004200,22.8,13.7,12.8,4120.0
1369,36081004300,33.1,17.5,19.3,2437.0
1370,36081004401,23.4,14.0,13.3,3500.0
1371,36081004500,15.9,9.9,10.9,2975.0
1372,36081004700,24.9,14.3,14.6,3984.0
1373,36081005100,20.9,14.4,12.3,2231.0
1374,36081005200,21.9,14.0,12.4,2751.0
1375,36081005300,12.5,11.1,8.4,5340.0
1376,36081005400,23.3,14.5,13.8,5257.0
1377,36081005500,19.0,13.1,10.9,1067.0
1378,36081005700,15.7,12.7,9.7,4321.0
1379,36081005800,19.7,12.8,12.2,5414.0
1380,36081005900,15.5,12.7,9.8,4169.0
1381,36081006100,12.9,12.0,8.6,5644.0
1382,36081006201,20.3,11.7,14.1,5128.0
1383,36081006202,22.0,14.2,14.3,6253.0
1384,36081006300,12.0,11.5,8.2,5949.0
1385,36081006501,13.8,12.3,9.2,3676.0
1386,36081006502,15.0,13.3,10.0,3853.0
1387,36081006900,16.3,11.8,10.3,4611.0
1388,36081007100,11.8,11.2,7.9,3963.0
1389,36081007300,11.7,11.0,8.1,4231.0
1390,36081007500,12.8,10.2,8.7,4116.0
1391,36081007700,15.1,12.3,9.4,1478.0
1392,36081007900,19.3,13.2,11.4,3493.0
1393,36081008100,15.2,12.2,8.8,1188.0
1394,36081008300,18.1,13.0,10.6,2950.0
1395,36081008500,26.0,17.1,14.9,1270.0
1396,36081008600,19.6,13.1,12.2,2811.0
1397,36081008700,38.1,20.4,21.2,4582.0
1398,36081008800,19.2,13.2,12.5,3095.0
1399,36081009100,16.7,13.1,10.7,2796.0
1400,36081009400,24.1,15.8,14.3,2834.0
1401,36081009500,13.3,11.9,9.3,2289.0
1402,36081009600,18.3,13.2,11.4,3135.0
1403,36081009700,11.0,11.1,8.1,3580.0
1404,36081009800,25.6,16.3,14.8,2688.0
1405,36081010000,21.1,14.6,12.8,3571.0
1406,36081010100,14.7,12.5,10.1,2552.0
1407,36081010200,24.5,15.1,14.4,2677.0
1408,36081010300,14.9,12.3,10.1,3934.0
1409,36081010400,22.2,15.2,13.3,3147.0
1410,36081010500,20.0,13.1,12.4,4244.0
1411,36081010600,26.2,16.4,15.2,3427.0
1412,36081010800,25.5,16.2,14.6,2980.0
1413,36081011000,23.6,15.5,13.7,3075.0
1414,36081011100,14.7,11.6,9.8,3050.0
1415,36081011200,24.1,14.8,13.9,2358.0
1416,36081011300,14.4,12.3,9.5,4234.0
1417,36081011400,30.4,17.4,16.8,1330.0
1418,36081011500,11.9,11.6,8.2,2325.0
1419,36081011600,23.1,15.0,13.3,2178.0
1420,36081011700,14.2,12.9,9.8,3848.0
1421,36081011800,23.6,15.0,13.4,2628.0
1422,36081011900,14.5,13.0,9.8,1701.0
1423,36081012000,23.1,14.4,13.0,2487.0
1424,36081012100,12.2,11.5,8.7,2064.0
1425,36081012200,25.4,14.7,14.2,2971.0
1426,36081012301,13.8,12.2,9.7,2910.0
1427,36081012400,21.6,13.4,11.9,2914.0
1428,36081012500,13.8,12.4,9.2,1662.0
1429,36081012601,22.2,13.6,12.4,2413.0
1430,36081012602,24.0,14.2,13.4,2578.0
1431,36081012800,18.8,12.7,11.8,2030.0
1432,36081013000,17.3,12.2,11.1,1745.0
1433,36081013200,22.7,14.7,13.8,1772.0
1434,36081013400,16.0,11.9,10.9,5474.0
1435,36081013500,16.5,11.9,11.8,1411.0
1436,36081013600,15.0,11.4,10.1,1972.0
1437,36081013700,12.3,12.1,8.8,1579.0
1438,36081013800,17.0,11.8,10.8,3604.0
1439,36081014000,14.6,12.1,9.8,3705.0
1440,36081014100,17.3,14.6,11.1,1621.0
1441,36081014201,22.9,14.4,12.7,4348.0
1442,36081014202,25.6,13.8,14.4,2838.0
1443,36081014300,15.1,12.7,9.9,4065.0
1444,36081014400,25.8,15.0,14.5,2109.0
1445,36081014500,16.9,13.7,11.3,2246.0
1446,36081014700,14.0,12.6,9.5,3054.0
1447,36081014800,22.5,14.1,12.6,2265.0
1448,36081014900,12.9,11.6,8.5,2674.0
1449,36081015000,22.8,13.9,12.8,2458.0
1450,36081015100,13.3,11.8,9.0,2794.0
1451,36081015200,25.3,16.2,14.6,2721.0
1452,36081015300,14.3,12.3,9.4,2145.0
1453,36081015400,22.4,14.4,13.0,2333.0
1454,36081015500,13.0,11.9,8.5,2251.0
1455,36081015600,21.0,14.4,12.4,3218.0
1456,36081015700,16.6,12.3,9.7,1543.0
1457,36081015801,24.6,16.0,14.5,3737.0
1458,36081015802,22.7,15.0,13.4,4398.0
1459,36081015900,17.0,13.7,11.2,4136.0
1460,36081016100,16.6,12.2,9.6,2377.0
1461,36081016300,32.3,16.8,18.2,4382.0
1462,36081016400,23.8,15.8,14.0,3313.0
1463,36081016600,23.8,15.5,14.2,3278.0
1464,36081016800,22.6,14.8,13.2,2684.0
1465,36081016900,17.1,12.0,11.0,5539.0
1466,36081017000,24.1,16.1,13.9,2600.0
1467,36081017200,21.5,14.7,12.9,2101.0
1468,36081017400,22.3,14.5,12.9,2244.0
1469,36081017600,23.1,15.0,13.6,2143.0
1470,36081017800,22.3,14.9,13.0,1925.0
1471,36081017900,22.0,13.3,12.9,1054.0
1472,36081018000,28.0,16.9,15.8,1090.0
1473,36081018101,17.7,12.3,10.7,4090.0
1474,36081018102,14.3,11.3,9.5,3928.0
1475,36081018200,26.0,16.2,14.7,2267.0
1476,36081018300,15.5,11.1,9.8,6031.0
1477,36081018401,23.9,15.2,13.7,2054.0
1478,36081018402,22.9,14.5,13.3,2223.0
1479,36081018501,19.5,13.1,12.0,3611.0
1480,36081018502,15.9,11.7,9.9,3633.0
1481,36081018600,27.9,16.4,15.8,1623.0
1482,36081018700,17.5,11.7,10.5,3088.0
1483,36081018800,28.3,16.9,16.4,1236.0
1484,36081018900,18.9,11.7,11.2,3492.0
1485,36081019000,22.0,14.3,12.7,1969.0
1486,36081019200,21.6,13.6,12.5,1914.0
1487,36081019400,21.7,13.8,12.8,2628.0
1488,36081019600,21.9,14.5,12.6,2643.0
1489,36081019800,24.0,15.9,13.5,2930.0
1490,36081019900,33.2,18.3,17.9,1028.0
1491,36081020200,19.5,13.4,11.2,1387.0
1492,36081020400,28.0,16.6,15.3,2098.0
1493,36081020500,22.8,12.9,12.4,1202.0
1494,36081020600,27.9,17.1,15.4,1712.0
1495,36081020800,24.1,14.6,13.4,2539.0
1496,36081021200,34.7,18.3,18.4,2754.0
1497,36081021400,23.4,14.0,13.5,6194.0
1498,36081021600,15.5,10.7,10.1,4016.0
1499,36081022001,15.5,11.5,10.0,6074.0
1500,36081022002,19.0,12.3,11.7,5569.0
1501,36081023000,19.5,12.2,11.7,1795.0
1502,36081023200,19.0,11.9,11.4,5090.0
1503,36081023500,23.5,13.3,12.1,8278.0
1504,36081023600,23.4,12.9,12.7,2638.0
1505,36081023800,25.5,14.6,13.6,5101.0
1506,36081024000,30.7,16.0,16.5,5464.0
1507,36081024300,19.0,11.8,11.0,5440.0
1508,36081024500,18.7,11.3,11.7,4942.0
1509,36081024700,20.4,12.2,11.1,1509.0
1510,36081024900,21.1,12.8,12.3,5546.0
1511,36081025100,16.7,10.6,10.1,5720.0
1512,36081025301,17.1,11.8,10.2,4591.0
1513,36081025302,20.9,13.1,11.5,2876.0
1514,36081025400,30.7,17.7,17.4,8207.0
1515,36081025500,16.7,11.0,9.7,1507.0
1516,36081025700,19.0,11.8,10.8,1542.0
1517,36081025800,26.2,16.6,14.8,1978.0
1518,36081025900,19.8,12.2,10.8,3516.0
1519,36081026000,24.6,16.5,13.6,2339.0
1520,36081026100,22.4,12.9,11.8,7414.0
1521,36081026200,20.7,13.9,11.9,1465.0
1522,36081026300,17.8,11.1,9.9,6220.0
1523,36081026400,28.4,16.1,16.2,2257.0
1524,36081026500,18.5,11.2,9.9,4494.0
1525,36081026600,33.6,15.3,19.0,1755.0
1526,36081026700,20.3,11.6,10.9,6002.0
1527,36081026901,21.4,12.0,11.1,5304.0
1528,36081026902,21.1,11.7,11.5,4444.0
1529,36081027000,23.1,14.9,13.2,1647.0
1530,36081027100,24.0,12.6,12.5,8726.0
1531,36081027200,23.3,15.2,13.2,1846.0
1532,36081027300,28.6,14.5,14.2,8631.0
1533,36081027400,21.7,13.6,12.6,1735.0
1534,36081027500,28.2,14.0,14.4,6887.0
1535,36081027600,24.0,15.3,13.9,1165.0
1536,36081027700,25.0,13.3,13.2,8757.0
1537,36081027800,30.0,17.4,17.2,2256.0
1538,36081027900,25.2,12.7,13.8,6317.0
1539,36081028000,18.8,13.0,11.2,1551.0
1540,36081028100,19.3,11.1,11.5,5722.0
1541,36081028200,21.7,14.0,12.7,1545.0
1542,36081028300,19.0,11.0,11.0,7415.0
1543,36081028400,20.8,13.8,12.3,3438.0
1544,36081028500,21.4,11.7,13.1,4729.0
1545,36081028700,19.4,11.5,11.7,6232.0
1546,36081028800,22.9,14.7,13.1,4230.0
1547,36081028900,21.2,11.9,12.5,5176.0
1548,36081029100,19.8,11.1,11.0,7039.0
1549,36081029300,17.7,11.1,9.8,1351.0
1550,36081029400,21.7,13.9,12.8,6664.0
1551,36081029500,16.0,11.0,10.3,3670.0
1552,36081029700,17.8,12.1,10.8,2162.0
1553,36081030600,21.9,14.3,12.9,4213.0
1554,36081030902,23.0,13.1,13.2,7992.0
1555,36081030903,19.4,11.2,10.8,6743.0
1556,36081030904,22.3,12.4,12.9,3712.0
1557,36081031700,16.8,12.6,11.5,6151.0
1558,36081032000,22.4,15.1,12.8,4645.0
1559,36081032700,25.7,13.8,13.6,4255.0
1560,36081032800,18.0,12.7,10.7,2409.0
1561,36081032900,22.5,12.9,12.3,4018.0
1562,36081033000,20.2,13.4,11.9,6170.0
1563,36081033401,19.8,13.4,11.6,3128.0
1564,36081033402,22.0,12.7,13.2,12575.0
1565,36081033700,22.2,11.9,11.3,3619.0
1566,36081033900,27.1,13.6,15.1,3400.0
1567,36081034700,24.6,13.3,13.1,3268.0
1568,36081035100,23.6,12.1,13.0,4240.0
1569,36081035200,22.7,14.1,13.3,2414.0
1570,36081035300,25.6,13.6,13.2,2690.0
1571,36081035700,26.8,13.3,15.3,4947.0
1572,36081035800,19.1,12.8,11.2,3927.0
1573,36081036100,28.2,14.7,14.7,2426.0
1574,36081036300,25.2,14.5,12.9,2397.0
1575,36081036500,30.5,16.4,15.2,3885.0
1576,36081036600,22.1,13.0,13.1,2592.0
1577,36081036700,24.4,13.3,13.4,2676.0
1578,36081036800,21.4,13.5,12.5,2362.0
1579,36081037100,24.0,12.8,13.2,1597.0
1580,36081037300,25.1,14.2,13.1,2532.0
1581,36081037500,29.8,15.1,14.7,3783.0
1582,36081037600,20.5,13.3,12.1,5598.0
1583,36081037700,27.4,15.3,13.0,4227.0
1584,36081037900,29.3,16.0,14.0,6214.0
1585,36081038100,29.9,15.8,14.6,6808.0
1586,36081038400,23.0,14.2,13.4,2333.0
1587,36081039400,21.3,13.6,12.6,2814.0
1588,36081039800,18.3,12.3,10.8,1657.0
1589,36081039900,25.4,14.3,12.3,4132.0
1590,36081040000,20.3,13.0,12.0,1267.0
1591,36081040100,29.7,15.6,14.2,7527.0
1592,36081040200,20.9,13.1,12.4,1368.0
1593,36081040300,27.1,14.9,12.9,6777.0
1594,36081040400,22.1,13.8,13.0,3918.0
1595,36081040500,28.9,15.1,13.7,3303.0
1596,36081040700,31.7,16.0,15.1,8304.0
1597,36081040900,32.4,16.7,15.4,5094.0
1598,36081041100,27.1,14.3,13.1,3947.0
1599,36081041300,34.6,17.3,17.0,4464.0
1600,36081041400,25.9,16.2,14.6,4033.0
1601,36081041500,31.8,16.2,16.1,4278.0
1602,36081042400,19.0,11.6,11.5,2161.0
1603,36081042700,29.4,15.3,14.9,4604.0
1604,36081043200,19.1,12.3,11.4,1166.0
1605,36081043400,21.9,13.1,12.8,1956.0
1606,36081043701,27.1,12.7,15.1,3381.0
1607,36081043702,29.5,14.9,16.0,6476.0
1608,36081043900,34.1,17.1,17.1,4790.0
1609,36081044000,23.7,15.4,13.3,3669.0
1610,36081044301,35.7,16.1,18.8,4033.0
1611,36081044302,25.9,13.5,13.5,5223.0
1612,36081044400,28.0,16.0,15.7,3236.0
1613,36081044601,23.1,12.6,12.8,3367.0
1614,36081044602,27.8,15.7,15.4,4596.0
1615,36081044800,24.6,13.9,13.9,2571.0
1616,36081045000,15.8,10.8,9.7,1943.0
1617,36081045200,20.2,9.1,12.7,1153.0
1618,36081045400,20.9,12.7,12.0,4773.0
1619,36081045500,25.3,15.0,14.9,12330.0
1620,36081045600,17.6,11.1,10.4,1338.0
1621,36081045700,18.9,11.0,10.4,3355.0
1622,36081045800,15.1,9.6,9.2,2016.0
1623,36081045900,19.1,11.2,10.2,3975.0
1624,36081046000,26.2,14.5,14.5,6006.0
1625,36081046100,24.2,13.6,12.4,3089.0
1626,36081046200,25.2,14.2,14.1,7296.0
1627,36081046300,24.3,13.5,12.1,4284.0
1628,36081046400,15.2,12.6,9.6,1643.0
1629,36081046500,24.9,13.3,12.0,4247.0
1630,36081046600,18.0,11.4,11.0,3058.0
1631,36081046700,25.3,13.3,13.2,7112.0
1632,36081046800,22.5,14.1,13.2,3829.0
1633,36081046900,25.5,13.0,13.3,8570.0
1634,36081047000,25.2,15.1,14.6,3247.0
1635,36081047100,22.4,12.7,12.2,4425.0
1636,36081047200,17.6,10.1,10.7,3760.0
1637,36081047300,19.1,10.8,10.9,3997.0
1638,36081047500,18.3,11.0,10.3,4835.0
1639,36081047600,14.1,9.7,9.6,1326.0
1640,36081047800,19.6,11.8,12.3,5294.0
1641,36081047900,22.4,12.3,12.5,5456.0
1642,36081048000,22.1,13.5,13.1,2506.0
1643,36081048100,25.8,13.7,13.7,6781.0
1644,36081048200,23.0,13.6,13.8,1452.0
1645,36081048300,20.2,12.0,11.1,4047.0
1646,36081048400,18.3,12.8,11.2,4979.0
1647,36081048500,19.9,11.3,10.9,4598.0
1648,36081048900,21.0,12.4,11.7,1486.0
1649,36081049200,19.8,12.8,12.0,4750.0
1650,36081049301,19.9,12.7,12.5,2134.0
1651,36081049302,19.1,12.7,12.2,2811.0
1652,36081049500,17.1,12.8,11.4,1358.0
1653,36081049600,20.4,13.5,12.1,3030.0
1654,36081049700,18.9,12.6,11.7,3021.0
1655,36081049900,19.5,11.8,11.3,5071.0
1656,36081050000,24.1,15.0,13.9,4323.0
1657,36081050201,18.6,13.2,11.1,1410.0
1658,36081050202,24.7,15.4,14.1,1344.0
1659,36081050400,20.6,13.3,12.0,1831.0
1660,36081050500,17.2,11.9,10.9,1657.0
1661,36081050600,22.7,13.8,13.1,1553.0
1662,36081050700,18.8,13.0,12.7,3442.0
1663,36081050800,21.8,13.7,12.5,1837.0
1664,36081051000,19.7,12.7,11.8,1540.0
1665,36081051100,16.4,12.5,11.3,2097.0
1666,36081051200,21.1,13.1,12.2,2619.0
1667,36081051300,16.7,12.4,10.8,2367.0
1668,36081051500,18.3,12.8,12.6,2852.0
1669,36081051600,21.6,13.3,12.7,1866.0
1670,36081051700,19.3,14.4,12.9,1957.0
1671,36081051800,20.6,13.3,11.9,1931.0
1672,36081052000,21.3,13.6,12.3,1521.0
1673,36081052100,17.6,13.2,11.8,1983.0
1674,36081052200,20.7,13.1,12.1,1532.0
1675,36081052400,22.2,13.7,12.8,1739.0
1676,36081052500,19.3,13.6,12.6,2063.0
1677,36081052600,21.6,13.8,12.4,1802.0
1678,36081052800,21.7,13.8,12.6,1442.0
1679,36081053000,19.2,12.4,11.4,2240.0
1680,36081053100,19.3,14.4,12.8,3114.0
1681,36081053200,21.3,13.0,12.7,1675.0
1682,36081053401,19.6,12.6,11.7,1907.0
1683,36081053500,22.9,14.4,12.9,1123.0
1684,36081053601,21.2,13.4,12.5,1577.0
1685,36081053800,22.4,14.0,13.1,1755.0
1686,36081053900,18.4,11.8,10.6,4147.0
1687,36081054000,23.5,14.6,13.5,4222.0
1688,36081054200,20.5,13.5,12.3,5074.0
1689,36081054500,23.9,14.9,12.9,3722.0
1690,36081054700,23.1,13.8,12.3,4643.0
1691,36081054800,19.5,12.6,11.6,2319.0
1692,36081054900,22.4,14.0,12.1,5308.0
1693,36081055100,18.0,13.1,11.1,4573.0
1694,36081055200,22.9,13.0,13.4,3064.0
1695,36081055300,23.0,13.0,12.3,2454.0
1696,36081055400,21.3,12.8,12.7,2303.0
1697,36081055500,22.7,13.4,12.4,2147.0
1698,36081055600,19.6,12.1,11.9,2153.0
1699,36081055700,21.0,13.4,12.2,3915.0
1700,36081055800,19.2,12.5,11.5,1732.0
1701,36081055900,21.6,13.3,11.9,1217.0
1702,36081056000,22.0,13.2,13.0,1647.0
1703,36081056200,20.4,13.1,12.5,1517.0
1704,36081056400,21.1,13.4,12.4,1783.0
1705,36081056500,20.1,12.9,11.1,1567.0
1706,36081056600,20.3,13.6,12.3,1487.0
1707,36081056700,17.9,12.4,11.1,4574.0
1708,36081056800,21.5,13.4,12.5,4550.0
1709,36081057700,20.1,14.4,12.8,3625.0
1710,36081057900,16.5,12.8,11.2,1592.0
1711,36081058000,22.4,13.7,13.2,3641.0
1712,36081058100,18.1,13.3,12.1,2662.0
1713,36081058200,20.6,12.9,12.1,4490.0
1714,36081058300,16.8,13.3,10.9,3254.0
1715,36081058500,17.7,13.2,11.5,4062.0
1716,36081058700,18.4,14.1,12.3,3296.0
1717,36081058900,20.3,15.1,12.9,4196.0
1718,36081059000,17.8,11.5,10.8,1074.0
1719,36081059100,16.5,12.4,10.0,5826.0
1720,36081059200,19.2,11.7,11.5,1280.0
1721,36081059300,17.4,13.2,11.7,3881.0
1722,36081059400,16.8,10.7,10.2,1537.0
1723,36081059500,18.9,13.6,11.9,4700.0
1724,36081059600,18.6,11.4,11.4,1304.0
1725,36081059800,16.7,11.4,10.2,1643.0
1726,36081059900,18.5,13.6,12.6,1525.0
1727,36081060000,17.4,10.6,10.8,1056.0
1728,36081060100,18.9,14.6,12.6,2111.0
1729,36081060300,18.3,13.4,12.4,1706.0
1730,36081060600,19.3,11.6,11.4,1381.0
1731,36081060800,19.4,12.0,11.6,1413.0
1732,36081061000,17.3,11.0,10.7,1268.0
1733,36081061200,16.8,10.4,10.4,1597.0
1734,36081061301,18.9,14.4,12.6,5295.0
1735,36081061400,17.8,11.0,11.0,1234.0
1736,36081061601,20.5,12.0,12.0,2180.0
1737,36081061602,18.0,12.0,11.0,1152.0
1738,36081061800,16.8,11.0,10.6,1583.0
1739,36081061900,16.0,12.4,11.0,2783.0
1740,36081062000,15.5,9.9,9.7,1440.0
1741,36081062100,18.3,13.7,12.1,2746.0
1742,36081062200,18.0,11.2,11.0,1983.0
1743,36081062300,16.6,12.5,11.5,1789.0
1744,36081062500,17.5,13.4,11.8,2388.0
1745,36081062600,20.8,12.9,12.4,2620.0
1746,36081062700,19.5,14.6,12.8,2879.0
1747,36081062900,18.7,13.8,12.2,2782.0
1748,36081063000,18.3,11.8,11.1,1579.0
1749,36081063200,19.3,12.2,11.7,2134.0
1750,36081063301,17.4,13.6,12.2,1416.0
1751,36081063302,15.8,12.5,11.2,1476.0
1752,36081063500,20.0,13.8,13.8,2513.0
1753,36081063700,17.4,12.7,12.1,3148.0
1754,36081063800,19.5,12.7,11.5,3425.0
1755,36081063900,16.8,12.3,11.4,2747.0
1756,36081064101,16.4,10.8,11.5,1960.0
1757,36081064500,15.6,11.1,10.6,1979.0
1758,36081064600,19.9,12.0,12.0,2829.0
1759,36081065000,18.7,12.0,11.4,2650.0
1760,36081065400,18.9,13.4,11.3,2788.0
1761,36081065600,19.7,13.6,11.7,4853.0
1762,36081065702,16.6,12.3,11.6,1675.0
1763,36081065703,15.2,11.8,11.2,2597.0
1764,36081065900,14.5,11.7,10.9,1666.0
1765,36081066000,23.2,15.1,13.8,3233.0
1766,36081066100,16.2,11.9,11.9,1495.0
1767,36081066300,13.5,10.5,10.0,2601.0
1768,36081066400,18.5,13.2,11.1,9612.0
1769,36081066501,16.0,12.0,11.9,3275.0
1770,36081066701,18.7,13.5,13.1,2575.0
1771,36081066900,14.3,11.3,10.8,1706.0
1772,36081067100,16.1,11.2,11.5,2100.0
1773,36081067700,15.0,11.6,11.1,1786.0
1774,36081067900,21.9,12.4,14.4,4094.0
1775,36081068000,20.3,13.0,11.8,4708.0
1776,36081068200,20.1,12.3,11.9,1102.0
1777,36081068300,20.2,10.6,11.3,4210.0
1778,36081068700,16.9,11.1,10.7,4630.0
1779,36081069000,19.7,13.3,11.7,3252.0
1780,36081069300,17.9,12.1,11.5,2883.0
1781,36081069400,20.9,14.0,12.3,3314.0
1782,36081069500,16.1,10.7,10.6,2128.0
1783,36081069701,15.1,11.0,10.2,3616.0
1784,36081069702,13.7,9.4,9.3,3911.0
1785,36081070300,17.0,11.1,11.2,2010.0
1786,36081070700,13.4,9.1,9.4,2303.0
1787,36081070900,12.9,9.4,8.8,2483.0
1788,36081071100,12.5,9.2,8.9,5272.0
1789,36081071303,12.0,9.7,8.9,4973.0
1790,36081071304,17.1,11.4,12.2,6136.0
1791,36081071305,11.7,9.6,8.4,4871.0
1792,36081071306,12.4,10.2,8.8,5811.0
1793,36081071701,19.4,12.1,13.2,5161.0
1794,36081071702,15.4,10.1,10.5,3921.0
1795,36081071900,18.3,13.0,12.1,2630.0
1796,36081072100,18.8,12.5,12.7,4963.0
1797,36081072300,11.9,8.3,8.9,2127.0
1798,36081072900,13.1,9.4,9.3,1363.0
1799,36081073100,12.8,9.3,8.9,1515.0
1800,36081073700,10.7,9.2,8.0,2042.0
1801,36081073900,12.1,9.0,9.0,5028.0
1802,36081074100,13.1,9.8,9.5,3015.0
1803,36081074300,15.9,11.0,10.8,4221.0
1804,36081074500,19.9,12.4,13.3,3571.0
1805,36081074700,16.3,10.6,10.4,3386.0
1806,36081074900,10.2,7.9,8.1,1453.0
1807,36081075701,10.5,8.7,7.9,4678.0
1808,36081075702,13.2,8.9,9.8,4481.0
1809,36081076901,11.4,9.8,8.4,4056.0
1810,36081076902,12.7,10.6,8.8,1371.0
1811,36081077300,12.8,10.2,9.1,2234.0
1812,36081077500,13.3,10.2,9.7,2273.0
1813,36081077902,12.6,11.5,9.3,5263.0
1814,36081077903,15.4,11.5,10.2,2972.0
1815,36081077904,15.8,12.4,10.4,6155.0
1816,36081077905,14.7,10.2,9.9,2455.0
1817,36081077906,14.8,11.5,9.8,3633.0
1818,36081077907,18.8,16.0,12.8,3193.0
1819,36081077908,22.5,16.8,14.0,3755.0
1820,36081078800,21.7,14.3,12.7,1818.0
1821,36081079000,20.7,14.0,11.9,2549.0
1822,36081079200,21.7,13.5,12.6,2280.0
1823,36081079701,27.6,13.0,15.7,7055.0
1824,36081079702,29.1,14.3,15.8,4502.0
1825,36081079900,24.0,13.1,13.3,3425.0
1826,36081080301,22.5,13.1,12.6,4382.0
1827,36081080302,19.7,11.5,11.7,3504.0
1828,36081080900,15.8,12.3,10.8,6850.0
1829,36081081400,22.7,14.7,13.0,3543.0
1830,36081081800,25.0,15.4,14.5,3478.0
1831,36081083700,24.7,12.6,13.6,5388.0
1832,36081083800,19.4,13.3,11.8,4970.0
1833,36081084000,24.4,15.2,14.4,6478.0
1834,36081084500,28.6,12.8,15.7,5318.0
1835,36081084601,20.6,13.7,12.6,2730.0
1836,36081084602,27.5,17.2,15.9,1053.0
1837,36081084900,30.8,15.4,16.1,7642.0
1838,36081085300,26.6,13.0,14.4,5764.0
1839,36081085500,29.5,14.2,16.0,6649.0
1840,36081085700,26.7,12.9,14.5,5953.0
1841,36081085900,24.5,12.8,13.5,5873.0
1842,36081086100,24.0,12.7,13.4,2370.0
1843,36081086300,27.1,13.6,14.5,7277.0
1844,36081086400,22.5,14.2,13.2,2634.0
1845,36081086500,27.0,12.7,15.4,4514.0
1846,36081086900,31.6,15.7,16.5,2131.0
1847,36081087100,27.0,14.6,14.8,1752.0
1848,36081088400,17.8,13.2,12.7,7337.0
1849,36081088901,25.6,12.5,14.9,10266.0
1850,36081089200,16.6,11.8,12.2,7430.0
1851,36081090700,23.0,14.0,13.7,1355.0
1852,36081091601,12.7,10.1,10.4,4079.0
1853,36081091900,27.4,14.4,15.7,5766.0
1854,36081092200,11.5,9.6,9.3,2206.0
1855,36081092500,23.1,14.2,13.0,3681.0
1856,36081092800,11.9,9.8,9.7,3246.0
1857,36081092900,19.1,12.1,11.3,6496.0
1858,36081093401,13.7,11.1,10.6,3789.0
1859,36081093402,16.7,12.5,11.9,3657.0
1860,36081093800,26.3,14.6,17.7,5218.0
1861,36081093900,17.6,11.6,10.9,4400.0
1862,36081094201,20.9,14.0,12.4,3380.0
1863,36081094202,23.2,16.1,13.7,4700.0
1864,36081094203,20.0,13.0,13.5,5369.0
1865,36081094500,20.9,12.7,13.5,3971.0
1866,36081094700,22.3,13.8,13.2,2577.0
1867,36081095400,24.2,15.0,14.1,5368.0
1868,36081096400,22.1,14.0,12.9,4441.0
1869,36081097202,34.1,21.7,19.0,2795.0
1870,36081097203,36.5,20.7,20.5,6865.0
1871,36081097204,28.3,15.2,16.3,3544.0
1872,36081097300,16.5,11.6,11.8,2016.0
1873,36081098100,16.7,12.2,11.4,2249.0
1874,36081098700,16.6,11.8,11.6,2444.0
1875,36081099100,15.0,10.1,11.2,6507.0
1876,36081099200,27.7,16.8,15.9,3803.0
1877,36081099701,13.4,9.5,9.8,2670.0
1878,36081099703,12.7,9.1,9.6,3892.0
1879,36081099704,15.2,8.9,11.3,6868.0
1880,36081099705,13.4,10.0,9.4,2632.0
1881,36081099801,22.3,13.6,12.7,7608.0
1882,36081099802,27.4,13.7,16.8,5283.0
1883,36081100801,19.6,13.9,12.3,2327.0
1884,36081100802,21.1,14.1,12.4,8106.0
1885,36081101001,26.6,14.8,15.5,9943.0
1886,36081101002,20.4,13.4,13.9,4138.0
1887,36081101700,17.3,11.3,11.9,5689.0
1888,36081102900,17.3,11.4,11.7,3319.0
1889,36081103201,31.8,19.1,17.2,6456.0
1890,36081103202,24.3,16.0,14.4,6197.0
1891,36081103300,18.5,12.6,12.4,4116.0
1892,36081103900,16.5,11.6,11.1,6151.0
1893,36081104700,20.7,12.1,13.0,7314.0
1894,36081105900,18.1,11.3,12.2,3556.0
1895,36081107201,17.1,14.1,12.4,2443.0
1896,36081108500,16.4,11.0,11.1,2613.0
1897,36081109300,18.1,11.0,12.2,3034.0
1898,36081109700,14.0,10.7,9.8,1887.0
1899,36081109900,18.6,12.4,12.0,3277.0
1900,36081111300,15.0,10.8,10.4,2559.0
1901,36081112300,13.5,10.3,8.9,2102.0
1902,36081112900,15.1,11.2,10.4,2242.0
1903,36081113300,14.1,10.2,10.0,1537.0
1904,36081113900,18.1,12.1,12.0,3322.0
1905,36081114100,15.4,10.4,10.9,2406.0
1906,36081114700,15.8,10.7,11.0,1673.0
1907,36081115100,17.3,11.0,11.5,1116.0
1908,36081115500,23.5,13.4,13.5,2114.0
1909,36081115700,21.0,11.7,12.3,3388.0
1910,36081115900,23.5,12.8,13.7,3991.0
1911,36081116100,29.5,13.3,16.4,4589.0
1912,36081116300,30.4,14.3,16.7,9104.0
1913,36081116700,29.7,15.0,15.9,2067.0
1914,36081117100,20.9,12.2,12.2,2743.0
1915,36081117500,17.7,11.4,11.1,4990.0
1916,36081118100,16.6,12.1,11.0,1840.0
1917,36081118500,23.5,13.5,13.0,2114.0
1918,36081118700,23.9,12.9,13.1,2521.0
1919,36081118900,20.1,12.0,11.1,2468.0
1920,36081119100,23.2,13.2,12.9,3273.0
1921,36081119300,19.8,12.1,11.8,2252.0
1922,36081119500,18.9,12.0,12.0,1349.0
1923,36081119900,24.2,13.2,14.5,1507.0
1924,36081120100,24.6,12.8,13.4,1668.0
1925,36081120300,24.0,12.6,13.5,1642.0
1926,36081120500,32.2,14.3,17.7,3024.0
1927,36081120700,19.8,12.0,12.2,2794.0
1928,36081121500,22.5,12.4,12.8,4101.0
1929,36081122300,17.8,11.0,11.1,3533.0
1930,36081122701,16.5,11.3,10.6,10910.0
1931,36081122702,34.6,18.0,20.4,6427.0
1932,36081124100,17.8,11.4,11.1,3897.0
1933,36081124700,19.8,12.7,13.2,3550.0
1934,36081125700,19.4,12.0,11.6,3203.0
1935,36081126500,17.0,10.7,10.7,1660.0
1936,36081126700,16.0,17.5,10.0,4057.0
1937,36081127700,12.8,10.2,9.6,3633.0
1938,36081129102,14.0,9.7,10.1,3341.0
1939,36081129103,15.2,10.1,11.0,3566.0
1940,36081129104,14.2,10.2,9.9,4102.0
1941,36081130100,15.9,10.0,10.5,3791.0
1942,36081133300,17.3,10.9,11.6,3679.0
1943,36081133900,13.9,9.5,9.7,1302.0
1944,36081134100,17.2,10.7,11.0,3259.0
1945,36081134700,15.0,10.5,9.6,9572.0
1946,36081136700,17.1,10.4,11.1,5879.0
1947,36081137700,17.2,11.0,10.7,6606.0
1948,36081138501,15.7,10.1,9.9,4743.0
1949,36081139900,15.6,9.7,10.4,1744.0
1950,36081140300,15.2,9.7,9.8,2302.0
1951,36081140902,18.5,10.8,11.4,2603.0
1952,36081141700,18.1,11.1,11.5,4475.0
1953,36081142900,17.5,11.4,11.3,3624.0
1954,36081143500,15.0,9.8,9.8,2199.0
1955,36081144100,14.0,10.0,9.5,2926.0
1956,36081144700,19.5,11.6,11.4,2927.0
1957,36081145101,16.8,10.9,11.1,1360.0
1958,36081145102,18.1,11.2,11.0,2468.0
1959,36081145900,20.4,12.6,12.9,2772.0
1960,36081146300,18.0,10.7,11.5,3000.0
1961,36081146700,13.0,11.0,9.0,2736.0
1962,36081147100,16.3,10.8,10.9,3341.0
1963,36081147900,13.9,9.7,9.8,4241.0
1964,36081148300,12.7,8.9,9.4,2863.0
1965,36081150701,13.1,9.3,9.5,2930.0
1966,36081150702,17.5,10.5,11.7,3178.0
1967,36081152901,14.7,9.9,10.0,6401.0
1968,36081152902,15.9,10.3,11.1,5126.0
1969,36081155101,19.7,6.7,14.7,1806.0
1970,36081155102,15.7,10.3,10.8,8185.0
1971,36081156700,31.1,16.1,17.4,1790.0
1972,36081157101,15.7,10.7,10.2,7216.0
1973,36081157102,17.8,11.6,11.0,1996.0
1974,36081157901,15.1,10.0,10.3,4800.0
1975,36081157902,15.2,9.7,9.7,3836.0
1976,36081157903,18.3,11.5,11.7,3944.0
1977,36081161700,15.6,11.2,10.7,4297.0
1978,36081162100,17.3,11.8,10.7,6197.0
1979,36085000300,17.1,12.6,11.1,1927.0
1980,36085000600,22.0,13.1,14.3,2408.0
1981,36085000700,27.0,17.9,15.8,4915.0
1982,36085000800,19.8,14.7,12.2,5583.0
1983,36085000900,25.2,16.7,15.0,2112.0
1984,36085001100,24.8,16.9,14.3,3987.0
1985,36085001700,23.3,15.1,13.5,1788.0
1986,36085002001,18.1,14.1,12.2,2504.0
1987,36085002002,18.0,13.3,12.4,3258.0
1988,36085002100,23.4,15.3,13.2,4236.0
1989,36085002700,34.3,17.6,19.5,2217.0
1990,36085002900,33.9,20.3,18.4,5207.0
1991,36085003300,16.4,12.8,10.6,3402.0
1992,36085003600,15.7,12.5,10.3,2510.0
1993,36085003900,15.2,13.4,10.0,2197.0
1994,36085004000,26.7,17.0,14.7,12998.0
1995,36085004700,12.7,14.8,8.9,3863.0
1996,36085005000,19.3,13.7,12.9,3847.0
1997,36085005900,15.4,12.7,11.2,2635.0
1998,36085006400,23.4,16.0,15.0,3550.0
1999,36085006700,12.9,11.5,9.7,2758.0
2000,36085007000,20.1,15.7,13.3,8525.0
2001,36085007400,19.2,14.5,12.5,4693.0
2002,36085007500,26.9,16.0,16.3,3914.0
2003,36085007700,24.1,16.3,13.4,1535.0
2004,36085008100,27.3,14.5,16.3,4301.0
2005,36085009601,17.5,12.5,12.3,4024.0
2006,36085009602,15.7,13.0,10.9,3461.0
2007,36085009700,17.3,13.5,10.9,3925.0
2008,36085010500,21.2,14.7,13.1,5153.0
2009,36085011201,19.2,15.2,13.0,5758.0
2010,36085011202,19.3,15.3,12.9,6428.0
2011,36085011401,23.6,16.2,15.1,3067.0
2012,36085011402,17.7,13.6,12.0,3450.0
2013,36085012100,15.0,12.3,11.3,3065.0
2014,36085012200,15.0,12.9,10.8,3813.0
2015,36085012500,22.3,15.3,13.6,2939.0
2016,36085012804,17.1,14.4,11.8,4259.0
2017,36085012805,18.0,15.0,12.6,3158.0
2018,36085012806,21.9,15.4,14.7,5955.0
2019,36085013201,15.5,12.0,11.3,1558.0
2020,36085013203,15.0,12.6,11.0,5433.0
2021,36085013204,16.3,13.2,11.8,4843.0
2022,36085013301,42.8,24.1,23.8,1633.0
2023,36085013302,27.9,17.2,14.9,3587.0
2024,36085013400,18.5,13.8,12.8,3946.0
2025,36085013800,17.8,13.6,12.8,6535.0
2026,36085014100,17.9,13.5,11.0,2690.0
2027,36085014604,14.9,13.0,11.0,6422.0
2028,36085014605,15.0,12.8,10.9,3836.0
2029,36085014606,13.3,13.1,9.9,6372.0
2030,36085014607,15.6,13.3,11.3,4552.0
2031,36085014608,14.6,13.0,10.7,3510.0
2032,36085014700,14.6,12.0,10.7,3412.0
2033,36085015100,17.6,13.6,12.4,5141.0
2034,36085015601,14.3,12.4,10.8,6330.0
2035,36085015602,14.5,12.1,11.0,3320.0
2036,36085015603,16.7,14.4,12.0,4265.0
2037,36085016901,17.3,13.4,11.7,2970.0
2038,36085017005,14.4,13.1,10.3,4507.0
2039,36085017007,16.1,14.1,10.7,4968.0
2040,36085017008,14.1,12.8,10.4,7388.0
2041,36085017009,17.0,14.1,12.1,4299.0
2042,36085017010,15.6,14.2,11.3,8583.0
2043,36085017011,16.4,13.6,11.9,4549.0
2044,36085017012,16.2,13.3,11.7,4279.0
2045,36085017300,24.8,15.5,15.2,2523.0
2046,36085017600,14.1,12.7,10.5,4815.0
2047,36085017700,14.0,11.2,10.2,7001.0
2048,36085018100,17.1,11.3,12.1,2974.0
2049,36085018701,18.3,14.1,12.4,1807.0
2050,36085018702,17.9,12.0,11.8,7485.0
2051,36085018901,18.4,13.7,12.6,5333.0
2052,36085018902,16.6,12.3,11.1,5064.0
2053,36085019700,14.8,12.9,11.1,1867.0
2054,36085019800,14.8,13.7,10.7,6300.0
2055,36085020100,17.3,13.5,11.3,3572.0
2056,36085020700,29.8,17.8,16.0,6399.0
2057,36085020801,16.0,14.8,11.6,8977.0
2058,36085020803,14.7,13.6,10.8,6463.0
2059,36085020804,14.3,12.9,10.6,5323.0
2060,36085021300,20.6,14.6,12.2,5376.0
2061,36085022300,25.2,16.8,14.4,2880.0
2062,36085022600,14.0,12.8,9.6,8490.0
2063,36085023100,21.4,13.8,12.2,4683.0
2064,36085023900,24.8,15.9,13.7,3250.0
2065,36085024401,15.0,13.7,11.0,5823.0
2066,36085024402,14.0,13.2,10.2,4259.0
2067,36085024700,20.5,14.6,12.3,2702.0
2068,36085024800,14.8,14.0,10.6,4741.0
2069,36085025100,14.3,12.2,10.3,5714.0
2070,36085027301,17.0,13.2,11.8,3820.0
2071,36085027302,16.3,13.0,11.3,3667.0
2072,36085027702,17.6,13.4,12.1,6193.0
2073,36085027704,17.9,14.3,12.2,4108.0
2074,36085027705,18.6,14.4,12.4,5351.0
2075,36085027706,16.2,12.9,10.8,2950.0
2076,36085027900,18.2,11.6,12.9,2137.0
2077,36085029102,17.5,14.9,11.6,2953.0
2078,36085029103,16.3,13.3,11.4,7245.0
2079,36085029104,17.3,13.7,11.5,6735.0
2080,36085030301,18.1,13.8,11.4,4929.0
2081,36085030302,20.0,14.4,11.9,6369.0
2082,36085031901,33.4,20.7,18.0,3265.0
2083,36085031902,27.4,18.1,15.1,4848.0
2084,36085032300,22.7,15.5,13.4,1250.0
