LocationID,TotalPopulation
36005000100,11091.0
36005000200,4334.0
36005000400,5503.0
36005001600,5643.0
36005001900,1917.0
36005002000,8731.0
36005002300,4933.0
36005002500,5491.0
36005002701,3113.0
36005002702,4475.0
36005002800,5586.0
36005003100,1597.0
36005003300,3413.0
36005003500,3761.0
36005003700,245.0
36005003800,1264.0
36005003900,6475.0
36005004001,1420.0
36005004100,6127.0
36005004200,7143.0
36005004300,5056.0
36005004400,4797.0
36005004600,1555.0
36005004800,3883.0
36005005001,4767.0
36005005002,5823.0
36005005100,5810.0
36005005200,2031.0
36005005300,4669.0
36005005400,5853.0
36005005600,2711.0
36005005902,2582.0
36005006000,1129.0
36005006100,3713.0
36005006200,6585.0
36005006300,5280.0
36005006400,3967.0
36005006500,5337.0
36005006700,6984.0
36005006800,2897.0
36005006900,7564.0
36005007000,4584.0
36005007100,1907.0
36005007200,5432.0
36005007300,3893.0
36005007400,3710.0
36005007500,4869.0
36005007600,5190.0
36005007700,1927.0
36005007800,6418.0
36005007900,6733.0
36005008300,6155.0
36005008400,2374.0
36005008500,5457.0
36005008600,4176.0
36005008700,5466.0
36005008900,3177.0
36005009000,3667.0
36005009200,5017.0
36005009300,6356.0
36005009600,2594.0
36005009800,5038.0
36005011000,151.0
36005011502,4340.0
36005011700,1585.0
36005011800,5089.0
36005011900,5698.0
36005012101,3090.0
36005012102,1631.0
36005012300,4152.0
36005012500,3905.0
36005012701,2253.0
36005012901,4015.0
36005013000,1032.0
36005013100,5103.0
36005013200,5890.0
36005013300,6384.0
36005013500,3583.0
36005013800,3042.0
36005014100,3437.0
36005014300,1003.0
36005014400,5880.0
36005014500,5816.0
36005014701,6461.0
36005014702,5110.0
36005014900,4591.0
36005015100,5409.0
36005015200,2341.0
36005015300,4031.0
36005015500,3005.0
36005015700,3580.0
36005015800,1206.0
36005015900,2164.0
36005016000,3767.0
36005016100,4380.0
36005016200,1769.0
36005016400,1141.0
36005016500,1077.0
36005016600,2166.0
36005016700,2047.0
36005016900,1663.0
36005017300,5987.0
36005017500,6911.0
36005017701,4294.0
36005017702,4805.0
36005017901,4677.0
36005017902,3587.0
36005018101,3300.0
36005018102,5555.0
36005018301,4525.0
36005018302,3647.0
36005018400,3855.0
36005018500,7466.0
36005018900,7752.0
36005019300,5461.0
36005019400,1903.0
36005019500,7756.0
36005019700,7501.0
36005019900,8154.0
36005020000,4878.0
36005020100,4013.0
36005020200,2155.0
36005020400,2976.0
36005020501,6996.0
36005020502,1764.0
36005020601,3050.0
36005020900,4361.0
36005021001,8521.0
36005021002,6839.0
36005021100,5565.0
36005021200,5267.0
36005021301,1201.0
36005021302,5415.0
36005021501,3506.0
36005021502,6051.0
36005021601,4206.0
36005021602,5769.0
36005021700,5334.0
36005021800,6499.0
36005021900,1367.0
36005022000,1487.0
36005022101,3849.0
36005022102,5488.0
36005022200,3425.0
36005022300,5047.0
36005022401,2708.0
36005022403,3188.0
36005022404,4509.0
36005022500,7698.0
36005022701,5196.0
36005022702,1699.0
36005022703,1556.0
36005022800,6218.0
36005022901,5370.0
36005022902,3273.0
36005023000,2950.0
36005023100,1537.0
36005023200,2661.0
36005023301,4377.0
36005023302,3415.0
36005023501,3341.0
36005023502,4386.0
36005023600,1907.0
36005023702,1241.0
36005023703,5253.0
36005023704,3758.0
36005023800,2615.0
36005023900,8348.0
36005024000,3882.0
36005024100,6182.0
36005024300,5685.0
36005024400,2120.0
36005024501,4864.0
36005024502,3640.0
36005024600,2058.0
36005024700,1764.0
36005024800,3363.0
36005025000,2383.0
36005025100,6802.0
36005025200,2530.0
36005025300,6332.0
36005025400,1959.0
36005025500,6529.0
36005025600,1663.0
36005025700,1912.0
36005026100,1932.0
36005026300,6984.0
36005026400,4935.0
36005026500,6942.0
36005026601,2911.0
36005026602,5301.0
36005026701,4037.0
36005026702,7040.0
36005026900,3777.0
36005027300,7942.0
36005027401,4785.0
36005027402,3386.0
36005027600,473.0
36005027700,5065.0
36005027900,6966.0
36005028100,3794.0
36005028300,3149.0
36005028400,894.0
36005028500,3307.0
36005028600,1191.0
36005028700,3178.0
36005028800,3097.0
36005028900,4502.0
36005029301,1875.0
36005029302,5052.0
36005029500,4240.0
36005029600,2549.0
36005029700,3554.0
36005030000,5838.0
36005030100,1304.0
36005030200,8887.0
36005030701,5378.0
36005030900,3891.0
36005031000,4415.0
36005031200,1524.0
36005031400,1966.0
36005031600,1863.0
36005031800,1810.0
36005031900,751.0
36005032300,4904.0
36005032400,2957.0
36005032600,3154.0
36005032800,3979.0
36005033000,5696.0
36005033201,4115.0
36005033202,4167.0
36005033400,1351.0
36005033500,2178.0
36005033600,6188.0
36005033700,2357.0
36005033800,3818.0
36005034000,4618.0
36005034200,1675.0
36005034300,1649.0
36005034400,1736.0
36005034500,3566.0
36005034800,6129.0
36005035000,1925.0
36005035100,3186.0
36005035600,2027.0
36005035800,7166.0
36005035900,2061.0
36005036000,2706.0
36005036100,6019.0
36005036300,7509.0
36005036400,2557.0
36005036501,3965.0
36005036502,2423.0
36005036700,2599.0
36005036800,2011.0
36005036901,2005.0
36005036902,2119.0
36005037000,2303.0
36005037100,4241.0
36005037200,2222.0
36005037300,5318.0
36005037400,3441.0
36005037504,3677.0
36005037600,2148.0
36005037800,3048.0
36005037900,5093.0
36005038000,4585.0
36005038100,6382.0
36005038200,2596.0
36005038301,4797.0
36005038302,6106.0
36005038500,4758.0
36005038600,7409.0
36005038700,3216.0
36005038800,2606.0
36005038900,5325.0
36005039000,2975.0
36005039100,6992.0
36005039200,1781.0
36005039300,8143.0
36005039400,4573.0
36005039500,4146.0
36005039600,3756.0
36005039700,3702.0
36005039800,3090.0
36005039901,5228.0
36005039902,5279.0
36005040100,4593.0
36005040302,4386.0
36005040303,4478.0
36005040304,3794.0
36005040400,3016.0
36005040501,4397.0
36005040502,6863.0
36005040600,3490.0
36005040701,3347.0
36005040702,6652.0
36005040800,4263.0
36005040900,3637.0
36005041100,2931.0
36005041300,7384.0
36005041400,5027.0
36005041500,5461.0
36005041800,3598.0
36005041900,6734.0
36005042000,3850.0
36005042100,5922.0
36005042200,3086.0
36005042300,4100.0
36005042400,2481.0
36005042500,6793.0
36005042600,6387.0
36005042800,2173.0
36005042901,3420.0
36005042902,3845.0
36005043000,2898.0
36005043100,9680.0
36005043400,3592.0
36005043600,2032.0
36005044200,3555.0
36005044400,3878.0
36005044800,2026.0
36005044901,1818.0
36005044902,1949.0
36005045101,1656.0
36005045102,1894.0
36005045600,2896.0
36005045800,6123.0
36005046000,2741.0
36005046201,26588.0
36005046202,8277.0
36005048400,3598.0
36005051600,4362.0
36047000100,4338.0
36047000200,1470.0
36047000301,4259.0
36047000501,4247.0
36047000502,2512.0
36047000700,3359.0
36047000900,4172.0
36047001100,84.0
36047001300,2275.0
36047001500,3521.0
36047001800,2105.0
36047002000,1672.0
36047002100,3604.0
36047002200,4613.0
36047002300,4247.0
36047002901,3218.0
36047003000,1730.0
36047003100,2472.0
36047003300,2327.0
36047003400,3047.0
36047003500,1554.0
36047003600,3804.0
36047003700,390.0
36047003800,1498.0
36047003900,2229.0
36047004100,3598.0
36047004300,3008.0
36047004400,2359.0
36047004500,3325.0
36047004600,1199.0
36047004700,1445.0
36047004900,2516.0
36047005000,2276.0
36047005100,2171.0
36047005201,1829.0
36047005202,2481.0
36047005300,1888.0
36047005400,3139.0
36047005601,2505.0
36047005602,1586.0
36047005800,3152.0
36047005900,1384.0
36047006000,2826.0
36047006200,2853.0
36047006300,1892.0
36047006400,3478.0
36047006500,5191.0
36047006600,3663.0
36047006700,3301.0
36047006800,4870.0
36047006900,3537.0
36047007000,2344.0
36047007100,4495.0
36047007200,1946.0
36047007400,5451.0
36047007500,4383.0
36047007600,4412.0
36047007700,3901.0
36047007800,5068.0
36047008000,4169.0
36047008200,4141.0
36047008400,3299.0
36047008500,6956.0
36047008800,3207.0
36047009000,2994.0
36047009200,5388.0
36047009400,5805.0
36047009600,6126.0
36047009800,7024.0
36047010000,6737.0
36047010100,4093.0
36047010200,5622.0
36047010400,5908.0
36047010600,5851.0
36047010800,5280.0
36047011000,2441.0
36047011200,6436.0
36047011400,3976.0
36047011600,4816.0
36047011700,2364.0
36047011800,2253.0
36047011900,1530.0
36047012000,1268.0
36047012100,1619.0
36047012200,5339.0
36047012600,2652.0
36047012700,3507.0
36047012801,2117.0
36047012901,2159.0
36047012902,1964.0
36047013000,4792.0
36047013100,3828.0
36047013200,2239.0
36047013300,3730.0
36047013400,3907.0
36047013500,3596.0
36047013600,3927.0
36047013700,3057.0
36047013800,3168.0
36047013900,3481.0
36047014000,1826.0
36047014100,3017.0
36047014200,3223.0
36047014300,3487.0
36047014500,4179.0
36047014700,2084.0
36047014800,1209.0
36047014900,4976.0
36047015000,1574.0
36047015100,3578.0
36047015200,2309.0
36047015300,3041.0
36047015500,3272.0
36047015700,4135.0
36047015900,5036.0
36047016000,4217.0
36047016100,3075.0
36047016200,2082.0
36047016300,2991.0
36047016400,764.0
36047016500,5141.0
36047016600,2059.0
36047016700,4638.0
36047016800,1510.0
36047016900,4497.0
36047017000,3254.0
36047017100,3749.0
36047017200,2931.0
36047017400,1793.0
36047017600,2295.0
36047017800,2898.0
36047017900,3624.0
36047018000,3193.0
36047018100,3936.0
36047018200,3163.0
36047018300,2500.0
36047018400,2002.0
36047018501,3827.0
36047018600,2124.0
36047018700,1411.0
36047018800,2640.0
36047019000,4782.0
36047019100,2332.0
36047019200,2772.0
36047019300,5628.0
36047019400,3305.0
36047019500,3366.0
36047019600,4353.0
36047019700,3313.0
36047019800,1702.0
36047019900,2929.0
36047020000,2265.0
36047020100,3421.0
36047020200,1874.0
36047020300,1697.0
36047020400,1708.0
36047020500,2469.0
36047020600,2220.0
36047020700,4310.0
36047020800,3048.0
36047021000,3968.0
36047021100,1210.0
36047021200,4643.0
36047021300,4205.0
36047021400,2152.0
36047021500,5307.0
36047021600,4015.0
36047021700,3597.0
36047021800,3761.0
36047021900,3595.0
36047022000,4939.0
36047022100,3609.0
36047022200,4693.0
36047022400,5486.0
36047022600,2516.0
36047022700,3454.0
36047022800,3306.0
36047022900,3395.0
36047023000,4515.0
36047023100,3025.0
36047023200,5699.0
36047023300,5061.0
36047023400,5059.0
36047023500,3928.0
36047023600,5600.0
36047023800,4590.0
36047024000,4693.0
36047024100,2229.0
36047024200,2984.0
36047024300,3786.0
36047024400,3238.0
36047024500,3946.0
36047024600,3256.0
36047024700,2316.0
36047024800,2698.0
36047024900,3823.0
36047025000,1722.0
36047025100,3816.0
36047025200,4786.0
36047025300,2754.0
36047025400,3500.0
36047025500,5102.0
36047025600,3058.0
36047025700,2131.0
36047025800,4597.0
36047025901,2010.0
36047025902,3419.0
36047026000,3649.0
36047026100,4917.0
36047026200,2374.0
36047026300,1868.0
36047026400,4592.0
36047026500,3838.0
36047026600,3733.0
36047026700,3920.0
36047026800,4188.0
36047026900,2770.0
36047027000,2449.0
36047027100,2471.0
36047027200,3480.0
36047027300,2813.0
36047027400,3028.0
36047027500,4180.0
36047027600,3694.0
36047027700,3945.0
36047027800,3220.0
36047027900,3674.0
36047028000,1761.0
36047028100,4193.0
36047028200,2943.0
36047028300,4097.0
36047028400,4003.0
36047028501,428.0
36047028502,2802.0
36047028600,4814.0
36047028700,2991.0
36047028800,3458.0
36047028900,3538.0
36047029000,3920.0
36047029100,3101.0
36047029200,2539.0
36047029300,3106.0
36047029400,2321.0
36047029500,3425.0
36047029600,5546.0
36047029700,3344.0
36047029800,3717.0
36047029900,2579.0
36047030000,4120.0
36047030100,2750.0
36047030200,4214.0
36047030300,4458.0
36047030400,4281.0
36047030500,5549.0
36047030600,2005.0
36047030700,4544.0
36047030800,1949.0
36047030900,1754.0
36047031100,2833.0
36047031300,4648.0
36047031400,4544.0
36047031500,5175.0
36047031701,3433.0
36047031702,3363.0
36047031900,3508.0
36047032100,5001.0
36047032300,3554.0
36047032500,6405.0
36047032600,6948.0
36047032700,2924.0
36047032800,3138.0
36047032900,5582.0
36047033000,4587.0
36047033100,4520.0
36047033300,4085.0
36047033500,3139.0
36047033600,4759.0
36047033700,4105.0
36047033900,4376.0
36047034000,2248.0
36047034100,2607.0
36047034200,6502.0
36047034300,5281.0
36047034500,2647.0
36047034700,3228.0
36047034800,2537.0
36047034900,5403.0
36047035000,3296.0
36047035100,4597.0
36047035200,1246.0
36047035300,5161.0
36047035400,6271.0
36047035500,5253.0
36047035601,2912.0
36047035602,5271.0
36047035700,2506.0
36047035900,5685.0
36047036001,3217.0
36047036002,3930.0
36047036100,2608.0
36047036200,4204.0
36047036300,4108.0
36047036400,2405.0
36047036501,2624.0
36047036502,1255.0
36047036600,4767.0
36047036700,1305.0
36047036900,4923.0
36047037000,4085.0
36047037100,4120.0
36047037300,3784.0
36047037401,4301.0
36047037402,4573.0
36047037500,2910.0
36047037700,3660.0
36047037900,3706.0
36047038100,4763.0
36047038200,5943.0
36047038300,3931.0
36047038500,3422.0
36047038600,3477.0
36047038700,4010.0
36047038800,3841.0
36047038900,2773.0
36047039000,2282.0
36047039100,2303.0
36047039200,2756.0
36047039300,3549.0
36047039400,2441.0
36047039500,3380.0
36047039600,2126.0
36047039700,3389.0
36047039800,2644.0
36047039900,3823.0
36047040000,3069.0
36047040100,3518.0
36047040200,2740.0
36047040300,3538.0
36047040400,2551.0
36047040500,1480.0
36047040600,3184.0
36047040800,3566.0
36047040900,3752.0
36047041000,1773.0
36047041100,3302.0
36047041200,2929.0
36047041300,3822.0
36047041401,1351.0
36047041402,1612.0
36047041500,4064.0
36047041600,2324.0
36047041700,3609.0
36047041800,2359.0
36047041900,3770.0
36047042000,1896.0
36047042100,3920.0
36047042200,3568.0
36047042300,4217.0
36047042400,3666.0
36047042500,3042.0
36047042600,4135.0
36047042700,5074.0
36047042800,3857.0
36047042900,5630.0
36047043000,3333.0
36047043100,5113.0
36047043200,4250.0
36047043300,4064.0
36047043400,3433.0
36047043500,4463.0
36047043600,4160.0
36047043700,5240.0
36047043800,2481.0
36047043900,3829.0
36047044000,2880.0
36047044100,5643.0
36047044200,2658.0
36047044300,5557.0
36047044400,3336.0
36047044500,4446.0
36047044600,1909.0
36047044700,2310.0
36047044800,1915.0
36047044900,2932.0
36047045000,673.0
36047045200,2701.0
36047045300,2017.0
36047045400,1852.0
36047045600,2357.0
36047045800,1490.0
36047046000,3729.0
36047046201,2632.0
36047046202,1803.0
36047046400,2838.0
36047046800,2054.0
36047047000,2886.0
36047047200,3141.0
36047047400,2969.0
36047047600,3646.0
36047047700,3318.0
36047047800,4848.0
36047048000,3769.0
36047048100,2778.0
36047048200,5331.0
36047048400,5481.0
36047048500,2510.0
36047048600,3568.0
36047048800,4395.0
36047048900,4039.0
36047049000,5899.0
36047049100,6418.0
36047049200,3495.0
36047049300,7625.0
36047049400,5308.0
36047049500,2603.0
36047049600,4513.0
36047049700,2645.0
36047049800,4232.0
36047049900,1753.0
36047050000,3474.0
36047050100,2786.0
36047050202,2201.0
36047050300,2582.0
36047050400,4527.0
36047050500,4163.0
36047050600,6016.0
36047050700,2288.0
36047050801,4080.0
36047050803,2464.0
36047050804,6250.0
36047050900,3694.0
36047051001,3926.0
36047051002,4725.0
36047051100,3933.0
36047051200,6398.0
36047051300,4332.0
36047051400,7366.0
36047051500,1372.0
36047051601,5732.0
36047051602,4028.0
36047051700,1735.0
36047051800,3415.0
36047051900,3564.0
36047052000,4228.0
36047052300,5469.0
36047052500,3499.0
36047052600,4357.0
36047052700,6629.0
36047052800,1818.0
36047052900,3979.0
36047053000,3465.0
36047053100,7027.0
36047053200,2579.0
36047053300,6566.0
36047053400,4383.0
36047053500,4348.0
36047053700,3575.0
36047053800,4473.0
36047053900,2756.0
36047054200,4450.0
36047054300,327.0
36047054400,3406.0
36047054500,8008.0
36047054600,4346.0
36047054700,5245.0
36047054800,1989.0
36047054900,3122.0
36047055000,3551.0
36047055100,4597.0
36047055200,3498.0
36047055300,2596.0
36047055400,4216.0
36047055500,1959.0
36047055600,3712.0
36047055700,1655.0
36047055800,2390.0
36047056000,3493.0
36047056100,3295.0
36047056200,1654.0
36047056300,4360.0
36047056400,2451.0
36047056500,3255.0
36047056600,2419.0
36047056800,1314.0
36047056900,1630.0
36047057000,3384.0
36047057100,4400.0
36047057200,5443.0
36047057300,2608.0
36047057400,2657.0
36047057500,4249.0
36047057600,2918.0
36047057800,3176.0
36047057900,1117.0
36047058000,3365.0
36047058200,2967.0
36047058400,3620.0
36047058600,2519.0
36047058800,3245.0
36047058900,1904.0
36047059000,1899.0
36047059100,3920.0
36047059200,3870.0
36047059300,2228.0
36047059401,7628.0
36047059402,4551.0
36047059600,2306.0
36047059800,3427.0
36047060000,6067.0
36047060600,2555.0
36047060800,3574.0
36047061002,4508.0
36047061003,1984.0
36047061004,6447.0
36047061200,1076.0
36047061600,1656.0
36047062000,1850.0
36047062200,3252.0
36047062600,2788.0
36047062800,5226.0
36047063200,1447.0
36047063600,1236.0
36047063800,1524.0
36047064000,1599.0
36047064200,2518.0
36047064400,2528.0
36047064600,2189.0
36047064800,1945.0
36047065000,1389.0
36047065200,1232.0
36047065400,1607.0
36047065600,1708.0
36047065800,1762.0
36047066000,1773.0
36047066200,1411.0
36047067000,2680.0
36047067200,1422.0
36047067400,1964.0
36047067600,1657.0
36047067800,2660.0
36047068000,1809.0
36047068200,2432.0
36047068600,1533.0
36047068800,1614.0
36047069000,1791.0
36047069200,2392.0
36047069601,3780.0
36047069602,5995.0
36047069800,1277.0
36047070000,1703.0
36047070201,6573.0
36047070600,2700.0
36047072000,2167.0
36047072200,2655.0
36047072400,1755.0
36047072600,2093.0
36047072800,3193.0
36047073000,1979.0
36047073200,2096.0
36047073400,1889.0
36047073600,3368.0
36047073800,3225.0
36047074000,3531.0
36047074200,3292.0
36047074400,2492.0
36047074600,2003.0
36047074800,2012.0
36047075000,3029.0
36047075200,1130.0
36047075400,1488.0
36047075600,1993.0
36047075800,1816.0
36047076000,2776.0
36047076200,4235.0
36047076400,3487.0
36047076600,2061.0
36047076800,3407.0
36047077000,2722.0
36047077200,3394.0
36047077400,2881.0
36047077600,3806.0
36047078000,2092.0
36047078200,3864.0
36047078400,2348.0
36047078600,4256.0
36047078800,3422.0
36047079000,5094.0
36047079200,4372.0
36047079400,1864.0
36047079601,4413.0
36047079602,4814.0
36047079801,3037.0
36047079802,5451.0
36047080000,3487.0
36047080200,4304.0
36047080400,3250.0
36047080600,3386.0
36047080800,1197.0
36047081000,2300.0
36047081400,2635.0
36047081600,2791.0
36047081800,4551.0
36047082000,5281.0
36047082200,7280.0
36047082400,4730.0
36047082600,5513.0
36047082800,3814.0
36047083000,5997.0
36047083200,2289.0
36047083400,1701.0
36047083600,1929.0
36047083800,2189.0
36047084000,2412.0
36047084600,1963.0
36047084800,1750.0
36047085000,1374.0
36047085400,2052.0
36047085600,3608.0
36047085800,2434.0
36047086000,3426.0
36047086200,2996.0
36047086400,2231.0
36047086600,3149.0
36047086800,3156.0
36047087000,3204.0
36047087200,2868.0
36047087401,3142.0
36047087600,1742.0
36047087800,3006.0
36047088000,2863.0
36047088200,6740.0
36047088400,5236.0
36047088600,4427.0
36047088800,3923.0
36047089000,6319.0
36047089200,3651.0
36047089400,3430.0
36047089600,3546.0
36047089800,2089.0
36047090000,5508.0
36047090200,3451.0
36047090600,4581.0
36047090800,3990.0
36047091000,5610.0
36047091200,6814.0
36047091600,4325.0
36047091800,2804.0
36047092000,3154.0
36047092200,2691.0
36047092400,2656.0
36047092800,2656.0
36047093000,2547.0
36047093200,1142.0
36047093400,2401.0
36047093600,1628.0
36047093800,2374.0
36047094401,3202.0
36047094402,2886.0
36047094600,1830.0
36047095000,2906.0
36047095400,4607.0
36047095600,4042.0
36047095800,3456.0
36047096200,1717.0
36047096400,2361.0
36047096600,2164.0
36047096800,1471.0
36047097000,2105.0
36047097400,2724.0
36047098200,4305.0
36047098400,1978.0
36047098600,2862.0
36047098800,3054.0
36047099000,1422.0
36047099200,1833.0
36047099400,1978.0
36047099600,3631.0
36047099800,3784.0
36047100400,2567.0
36047100600,2489.0
36047100800,2124.0
36047101000,2318.0
36047101200,1932.0
36047101400,2160.0
36047101600,1464.0
36047101800,1851.0
36047102000,1922.0
36047102200,2075.0
36047102400,2123.0
36047102600,2771.0
36047102800,1579.0
36047103400,3918.0
36047105801,6928.0
36047105804,6426.0
36047107000,322.0
36047107800,3849.0
36047109800,1917.0
36047110400,4358.0
36047110600,4311.0
36047111000,3216.0
36047111600,3484.0
36047111800,3053.0
36047112000,3155.0
36047112200,3371.0
36047112400,3416.0
36047112600,3783.0
36047112800,3822.0
36047113000,3891.0
36047113200,1937.0
36047113400,2838.0
36047114201,1578.0
36047114202,2766.0
36047114400,2403.0
36047114600,2998.0
36047115000,2595.0
36047115200,3094.0
36047115600,4315.0
36047115800,2983.0
36047116000,2543.0
36047116200,2157.0
36047116400,2921.0
36047116600,2907.0
36047116800,2057.0
36047117000,1880.0
36047117201,2713.0
36047117202,3907.0
36047117400,4329.0
36047117601,2750.0
36047117602,3313.0
36047117800,1717.0
36047118201,3002.0
36047118202,3083.0
36047118400,5420.0
36047118600,2969.0
36047118800,4651.0
36047119000,2127.0
36047119200,3013.0
36047119400,3914.0
36047119600,5403.0
36047119800,3426.0
36047120000,2148.0
36047120200,1900.0
36047120800,8938.0
36047121000,4035.0
36047121400,4351.0
36047122000,5495.0
36047123700,6008.0
36047150200,2540.0
36047152200,3317.0
36061000201,3058.0
36061000202,7316.0
36061000600,11367.0
36061000700,8109.0
36061000800,10290.0
36061000900,731.0
36061001001,1434.0
36061001002,6547.0
36061001200,3397.0
36061001300,4479.0
36061001401,3005.0
36061001402,2782.0
36061001501,5518.0
36061001502,7476.0
36061001600,8478.0
36061001800,8660.0
36061002000,4917.0
36061002100,6040.0
36061002201,6398.0
36061002202,2189.0
36061002400,5434.0
36061002500,4869.0
36061002601,3772.0
36061002602,4227.0
36061002700,1264.0
36061002800,7114.0
36061002900,6398.0
36061003001,4492.0
36061003002,3106.0
36061003100,2550.0
36061003200,8234.0
36061003300,5156.0
36061003400,6612.0
36061003601,3393.0
36061003602,3151.0
36061003700,2447.0
36061003800,9237.0
36061003900,5860.0
36061004000,8651.0
36061004100,7817.0
36061004200,5145.0
36061004300,4270.0
36061004400,16538.0
36061004500,1136.0
36061004700,2524.0
36061004800,7229.0
36061004900,4942.0
36061005000,5055.0
36061005200,3408.0
36061005400,4536.0
36061005501,4204.0
36061005502,2257.0
36061005600,3322.0
36061005700,2781.0
36061005800,3512.0
36061005900,5401.0
36061006000,4511.0
36061006100,5224.0
36061006200,4437.0
36061006300,6380.0
36061006400,8090.0
36061006500,6202.0
36061006600,11740.0
36061006700,5461.0
36061006800,7614.0
36061006900,2759.0
36061007000,8871.0
36061007100,5429.0
36061007200,8664.0
36061007300,6215.0
36061007400,4319.0
36061007500,4159.0
36061007600,2277.0
36061007700,5966.0
36061007800,8391.0
36061007900,4442.0
36061008000,5377.0
36061008100,8047.0
36061008200,3262.0
36061008300,4092.0
36061008400,1595.0
36061008601,2618.0
36061008603,4799.0
36061008700,6338.0
36061008800,7026.0
36061008900,5708.0
36061009000,7883.0
36061009100,6304.0
36061009200,1806.0
36061009300,8780.0
36061009400,73.0
36061009500,3040.0
36061009600,155.0
36061009700,5224.0
36061009800,7316.0
36061009900,1945.0
36061010000,1992.0
36061010100,1116.0
36061010200,230.0
36061010300,2058.0
36061010400,966.0
36061010601,7351.0
36061010602,4875.0
36061010800,9039.0
36061010900,183.0
36061011000,7169.0
36061011100,3512.0
36061011201,992.0
36061011202,441.0
36061011203,1401.0
36061011300,117.0
36061011401,1412.0
36061011402,2397.0
36061011500,2303.0
36061011600,3543.0
36061011700,3364.0
36061011800,8767.0
36061011900,1120.0
36061012000,3971.0
36061012100,8554.0
36061012200,3633.0
36061012400,10218.0
36061012500,2719.0
36061012600,12774.0
36061012700,6928.0
36061012800,6270.0
36061012900,6038.0
36061013000,4195.0
36061013100,2816.0
36061013200,10590.0
36061013300,6208.0
36061013400,11174.0
36061013500,6596.0
36061013600,15344.0
36061013700,6471.0
36061013800,12444.0
36061013900,9257.0
36061014000,7813.0
36061014200,4462.0
36061014401,4864.0
36061014402,6743.0
36061014500,5542.0
36061014601,4274.0
36061014602,7904.0
36061014700,2755.0
36061014801,2863.0
36061014802,7066.0
36061014900,5842.0
36061015001,2294.0
36061015002,5437.0
36061015100,8306.0
36061015200,7275.0
36061015300,9320.0
36061015400,13749.0
36061015500,9350.0
36061015601,5345.0
36061015602,2298.0
36061015700,10751.0
36061015801,5650.0
36061015802,3346.0
36061015900,9623.0
36061016001,3744.0
36061016002,3131.0
36061016100,6437.0
36061016200,9308.0
36061016300,6624.0
36061016400,6127.0
36061016500,6402.0
36061016600,7317.0
36061016700,6564.0
36061016800,5675.0
36061016900,8108.0
36061017000,7855.0
36061017100,8989.0
36061017200,5504.0
36061017300,8939.0
36061017401,5248.0
36061017402,2093.0
36061017500,10820.0
36061017700,9151.0
36061017800,3912.0
36061017900,9293.0
36061018000,7476.0
36061018100,8866.0
36061018200,6768.0
36061018300,8667.0
36061018400,7835.0
36061018500,4190.0
36061018600,5701.0
36061018700,8974.0
36061018800,6008.0
36061018900,11547.0
36061019000,3083.0
36061019100,8807.0
36061019200,3584.0
36061019300,9009.0
36061019400,6558.0
36061019500,8197.0
36061019600,3931.0
36061019701,641.0
36061019702,2090.0
36061019800,1914.0
36061019900,10064.0
36061020000,2581.0
36061020101,1731.0
36061020102,3865.0
36061020300,3633.0
36061020500,5322.0
36061020600,2942.0
36061020701,3329.0
36061020800,4591.0
36061020901,3673.0
36061021000,6637.0
36061021100,10330.0
36061021200,4412.0
36061021303,5619.0
36061021400,3001.0
36061021500,3068.0
36061021600,7556.0
36061021800,6617.0
36061021900,6023.0
36061022000,5370.0
36061022102,2175.0
36061022200,2644.0
36061022301,7917.0
36061022302,3385.0
36061022400,6427.0
36061022500,10149.0
36061022600,3778.0
36061022700,4864.0
36061022800,5248.0
36061022900,8300.0
36061023000,8106.0
36061023100,5865.0
36061023200,7980.0
36061023300,6527.0
36061023400,4465.0
36061023501,6004.0
36061023502,1819.0
36061023600,6404.0
36061023700,6811.0
36061023801,9723.0
36061023802,1938.0
36061023900,2371.0
36061024000,1648.0
36061024100,7642.0
36061024200,3396.0
36061024301,3946.0
36061024302,7370.0
36061024500,14934.0
36061024700,7074.0
36061024900,1101.0
36061025100,2526.0
36061025300,11236.0
36061025500,5771.0
36061025700,3876.0
36061025900,3496.0
36061026100,12087.0
36061026300,8729.0
36061026500,7021.0
36061026700,2173.0
36061026900,8428.0
36061027100,8196.0
36061027300,6370.0
36061027500,2846.0
36061027700,7086.0
36061027900,10292.0
36061028100,2867.0
36061028300,7627.0
36061028500,7216.0
36061028700,4035.0
36061029100,11288.0
36061029300,9033.0
36061029500,6941.0
36061029700,161.0
36061029900,3834.0
36061030300,3753.0
36061030700,3434.0
36061030900,8463.0
36061031703,7709.0
36061031704,5677.0
36081000100,4949.0
36081000200,2829.0
36081000400,4413.0
36081000600,3729.0
36081000700,4790.0
36081000800,3360.0
36081001000,3502.0
36081001200,3871.0
36081001400,3683.0
36081001600,2831.0
36081001800,2931.0
36081001900,1076.0
36081002000,1797.0
36081002200,2077.0
36081002400,2145.0
36081002500,7571.0
36081002600,2055.0
36081002800,3033.0
36081003000,1399.0
36081003100,1388.0
36081003200,1504.0
36081003300,2474.0
36081003400,2201.0
36081003600,3295.0
36081003800,2287.0
36081003900,1592.0
36081004001,2134.0
36081004002,1270.0
36081004200,4120.0
36081004300,2437.0
36081004401,3500.0
36081004500,2975.0
36081004700,3984.0
36081005100,2231.0
36081005200,2751.0
36081005300,5340.0
36081005400,5257.0
36081005500,1067.0
36081005700,4321.0
36081005800,5414.0
36081005900,4169.0
36081006100,5644.0
36081006201,5128.0
36081006202,6253.0
36081006300,5949.0
36081006501,3676.0
36081006502,3853.0
36081006900,4611.0
36081007100,3963.0
36081007300,4231.0
36081007500,4116.0
36081007700,1478.0
36081007900,3493.0
36081008100,1188.0
36081008300,2950.0
36081008500,1270.0
36081008600,2811.0
36081008700,4582.0
36081008800,3095.0
36081009100,2796.0
36081009400,2834.0
36081009500,2289.0
36081009600,3135.0
36081009700,3580.0
36081009800,2688.0
36081010000,3571.0
36081010100,2552.0
36081010200,2677.0
36081010300,3934.0
36081010400,3147.0
36081010500,4244.0
36081010600,3427.0
36081010800,2980.0
36081011000,3075.0
36081011100,3050.0
36081011200,2358.0
36081011300,4234.0
36081011400,1330.0
36081011500,2325.0
36081011600,2178.0
36081011700,3848.0
36081011800,2628.0
36081011900,1701.0
36081012000,2487.0
36081012100,2064.0
36081012200,2971.0
36081012301,2910.0
36081012400,2914.0
36081012500,1662.0
36081012601,2413.0
36081012602,2578.0
36081012800,2030.0
36081013000,1745.0
36081013200,1772.0
36081013400,5474.0
36081013500,1411.0
36081013600,1972.0
36081013700,1579.0
36081013800,3604.0
36081014000,3705.0
36081014100,1621.0
36081014201,4348.0
36081014202,2838.0
36081014300,4065.0
36081014400,2109.0
36081014500,2246.0
36081014700,3054.0
36081014800,2265.0
36081014900,2674.0
36081015000,2458.0
36081015100,2794.0
36081015200,2721.0
36081015300,2145.0
36081015400,2333.0
36081015500,2251.0
36081015600,3218.0
36081015700,1543.0
36081015801,3737.0
36081015802,4398.0
36081015900,4136.0
36081016100,2377.0
36081016300,4382.0
36081016400,3313.0
36081016600,3278.0
36081016800,2684.0
36081016900,5539.0
36081017000,2600.0
36081017200,2101.0
36081017400,2244.0
36081017600,2143.0
36081017800,1925.0
36081017900,1054.0
36081018000,1090.0
36081018101,4090.0
36081018102,3928.0
36081018200,2267.0
36081018300,6031.0
36081018401,2054.0
36081018402,2223.0
36081018501,3611.0
36081018502,3633.0
36081018600,1623.0
36081018700,3088.0
36081018800,1236.0
36081018900,3492.0
36081019000,1969.0
36081019200,1914.0
36081019400,2628.0
36081019600,2643.0
36081019800,2930.0
36081019900,1028.0
36081020200,1387.0
36081020400,2098.0
36081020500,1202.0
36081020600,1712.0
36081020800,2539.0
36081021200,2754.0
36081021400,6194.0
36081021600,4016.0
36081022001,6074.0
36081022002,5569.0
36081023000,1795.0
36081023200,5090.0
36081023500,8278.0
36081023600,2638.0
36081023800,5101.0
36081024000,5464.0
36081024300,5440.0
36081024500,4942.0
36081024700,1509.0
36081024900,5546.0
36081025100,5720.0
36081025301,4591.0
36081025302,2876.0
36081025400,8207.0
36081025500,1507.0
36081025700,1542.0
36081025800,1978.0
36081025900,3516.0
36081026000,2339.0
36081026100,7414.0
36081026200,1465.0
36081026300,6220.0
36081026400,2257.0
36081026500,4494.0
36081026600,1755.0
36081026700,6002.0
36081026901,5304.0
36081026902,4444.0
36081027000,1647.0
36081027100,8726.0
36081027200,1846.0
36081027300,8631.0
36081027400,1735.0
36081027500,6887.0
36081027600,1165.0
36081027700,8757.0
36081027800,2256.0
36081027900,6317.0
36081028000,1551.0
36081028100,5722.0
36081028200,1545.0
36081028300,7415.0
36081028400,3438.0
36081028500,4729.0
36081028700,6232.0
36081028800,4230.0
36081028900,5176.0
36081029100,7039.0
36081029300,1351.0
36081029400,6664.0
36081029500,3670.0
36081029700,2162.0
36081030600,4213.0
36081030902,7992.0
36081030903,6743.0
36081030904,3712.0
36081031700,6151.0
36081032000,4645.0
36081032700,4255.0
36081032800,2409.0
36081032900,4018.0
36081033000,6170.0
36081033401,3128.0
36081033402,12575.0
36081033700,3619.0
36081033900,3400.0
36081034700,3268.0
36081035100,4240.0
36081035200,2414.0
36081035300,2690.0
36081035700,4947.0
36081035800,3927.0
36081036100,2426.0
36081036300,2397.0
36081036500,3885.0
36081036600,2592.0
36081036700,2676.0
36081036800,2362.0
36081037100,1597.0
36081037300,2532.0
36081037500,3783.0
36081037600,5598.0
36081037700,4227.0
36081037900,6214.0
36081038100,6808.0
36081038302,56.0
36081038400,2333.0
36081039400,2814.0
36081039800,1657.0
36081039900,4132.0
36081040000,1267.0
36081040100,7527.0
36081040200,1368.0
36081040300,6777.0
36081040400,3918.0
36081040500,3303.0
36081040700,8304.0
36081040900,5094.0
36081041100,3947.0
36081041300,4464.0
36081041400,4033.0
36081041500,4278.0
36081042400,2161.0
36081042600,512.0
36081042700,4604.0
36081043200,1166.0
36081043400,1956.0
36081043701,3381.0
36081043702,6476.0
36081043900,4790.0
36081044000,3669.0
36081044301,4033.0
36081044302,5223.0
36081044400,3236.0
36081044601,3367.0
36081044602,4596.0
36081044800,2571.0
36081045000,1943.0
36081045200,1153.0
36081045400,4773.0
36081045500,12330.0
36081045600,1338.0
36081045700,3355.0
36081045800,2016.0
36081045900,3975.0
36081046000,6006.0
36081046100,3089.0
36081046200,7296.0
36081046300,4284.0
36081046400,1643.0
36081046500,4247.0
36081046600,3058.0
36081046700,7112.0
36081046800,3829.0
36081046900,8570.0
36081047000,3247.0
36081047100,4425.0
36081047200,3760.0
36081047300,3997.0
36081047500,4835.0
36081047600,1326.0
36081047800,5294.0
36081047900,5456.0
36081048000,2506.0
36081048100,6781.0
36081048200,1452.0
36081048300,4047.0
36081048400,4979.0
36081048500,4598.0
36081048900,1486.0
36081049200,4750.0
36081049301,2134.0
36081049302,2811.0
36081049500,1358.0
36081049600,3030.0
36081049700,3021.0
36081049900,5071.0
36081050000,4323.0
36081050201,1410.0
36081050202,1344.0
36081050400,1831.0
36081050500,1657.0
36081050600,1553.0
36081050700,3442.0
36081050800,1837.0
36081051000,1540.0
36081051100,2097.0
36081051200,2619.0
36081051300,2367.0
36081051500,2852.0
36081051600,1866.0
36081051700,1957.0
36081051800,1931.0
36081052000,1521.0
36081052100,1983.0
36081052200,1532.0
36081052400,1739.0
36081052500,2063.0
36081052600,1802.0
36081052800,1442.0
36081053000,2240.0
36081053100,3114.0
36081053200,1675.0
36081053401,1907.0
36081053500,1123.0
36081053601,1577.0
36081053800,1755.0
36081053900,4147.0
36081054000,4222.0
36081054200,5074.0
36081054500,3722.0
36081054700,4643.0
36081054800,2319.0
36081054900,5308.0
36081055100,4573.0
36081055200,3064.0
36081055300,2454.0
36081055400,2303.0
36081055500,2147.0
36081055600,2153.0
36081055700,3915.0
36081055800,1732.0
36081055900,1217.0
36081056000,1647.0
36081056100,73.0
36081056200,1517.0
36081056400,1783.0
36081056500,1567.0
36081056600,1487.0
36081056700,4574.0
36081056800,4550.0
36081057700,3625.0
36081057900,1592.0
36081058000,3641.0
36081058100,2662.0
36081058200,4490.0
36081058300,3254.0
36081058500,4062.0
36081058700,3296.0
36081058900,4196.0
36081059000,1074.0
36081059100,5826.0
36081059200,1280.0
36081059300,3881.0
36081059400,1537.0
36081059500,4700.0
36081059600,1304.0
36081059800,1643.0
36081059900,1525.0
36081060000,1056.0
36081060100,2111.0
36081060300,1706.0
36081060600,1381.0
36081060800,1413.0
36081061000,1268.0
36081061200,1597.0
36081061301,5295.0
36081061400,1234.0
36081061601,2180.0
36081061602,1152.0
36081061800,1583.0
36081061900,2783.0
36081062000,1440.0
36081062100,2746.0
36081062200,1983.0
36081062300,1789.0
36081062500,2388.0
36081062600,2620.0
36081062700,2879.0
36081062900,2782.0
36081063000,1579.0
36081063200,2134.0
36081063301,1416.0
36081063302,1476.0
36081063500,2513.0
36081063700,3148.0
36081063800,3425.0
36081063900,2747.0
36081064101,1960.0
36081064102,113.0
36081064500,1979.0
36081064600,2829.0
36081065000,2650.0
36081065400,2788.0
36081065600,4853.0
36081065702,1675.0
36081065703,2597.0
36081065900,1666.0
36081066000,3233.0
36081066100,1495.0
36081066300,2601.0
36081066400,9612.0
36081066501,3275.0
36081066701,2575.0
36081066900,1706.0
36081067100,2100.0
36081067700,1786.0
36081067900,4094.0
36081068000,4708.0
36081068200,1102.0
36081068300,4210.0
36081068700,4630.0
36081069000,3252.0
36081069300,2883.0
36081069400,3314.0
36081069500,2128.0
36081069701,3616.0
36081069702,3911.0
36081070300,2010.0
36081070700,2303.0
36081070900,2483.0
36081071100,5272.0
36081071303,4973.0
36081071304,6136.0
36081071305,4871.0
36081071306,5811.0
36081071701,5161.0
36081071702,3921.0
36081071900,2630.0
36081072100,4963.0
36081072300,2127.0
36081072900,1363.0
36081073100,1515.0
36081073700,2042.0
36081073900,5028.0
36081074100,3015.0
36081074300,4221.0
36081074500,3571.0
36081074700,3386.0
36081074900,1453.0
36081075701,4678.0
36081075702,4481.0
36081076901,4056.0
36081076902,1371.0
36081077300,2234.0
36081077500,2273.0
36081077902,5263.0
36081077903,2972.0
36081077904,6155.0
36081077905,2455.0
36081077906,3633.0
36081077907,3193.0
36081077908,3755.0
36081078800,1818.0
36081079000,2549.0
36081079200,2280.0
36081079701,7055.0
36081079702,4502.0
36081079900,3425.0
36081080301,4382.0
36081080302,3504.0
36081080900,6850.0
36081081400,3543.0
36081081800,3478.0
36081083700,5388.0
36081083800,4970.0
36081084000,6478.0
36081084500,5318.0
36081084601,2730.0
36081084602,1053.0
36081084900,7642.0
36081085300,5764.0
36081085500,6649.0
36081085700,5953.0
36081085900,5873.0
36081086100,2370.0
36081086300,7277.0
36081086400,2634.0
36081086500,4514.0
36081086900,2131.0
36081087100,1752.0
36081088400,7337.0
36081088901,10266.0
36081089200,7430.0
36081090700,1355.0
36081091601,4079.0
36081091900,5766.0
36081092200,2206.0
36081092500,3681.0
36081092800,3246.0
36081092900,6496.0
36081093401,3789.0
36081093402,3657.0
36081093800,5218.0
36081093900,4400.0
36081094201,3380.0
36081094202,4700.0
36081094203,5369.0
36081094500,3971.0
36081094700,2577.0
36081095400,5368.0
36081096400,4441.0
36081097202,2795.0
36081097203,6865.0
36081097204,3544.0
36081097300,2016.0
36081098100,2249.0
36081098700,2444.0
36081099100,6507.0
36081099200,3803.0
36081099701,2670.0
36081099703,3892.0
36081099704,6868.0
36081099705,2632.0
36081099801,7608.0
36081099802,5283.0
36081100801,2327.0
36081100802,8106.0
36081101001,9943.0
36081101002,4138.0
36081101700,5689.0
36081102900,3319.0
36081103201,6456.0
36081103202,6197.0
36081103300,4116.0
36081103900,6151.0
36081104700,7314.0
36081105900,3556.0
36081107201,2443.0
36081108500,2613.0
36081109300,3034.0
36081109700,1887.0
36081109900,3277.0
36081111300,2559.0
36081112300,2102.0
36081112900,2242.0
36081113300,1537.0
36081113900,3322.0
36081114100,2406.0
36081114700,1673.0
36081115100,1116.0
36081115500,2114.0
36081115700,3388.0
36081115900,3991.0
36081116100,4589.0
36081116300,9104.0
36081116700,2067.0
36081117100,2743.0
36081117500,4990.0
36081118100,1840.0
36081118500,2114.0
36081118700,2521.0
36081118900,2468.0
36081119100,3273.0
36081119300,2252.0
36081119500,1349.0
36081119900,1507.0
36081120100,1668.0
36081120300,1642.0
36081120500,3024.0
36081120700,2794.0
36081121500,4101.0
36081122300,3533.0
36081122701,10910.0
36081122702,6427.0
36081124100,3897.0
36081124700,3550.0
36081125700,3203.0
36081126500,1660.0
36081126700,4057.0
36081127700,3633.0
36081128300,73.0
36081129102,3341.0
36081129103,3566.0
36081129104,4102.0
36081130100,3791.0
36081133300,3679.0
36081133900,1302.0
36081134100,3259.0
36081134700,9572.0
36081136700,5879.0
36081137700,6606.0
36081138501,4743.0
36081138502,72.0
36081139900,1744.0
36081140300,2302.0
36081140901,914.0
36081140902,2603.0
36081141700,4475.0
36081142900,3624.0
36081143500,2199.0
36081144100,2926.0
36081144700,2927.0
36081145101,1360.0
36081145102,2468.0
36081145900,2772.0
36081146300,3000.0
36081146700,2736.0
36081147100,3341.0
36081147900,4241.0
36081148300,2863.0
36081150701,2930.0
36081150702,3178.0
36081152901,6401.0
36081152902,5126.0
36081155101,1806.0
36081155102,8185.0
36081156700,1790.0
36081157101,7216.0
36081157102,1996.0
36081157901,4800.0
36081157902,3836.0
36081157903,3944.0
36081161700,4297.0
36081162100,6197.0
36085000300,1927.0
36085000600,2408.0
36085000700,4915.0
36085000800,5583.0
36085000900,2112.0
36085001100,3987.0
36085001700,1788.0
36085001800,731.0
36085002001,2504.0
36085002002,3258.0
36085002100,4236.0
36085002700,2217.0
36085002900,5207.0
36085003300,3402.0
36085003600,2510.0
36085003900,2197.0
36085004000,12998.0
36085004700,3863.0
36085005000,3847.0
36085005900,2635.0
36085006400,3550.0
36085006700,2758.0
36085007000,8525.0
36085007400,4693.0
36085007500,3914.0
36085007700,1535.0
36085008100,4301.0
36085009601,4024.0
36085009602,3461.0
36085009700,3925.0
36085010500,5153.0
36085011201,5758.0
36085011202,6428.0
36085011401,3067.0
36085011402,3450.0
36085012100,3065.0
36085012200,3813.0
36085012500,2939.0
36085012804,4259.0
36085012805,3158.0
36085012806,5955.0
36085013201,1558.0
36085013203,5433.0
36085013204,4843.0
36085013301,1633.0
36085013302,3587.0
36085013400,3946.0
36085013800,6535.0
36085014100,2690.0
36085014604,6422.0
36085014605,3836.0
36085014606,6372.0
36085014607,4552.0
36085014608,3510.0
36085014700,3412.0
36085015100,5141.0
36085015601,6330.0
36085015602,3320.0
36085015603,4265.0
36085016901,2970.0
36085017005,4507.0
36085017007,4968.0
36085017008,7388.0
36085017009,4299.0
36085017010,8583.0
36085017011,4549.0
36085017012,4279.0
36085017300,2523.0
36085017600,4815.0
36085017700,7001.0
36085018100,2974.0
36085018701,1807.0
36085018702,7485.0
36085018901,5333.0
36085018902,5064.0
36085019700,1867.0
36085019800,6300.0
36085020100,3572.0
36085020700,6399.0
36085020801,8977.0
36085020803,6463.0
36085020804,5323.0
36085021300,5376.0
36085022300,2880.0
36085022600,8490.0
36085022800,105.0
36085023100,4683.0
36085023900,3250.0
36085024401,5823.0
36085024402,4259.0
36085024700,2702.0
36085024800,4741.0
36085025100,5714.0
36085027301,3820.0
36085027302,3667.0
36085027702,6193.0
36085027704,4108.0
36085027705,5351.0
36085027706,2950.0
36085027900,2137.0
36085029102,2953.0
36085029103,7245.0
36085029104,6735.0
36085030301,4929.0
36085030302,6369.0
36085031901,3265.0
36085031902,4848.0
36085032300,1250.0
