,GeoID,SE_Unemploy,SE_Insurance,SE_Poverty,SE_English
0,36005000200,13.5,93.3,23.0,15.4
1,36005000400,6.2,94.9,7.7,10.8
2,36005001600,4.8,93.6,25.3,17.3
3,36005001900,10.7,85.2,30.4,11.1
4,36005002000,18.9,91.0,42.4,13.3
5,36005002300,14.9,94.7,35.9,26.0
6,36005002400,0.0,75.5,0.0,0.0
7,36005002500,8.8,83.9,36.8,25.2
8,36005002701,11.9,91.0,45.1,23.1
9,36005002702,9.7,92.8,47.3,21.9
10,36005002800,2.4,97.2,5.4,5.9
11,36005003100,3.4,93.1,15.9,28.8
12,36005003300,15.6,93.7,43.9,23.2
13,36005003500,12.8,94.7,33.2,28.5
14,36005003700,9.7,90.8,42.2,13.2
15,36005003800,16.7,94.0,23.6,22.7
16,36005003900,7.3,76.2,29.4,20.0
17,36005004001,5.4,94.2,14.1,23.1
18,36005004100,21.5,90.0,39.6,30.2
19,36005004200,2.8,98.5,22.5,11.1
20,36005004300,17.8,86.9,40.3,27.3
21,36005004400,17.2,97.2,48.0,20.8
22,36005004600,11.9,91.8,37.9,17.2
23,36005004800,17.7,83.9,22.1,16.5
24,36005005001,15.8,86.2,37.0,15.7
25,36005005002,12.3,81.3,33.8,23.0
26,36005005100,11.5,95.7,47.1,26.1
27,36005005200,2.0,97.2,33.1,25.0
28,36005005300,26.9,93.5,54.3,11.3
29,36005005400,8.1,82.1,26.0,26.4
30,36005005600,11.3,91.1,29.7,29.1
31,36005005902,3.7,92.2,27.3,17.2
32,36005006000,11.0,97.3,26.6,19.9
33,36005006100,9.9,95.8,11.5,9.3
34,36005006200,17.9,90.3,43.0,23.1
35,36005006300,6.3,87.2,24.7,26.2
36,36005006400,7.8,90.3,22.3,19.1
37,36005006500,10.1,83.6,31.7,11.6
38,36005006700,9.8,90.4,36.2,30.6
39,36005006800,8.3,87.0,15.2,10.8
40,36005006900,5.6,94.3,32.5,21.8
41,36005007000,4.1,92.7,16.4,20.7
42,36005007100,5.6,90.6,20.5,20.9
43,36005007200,9.7,90.5,20.3,29.5
44,36005007300,19.4,88.7,42.1,24.8
45,36005007400,3.9,95.5,22.4,16.1
46,36005007500,10.0,88.0,25.8,16.8
47,36005007600,10.9,81.6,25.6,24.0
48,36005007700,11.8,87.4,27.2,33.8
49,36005007800,4.1,91.0,19.7,27.0
50,36005007900,15.2,93.2,42.0,28.6
51,36005008300,15.4,89.7,29.3,28.7
52,36005008400,4.7,94.8,8.1,16.7
53,36005008500,14.9,92.3,32.6,18.8
54,36005008600,6.2,96.1,44.8,15.9
55,36005008700,13.6,88.5,41.2,30.1
56,36005008900,6.5,95.0,23.6,34.8
57,36005009000,7.0,93.4,30.1,14.4
58,36005009200,10.8,94.6,20.8,19.4
59,36005009300,10.3,88.0,35.4,16.8
60,36005009600,15.5,93.8,18.0,26.6
61,36005009800,7.7,96.9,9.8,18.8
62,36005011502,12.9,92.8,47.8,27.9
63,36005011700,12.7,91.3,43.8,27.5
64,36005011800,5.3,96.7,9.4,7.6
65,36005011900,13.2,86.4,31.3,29.6
66,36005012101,7.2,87.4,23.6,18.7
67,36005012102,20.5,84.0,45.0,26.1
68,36005012300,3.4,93.6,21.9,23.4
69,36005012500,11.6,90.6,28.5,26.0
70,36005012701,2.4,97.8,28.5,23.2
71,36005012901,16.3,93.5,31.7,24.9
72,36005013000,4.6,99.1,3.1,8.5
73,36005013100,14.0,93.5,30.5,21.4
74,36005013200,3.4,97.4,6.7,10.3
75,36005013300,12.5,88.6,32.4,21.1
76,36005013500,13.6,90.9,29.7,19.7
77,36005013800,9.8,93.9,9.3,6.8
78,36005014100,4.8,92.7,32.8,26.6
79,36005014300,8.9,94.0,42.6,26.3
80,36005014400,14.1,95.0,39.8,15.6
81,36005014500,16.5,94.5,31.4,33.7
82,36005014701,26.9,92.1,51.3,11.7
83,36005014702,7.7,94.4,37.2,22.2
84,36005014900,15.7,88.9,31.2,23.0
85,36005015100,10.9,84.5,26.1,29.6
86,36005015200,7.8,96.9,16.1,12.3
87,36005015300,10.7,92.0,34.1,18.2
88,36005015500,15.8,90.0,37.5,26.2
89,36005015700,11.6,86.5,29.8,22.0
90,36005015800,6.6,99.9,13.6,8.1
91,36005015900,5.6,87.6,44.7,33.9
92,36005016000,6.6,91.2,10.3,15.6
93,36005016100,12.1,92.6,42.3,29.7
94,36005016200,4.1,98.0,8.8,10.3
95,36005016400,5.1,94.6,8.7,8.1
96,36005016500,8.5,88.7,21.3,14.3
97,36005016600,4.4,95.7,9.9,18.8
98,36005016700,13.4,91.6,41.3,20.0
99,36005016900,16.1,96.6,46.7,23.0
100,36005017300,9.9,89.2,39.3,30.5
101,36005017500,8.2,86.8,34.5,31.1
102,36005017701,10.8,84.1,36.4,33.3
103,36005017702,18.4,88.0,32.1,27.2
104,36005017901,11.1,94.5,33.7,36.4
105,36005017902,8.7,88.6,32.0,28.6
106,36005018101,7.8,87.7,25.6,24.1
107,36005018102,15.3,93.0,28.9,28.5
108,36005018301,8.6,94.0,21.0,25.4
109,36005018302,10.4,89.3,20.9,26.5
110,36005018400,6.9,95.1,13.8,11.8
111,36005018500,14.6,92.3,39.5,19.9
112,36005018900,6.7,86.0,36.8,30.0
113,36005019300,15.9,86.3,30.1,24.7
114,36005019400,11.6,95.5,16.7,12.5
115,36005019500,12.0,88.6,34.3,23.0
116,36005019700,7.1,86.5,33.9,35.6
117,36005019900,6.0,92.3,23.0,26.3
118,36005020000,13.3,87.1,23.0,27.4
119,36005020100,2.0,93.7,32.3,32.5
120,36005020200,3.4,91.1,23.9,19.3
121,36005020400,5.0,94.2,20.3,22.7
122,36005020501,17.6,92.8,40.8,25.9
123,36005020502,11.0,88.3,31.7,32.3
124,36005020601,10.2,91.4,22.2,17.9
125,36005020900,3.6,93.7,31.1,23.9
126,36005021001,8.2,96.0,13.1,15.3
127,36005021002,11.2,96.2,17.7,17.2
128,36005021100,14.8,92.9,29.6,25.6
129,36005021200,6.1,93.7,12.9,16.3
130,36005021301,12.9,100.0,32.6,35.0
131,36005021302,14.8,92.9,37.5,38.8
132,36005021501,13.0,93.9,26.4,28.1
133,36005021502,14.8,90.3,35.5,26.8
134,36005021601,10.7,88.8,25.6,20.9
135,36005021602,7.3,92.8,18.7,16.6
136,36005021700,11.8,91.0,30.7,25.5
137,36005021800,3.5,87.4,21.5,21.2
138,36005021900,5.5,94.6,26.1,40.2
139,36005022000,18.2,84.6,29.9,29.0
140,36005022101,6.1,86.7,37.8,31.8
141,36005022102,11.7,81.9,25.2,33.6
142,36005022200,2.0,89.1,19.5,21.5
143,36005022300,11.3,89.8,33.2,36.0
144,36005022401,14.9,89.9,16.6,9.8
145,36005022403,9.5,89.4,15.4,20.1
146,36005022404,8.9,91.2,9.3,22.2
147,36005022500,12.9,91.0,23.1,27.4
148,36005022701,11.9,93.9,29.9,24.7
149,36005022702,10.2,89.7,31.3,19.0
150,36005022703,12.6,89.0,21.4,20.6
151,36005022800,7.5,89.2,16.6,23.1
152,36005022901,7.1,86.3,30.4,23.2
153,36005022902,12.9,90.2,24.6,25.6
154,36005023000,6.8,95.3,22.8,22.9
155,36005023100,12.7,87.9,42.1,35.0
156,36005023200,5.1,93.0,22.6,22.9
157,36005023301,14.5,89.7,28.6,30.0
158,36005023302,10.3,92.8,30.8,31.1
159,36005023501,9.9,91.5,32.9,36.3
160,36005023502,8.7,89.8,25.2,28.7
161,36005023600,12.5,88.0,24.6,25.0
162,36005023702,16.6,88.9,33.7,33.7
163,36005023703,16.3,90.2,34.8,24.0
164,36005023704,17.9,89.5,50.1,35.3
165,36005023800,8.5,89.9,11.4,20.1
166,36005023900,14.4,88.4,32.7,31.2
167,36005024000,9.8,81.7,24.5,24.6
168,36005024100,8.6,92.2,23.0,26.3
169,36005024300,8.5,92.6,33.6,29.2
170,36005024400,10.9,94.3,8.1,14.6
171,36005024501,12.4,93.5,42.9,36.1
172,36005024502,6.6,94.0,26.7,19.2
173,36005024600,8.7,96.9,11.9,27.0
174,36005024700,7.5,89.7,21.7,21.9
175,36005024800,8.3,87.7,7.9,23.1
176,36005025000,3.9,96.4,6.6,14.8
177,36005025100,8.9,82.6,30.1,29.4
178,36005025200,4.1,90.8,14.3,13.2
179,36005025300,10.2,88.4,24.2,30.6
180,36005025400,6.7,95.2,8.5,13.1
181,36005025500,18.1,90.5,30.4,43.4
182,36005025600,18.2,93.8,16.3,17.3
183,36005025700,6.0,86.7,12.2,21.3
184,36005026100,2.8,97.6,3.3,10.2
185,36005026300,8.4,90.7,37.6,28.2
186,36005026400,5.5,89.7,5.9,22.7
187,36005026500,16.3,85.2,21.2,41.5
188,36005026601,1.7,90.9,12.8,8.6
189,36005026602,6.3,97.2,16.2,9.6
190,36005026701,8.0,88.7,17.3,28.3
191,36005026702,7.5,90.3,32.6,32.6
192,36005026900,8.6,91.3,22.1,23.6
193,36005027300,6.7,92.7,20.2,26.3
194,36005027401,2.9,96.4,3.3,7.7
195,36005027402,4.7,94.6,9.8,10.8
196,36005027600,0.0,100.0,0.0,30.8
197,36005027700,7.9,88.8,26.4,29.3
198,36005027900,5.2,96.0,11.2,23.3
199,36005028100,7.2,97.3,9.7,18.0
200,36005028300,11.7,91.0,35.0,21.6
201,36005028400,18.2,92.3,59.6,0.0
202,36005028500,8.1,93.8,23.5,13.3
203,36005028600,5.3,97.7,6.5,23.0
204,36005028700,9.4,92.5,8.7,18.0
205,36005028800,7.3,91.7,23.6,6.2
206,36005028900,4.4,90.4,16.2,26.2
207,36005029301,6.4,98.0,3.1,4.0
208,36005029302,3.8,97.1,7.8,6.8
209,36005029500,3.5,98.8,4.5,6.5
210,36005029600,6.0,97.9,10.2,15.4
211,36005029700,5.0,94.7,4.5,5.1
212,36005030000,7.7,94.3,10.9,16.5
213,36005030100,0.2,99.6,12.5,16.7
214,36005030200,7.8,91.8,9.9,7.5
215,36005030701,5.3,98.6,3.4,7.1
216,36005030900,6.4,97.5,6.5,6.7
217,36005031000,7.3,96.2,9.2,17.5
218,36005031200,6.8,97.7,3.9,16.1
219,36005031400,7.7,93.9,1.3,22.0
220,36005031600,5.6,93.4,11.8,15.1
221,36005031800,9.6,91.4,6.9,21.6
222,36005031900,17.8,95.9,76.4,5.3
223,36005032300,4.3,94.9,7.1,8.1
224,36005032400,7.7,93.5,41.3,14.9
225,36005032600,5.5,93.8,10.1,22.0
226,36005032800,14.9,92.3,27.3,27.4
227,36005033000,18.9,84.5,19.5,28.1
228,36005033201,5.2,88.3,17.0,21.5
229,36005033202,7.1,92.0,21.2,20.1
230,36005033400,40.0,100.0,20.0,0.0
231,36005033500,6.3,98.3,9.2,6.5
232,36005033600,13.9,97.0,29.8,19.1
233,36005033700,5.5,97.1,3.1,11.8
234,36005033800,13.5,86.0,10.8,15.8
235,36005034000,9.4,89.4,15.8,18.5
236,36005034200,5.5,91.6,16.3,17.8
237,36005034300,0.5,94.8,9.1,7.9
238,36005034400,2.5,93.7,14.7,15.7
239,36005034500,10.9,97.6,12.1,15.9
240,36005034800,4.1,96.7,18.1,13.8
241,36005035000,1.1,92.1,5.1,16.3
242,36005035100,5.0,96.1,7.6,6.2
243,36005035600,8.4,93.9,10.9,6.1
244,36005035800,11.1,95.9,11.5,6.8
245,36005035900,9.8,95.1,29.6,22.7
246,36005036000,8.4,92.4,7.5,16.0
247,36005036100,14.9,95.8,35.2,24.6
248,36005036300,18.8,94.3,32.8,25.9
249,36005036400,7.7,94.9,7.7,1.0
250,36005036501,18.5,94.4,26.2,24.2
251,36005036502,9.5,85.9,26.9,17.7
252,36005036700,14.4,99.0,29.8,16.3
253,36005036800,8.8,94.3,19.1,8.2
254,36005036901,10.0,94.7,37.7,26.9
255,36005036902,20.3,97.6,52.0,18.5
256,36005037000,7.6,91.9,14.9,10.9
257,36005037100,4.7,95.5,28.4,31.1
258,36005037200,7.9,89.2,17.9,10.7
259,36005037300,8.6,89.7,34.6,19.6
260,36005037400,13.7,91.1,29.2,11.9
261,36005037504,9.0,91.8,40.2,28.0
262,36005037600,9.4,94.4,18.0,20.7
263,36005037800,8.4,92.7,20.1,13.6
264,36005037900,14.5,85.3,35.7,22.1
265,36005038000,7.9,91.7,28.7,8.5
266,36005038100,8.2,86.0,23.1,29.5
267,36005038200,16.0,92.5,25.5,9.8
268,36005038301,9.8,87.7,22.7,34.4
269,36005038302,22.1,92.6,43.3,27.2
270,36005038500,11.0,89.0,32.5,19.6
271,36005038600,2.2,93.4,15.7,5.6
272,36005038700,23.8,88.6,39.4,8.7
273,36005038800,7.5,91.2,9.6,4.1
274,36005038900,14.1,90.6,38.1,15.3
275,36005039000,17.3,93.4,18.6,4.6
276,36005039100,11.6,83.0,35.3,22.7
277,36005039200,10.6,91.2,15.8,15.3
278,36005039300,22.9,90.0,40.2,20.4
279,36005039400,11.8,86.7,20.0,7.2
280,36005039500,12.6,93.4,33.4,18.2
281,36005039600,10.5,92.1,14.7,7.0
282,36005039700,9.9,95.9,23.8,6.3
283,36005039800,8.0,96.3,7.9,6.2
284,36005039901,13.0,88.4,47.2,31.8
285,36005039902,19.4,88.0,33.0,28.4
286,36005040100,16.9,84.9,31.6,26.8
287,36005040302,11.7,93.0,16.2,39.2
288,36005040303,12.6,86.9,24.7,36.1
289,36005040304,14.0,93.8,36.5,43.1
290,36005040400,10.9,93.7,10.1,12.5
291,36005040501,6.5,90.5,27.2,25.5
292,36005040502,17.9,96.0,28.7,23.2
293,36005040600,9.1,90.4,19.1,2.7
294,36005040701,11.8,90.1,28.2,24.0
295,36005040702,9.3,89.7,16.8,25.4
296,36005040800,14.5,84.4,22.8,9.7
297,36005040900,13.3,94.1,12.1,10.3
298,36005041100,7.6,87.9,23.0,19.2
299,36005041300,5.5,87.0,17.4,18.3
300,36005041400,5.4,93.9,11.0,13.8
301,36005041500,6.7,88.3,27.1,23.1
302,36005041800,13.9,93.9,21.9,6.9
303,36005041900,11.9,92.0,21.8,21.7
304,36005042000,11.8,87.9,25.0,11.9
305,36005042100,11.2,87.4,22.2,22.8
306,36005042200,8.8,90.1,10.0,9.1
307,36005042300,6.0,89.4,24.7,22.4
308,36005042400,4.9,90.9,9.9,5.8
309,36005042500,12.7,93.7,25.4,24.6
310,36005042600,8.6,93.8,6.4,4.3
311,36005042800,2.3,94.9,8.5,6.6
312,36005042901,6.3,91.9,24.3,32.5
313,36005042902,16.9,90.1,29.8,16.2
314,36005043000,8.8,93.3,16.2,6.1
315,36005043100,8.5,91.8,25.5,24.6
316,36005043400,5.4,93.4,15.4,13.5
317,36005043500,22.7,94.6,38.5,19.5
318,36005043600,6.4,89.1,11.6,2.5
319,36005044200,9.5,91.1,22.4,1.8
320,36005044400,7.6,89.9,5.6,4.2
321,36005044800,5.3,93.7,6.1,1.1
322,36005044901,5.8,91.5,7.6,2.2
323,36005044902,3.5,94.0,10.9,1.7
324,36005045101,4.3,93.7,2.4,5.2
325,36005045102,2.5,92.1,3.8,8.8
326,36005045600,5.3,97.3,3.7,10.4
327,36005045800,16.3,98.4,36.5,22.2
328,36005046000,14.5,96.0,26.9,5.5
329,36005046201,5.6,95.0,9.7,15.6
330,36005046202,14.9,92.7,13.1,9.7
331,36005048400,7.9,90.7,2.5,5.5
332,36005051600,5.6,92.8,6.1,7.7
333,36047000100,2.4,92.2,8.4,2.9
334,36047000200,7.1,85.3,26.7,29.4
335,36047000301,4.5,94.1,14.3,0.3
336,36047000501,6.8,97.6,7.1,5.7
337,36047000502,4.0,96.9,2.6,3.8
338,36047000700,2.5,98.9,7.5,1.3
339,36047000900,4.3,98.9,5.3,1.7
340,36047001100,6.0,97.7,7.9,0.0
341,36047001300,0.7,84.2,24.5,2.0
342,36047001500,6.6,97.3,20.9,9.2
343,36047002000,12.4,79.9,29.5,22.6
344,36047002100,4.1,97.1,5.2,1.0
345,36047002200,9.4,81.6,23.7,31.7
346,36047002300,39.1,89.9,51.4,14.2
347,36047002901,14.2,96.4,41.6,16.8
348,36047003000,4.1,96.6,9.6,13.2
349,36047003100,2.4,98.7,6.0,12.1
350,36047003300,2.9,98.6,11.4,2.8
351,36047003400,0.8,91.1,16.4,14.3
352,36047003500,6.1,94.6,9.5,6.2
353,36047003600,3.7,98.1,12.0,25.1
354,36047003700,0.5,96.9,5.6,2.2
355,36047003800,6.4,95.3,9.7,14.9
356,36047003900,5.1,98.1,4.4,4.7
357,36047004100,4.2,96.6,8.2,4.4
358,36047004300,3.6,97.1,9.6,2.0
359,36047004400,2.3,97.1,5.3,7.6
360,36047004500,2.7,98.0,4.4,1.1
361,36047004600,2.5,99.2,4.4,9.8
362,36047004700,6.8,99.7,8.4,1.5
363,36047004900,4.7,96.2,7.3,3.9
364,36047005000,6.1,97.1,4.1,10.2
365,36047005100,1.5,98.6,4.1,1.4
366,36047005201,3.4,99.3,28.7,29.4
367,36047005202,2.4,96.4,14.9,8.2
368,36047005300,2.6,94.7,13.0,5.2
369,36047005400,2.9,95.6,11.6,11.3
370,36047005601,5.0,94.7,7.6,6.5
371,36047005602,3.5,92.5,6.9,5.6
372,36047005800,13.4,95.8,15.1,17.0
373,36047005900,3.1,91.5,8.1,5.3
374,36047006000,1.9,84.8,9.2,19.0
375,36047006200,0.8,94.7,18.7,24.6
376,36047006300,4.5,95.0,7.5,0.8
377,36047006400,6.6,91.6,8.9,12.9
378,36047006500,3.6,95.4,6.4,0.7
379,36047006600,6.5,91.6,14.4,14.3
380,36047006700,3.9,99.1,4.8,0.4
381,36047006800,7.7,82.7,19.3,21.0
382,36047006900,4.8,98.0,4.2,1.9
383,36047007000,2.2,96.0,7.6,19.6
384,36047007100,15.0,93.9,21.9,10.2
385,36047007200,2.9,87.0,28.1,41.8
386,36047007400,9.9,80.6,42.4,46.0
387,36047007500,1.6,95.7,8.1,5.4
388,36047007600,6.8,75.0,25.0,47.3
389,36047007700,4.7,97.2,7.7,9.2
390,36047007800,5.1,81.9,15.4,45.7
391,36047008000,2.5,84.6,12.5,35.8
392,36047008200,8.9,91.8,21.3,22.7
393,36047008400,4.0,81.1,15.9,34.9
394,36047008500,30.9,91.9,44.6,23.5
395,36047008800,5.9,90.1,10.3,22.9
396,36047009000,5.4,85.3,19.2,34.4
397,36047009200,8.4,89.0,28.9,48.2
398,36047009400,3.9,86.4,20.5,55.5
399,36047009600,5.3,80.0,27.6,40.2
400,36047009800,3.7,82.1,34.3,57.2
401,36047010000,6.4,85.2,19.8,47.5
402,36047010100,3.8,84.7,12.8,20.2
403,36047010200,3.2,86.9,14.7,56.8
404,36047010400,5.3,92.4,21.7,65.6
405,36047010600,5.1,88.9,32.3,64.0
406,36047010800,2.7,81.3,28.4,55.9
407,36047011000,4.0,87.7,22.5,34.9
408,36047011200,5.2,93.4,32.6,44.1
409,36047011400,2.9,93.6,27.4,37.1
410,36047011600,5.3,91.2,21.1,59.4
411,36047011700,2.9,96.5,14.6,11.0
412,36047011800,7.4,91.4,19.7,52.6
413,36047011900,8.3,95.2,13.7,10.5
414,36047012000,5.5,88.5,23.9,55.3
415,36047012100,2.3,93.8,11.3,5.3
416,36047012200,10.4,84.3,27.5,60.9
417,36047012600,6.3,90.8,21.9,31.7
418,36047012700,10.9,95.4,36.5,11.1
419,36047012801,4.7,94.2,41.4,43.7
420,36047012901,4.4,97.3,13.9,2.8
421,36047012902,2.7,98.2,7.0,3.5
422,36047013000,6.2,95.5,12.3,23.9
423,36047013100,5.0,94.8,8.9,3.0
424,36047013200,4.3,94.6,18.0,33.7
425,36047013300,5.0,99.8,5.3,1.9
426,36047013400,7.7,95.7,6.3,12.8
427,36047013500,4.3,98.9,8.8,1.0
428,36047013600,7.3,97.1,11.4,10.4
429,36047013700,5.0,97.9,12.5,2.4
430,36047013800,5.7,93.1,11.8,23.5
431,36047013900,3.0,98.8,8.5,4.3
432,36047014000,3.6,96.8,11.1,22.6
433,36047014100,7.9,95.5,13.9,1.9
434,36047014200,4.3,90.0,7.9,18.8
435,36047014300,5.1,96.0,10.7,9.1
436,36047014500,4.1,91.0,10.4,9.7
437,36047014700,5.7,95.0,10.0,7.4
438,36047014800,3.3,98.1,12.4,20.6
439,36047014900,2.7,95.9,8.9,4.8
440,36047015000,3.3,97.4,10.6,15.7
441,36047015100,2.2,96.2,5.6,4.4
442,36047015200,3.9,96.7,8.8,15.9
443,36047015300,2.9,95.3,2.8,1.7
444,36047015400,100.0,100.0,100.0,0.0
445,36047015500,2.5,98.7,4.2,1.3
446,36047015700,3.4,99.5,5.9,0.0
447,36047015900,3.3,97.8,6.6,0.4
448,36047016000,2.4,90.4,11.0,16.8
449,36047016100,3.2,93.7,11.7,5.8
450,36047016200,9.8,96.3,9.5,7.9
451,36047016300,3.2,93.6,11.3,5.7
452,36047016400,0.0,95.7,0.0,1.6
453,36047016500,2.6,98.2,6.1,1.0
454,36047016600,2.7,98.1,1.4,11.2
455,36047016700,2.4,97.3,2.9,1.4
456,36047016800,1.2,99.4,4.8,30.2
457,36047016900,3.5,99.1,8.1,9.7
458,36047017000,4.9,91.0,9.6,29.2
459,36047017100,3.3,96.6,5.5,2.3
460,36047017200,6.3,92.2,8.2,31.6
461,36047017400,5.4,97.3,6.3,28.3
462,36047017600,8.7,90.8,15.4,36.1
463,36047017800,5.0,85.4,11.7,42.5
464,36047017900,9.9,96.1,20.1,6.6
465,36047018000,4.9,85.6,12.9,30.2
466,36047018100,5.4,96.7,4.9,2.5
467,36047018200,5.4,91.5,14.1,42.9
468,36047018300,5.0,96.7,11.0,2.8
469,36047018400,6.2,96.1,10.8,26.9
470,36047018501,16.7,96.0,41.3,10.6
471,36047018600,4.0,90.7,14.1,30.4
472,36047018700,3.5,92.9,15.1,2.7
473,36047018800,3.8,97.4,10.4,32.9
474,36047019000,11.5,89.2,14.6,35.5
475,36047019100,1.9,96.4,20.8,2.3
476,36047019200,4.9,90.2,21.2,37.9
477,36047019300,9.7,96.1,23.4,3.2
478,36047019400,7.6,86.3,24.7,44.3
479,36047019500,4.7,97.9,8.6,0.7
480,36047019600,7.2,83.6,23.3,39.7
481,36047019700,7.0,97.6,6.8,2.4
482,36047019800,1.7,95.6,10.3,22.0
483,36047019900,5.6,97.6,13.3,5.6
484,36047020000,6.1,89.8,16.2,28.4
485,36047020100,5.5,94.9,7.0,0.7
486,36047020200,7.1,96.3,9.9,22.5
487,36047020300,6.9,97.5,11.1,5.6
488,36047020400,5.7,94.6,8.4,18.3
489,36047020500,4.1,98.6,8.7,3.4
490,36047020600,3.4,93.6,8.6,24.5
491,36047020700,1.9,90.7,3.9,0.9
492,36047020800,3.3,96.0,7.3,36.1
493,36047021000,3.5,91.5,19.5,46.0
494,36047021100,6.7,94.7,17.8,9.8
495,36047021200,10.6,90.2,18.4,45.9
496,36047021300,8.8,94.9,15.4,2.2
497,36047021400,1.7,85.3,30.1,38.5
498,36047021500,7.6,94.3,16.1,1.6
499,36047021600,6.0,92.6,22.6,28.2
500,36047021700,5.6,90.4,16.8,7.7
501,36047021800,1.8,96.1,25.9,19.2
502,36047021900,2.7,91.8,16.5,9.0
503,36047022000,7.0,95.3,45.2,25.2
504,36047022100,6.5,90.9,27.2,2.1
505,36047022200,2.6,97.7,32.0,20.0
506,36047022400,2.0,93.4,21.4,22.1
507,36047022600,6.3,81.9,20.2,35.8
508,36047022700,6.2,98.5,12.1,1.9
509,36047022800,5.1,93.2,37.1,27.9
510,36047022900,5.8,94.3,13.9,0.7
511,36047023000,3.7,95.3,23.0,23.8
512,36047023100,2.8,95.2,8.3,4.0
513,36047023200,3.0,98.6,43.6,16.2
514,36047023300,8.2,95.6,24.2,5.7
515,36047023400,4.3,98.9,40.7,20.5
516,36047023500,2.5,94.2,21.3,12.4
517,36047023600,4.6,98.2,50.1,26.7
518,36047023800,5.1,98.5,22.8,24.1
519,36047024000,4.6,93.3,35.7,23.1
520,36047024100,8.1,89.2,22.8,14.6
521,36047024200,6.7,96.2,15.8,17.0
522,36047024300,10.7,90.3,20.2,7.1
523,36047024400,4.2,92.9,25.9,18.3
524,36047024500,4.0,93.0,9.0,3.6
525,36047024600,7.9,88.2,12.4,36.4
526,36047024700,6.8,93.9,26.3,6.9
527,36047024800,3.6,88.4,11.9,48.1
528,36047024900,7.0,92.9,15.2,2.4
529,36047025000,4.8,84.1,14.0,45.5
530,36047025100,9.4,91.1,28.0,1.1
531,36047025200,13.7,88.4,14.5,37.8
532,36047025300,8.5,87.4,18.4,2.7
533,36047025400,10.5,92.1,26.0,38.0
534,36047025500,13.3,95.1,37.4,24.5
535,36047025600,9.0,89.8,23.4,49.9
536,36047025700,7.3,87.4,25.5,7.9
537,36047025800,6.6,90.0,12.6,39.4
538,36047025901,10.3,88.6,20.4,6.6
539,36047025902,19.9,98.6,58.7,18.5
540,36047026000,5.5,93.4,11.3,47.7
541,36047026100,4.6,92.0,24.6,2.7
542,36047026200,6.4,92.7,11.0,36.0
543,36047026300,10.7,91.7,25.4,6.0
544,36047026400,5.8,91.1,16.9,45.8
545,36047026500,5.8,90.9,15.3,3.9
546,36047026600,2.0,91.9,10.2,49.6
547,36047026700,10.9,92.9,12.6,1.7
548,36047026800,5.0,95.5,13.0,41.4
549,36047026900,9.3,92.8,19.9,0.6
550,36047027000,3.8,93.5,20.3,30.6
551,36047027100,9.6,91.3,13.7,5.0
552,36047027200,6.7,85.9,13.8,39.6
553,36047027300,3.1,87.7,14.0,3.9
554,36047027400,3.9,89.4,12.8,35.1
555,36047027500,3.8,90.5,17.5,3.2
556,36047027600,5.9,74.6,14.8,52.7
557,36047027700,11.8,89.9,21.7,3.2
558,36047027800,10.3,87.7,12.0,38.2
559,36047027900,4.7,96.6,15.1,3.9
560,36047028000,3.4,90.3,15.5,43.1
561,36047028100,9.0,92.1,32.4,8.5
562,36047028200,2.3,93.2,16.3,42.7
563,36047028300,17.2,90.0,30.6,11.2
564,36047028400,8.5,93.9,13.0,46.9
565,36047028501,6.6,78.0,24.0,12.8
566,36047028502,15.3,98.8,37.2,14.7
567,36047028600,5.5,88.4,19.1,51.2
568,36047028700,3.5,88.2,22.2,13.4
569,36047028800,3.0,81.4,15.2,55.5
570,36047028900,6.8,93.6,29.0,10.3
571,36047029000,1.3,91.6,15.9,44.4
572,36047029100,4.1,94.3,8.0,6.5
573,36047029200,7.7,90.1,19.7,43.9
574,36047029300,15.5,95.7,26.1,8.7
575,36047029400,8.7,88.7,23.9,29.3
576,36047029500,4.1,92.7,18.1,3.8
577,36047029600,3.9,88.6,16.9,52.0
578,36047029700,1.3,92.8,15.3,6.2
579,36047029800,2.3,91.2,14.9,41.5
580,36047029900,4.6,94.3,22.3,5.9
581,36047030000,5.3,85.7,14.6,42.7
582,36047030100,12.2,92.0,20.6,3.1
583,36047030200,2.3,93.1,14.2,42.6
584,36047030300,9.9,98.0,22.8,7.2
585,36047030400,6.7,90.2,19.3,41.6
586,36047030500,3.0,97.4,12.8,7.3
587,36047030600,10.4,92.5,19.5,41.6
588,36047030700,10.4,95.7,42.1,4.2
589,36047030800,8.7,93.3,11.8,35.8
590,36047030900,12.5,92.8,14.0,9.0
591,36047031100,12.7,92.7,24.7,5.5
592,36047031300,3.3,92.4,20.8,0.9
593,36047031400,6.1,92.7,9.7,40.5
594,36047031500,3.3,95.4,15.1,5.6
595,36047031701,8.9,92.9,10.3,1.8
596,36047031702,6.4,96.0,9.3,1.3
597,36047031900,3.6,94.9,9.6,1.6
598,36047032100,6.1,91.7,15.5,4.5
599,36047032300,4.8,95.9,16.3,4.9
600,36047032500,3.1,91.7,14.3,11.4
601,36047032600,23.4,93.6,41.9,24.0
602,36047032700,8.5,90.6,14.5,4.3
603,36047032800,17.7,88.6,13.4,41.7
604,36047032900,7.5,95.7,24.6,5.7
605,36047033000,15.8,96.6,32.6,23.8
606,36047033100,15.2,97.5,16.1,14.1
607,36047033300,4.0,96.6,25.7,9.3
608,36047033500,9.0,95.3,17.9,6.9
609,36047033600,3.4,93.2,13.6,26.8
610,36047033700,2.4,83.9,16.3,13.4
611,36047033900,4.1,95.7,27.6,2.5
612,36047034000,7.7,95.7,44.3,32.3
613,36047034100,4.0,86.2,15.3,3.1
614,36047034200,15.6,94.3,42.1,44.0
615,36047034300,9.6,95.1,34.8,9.1
616,36047034500,7.1,88.5,18.5,3.0
617,36047034700,8.9,90.1,22.0,3.6
618,36047034800,6.1,79.7,22.8,34.9
619,36047034900,9.7,89.7,24.1,4.2
620,36047035000,3.0,97.8,15.4,64.4
621,36047035100,8.4,94.9,16.3,10.1
622,36047035200,0.0,97.8,55.1,52.6
623,36047035300,5.5,94.2,17.4,6.8
624,36047035400,4.3,98.4,14.8,42.1
625,36047035500,8.2,88.8,14.1,9.4
626,36047035601,6.2,97.1,22.4,58.6
627,36047035602,3.7,94.4,13.2,48.3
628,36047035700,10.1,93.0,28.9,4.1
629,36047035900,11.9,88.4,40.2,6.4
630,36047036001,8.4,93.9,29.3,74.8
631,36047036002,9.8,92.2,39.8,77.1
632,36047036100,3.9,91.5,34.4,12.1
633,36047036200,5.2,81.4,25.4,54.1
634,36047036300,3.8,91.0,24.2,8.8
635,36047036400,9.2,87.7,22.4,54.2
636,36047036501,4.7,98.2,19.2,0.4
637,36047036502,2.7,97.0,31.6,6.9
638,36047036600,5.6,86.7,24.6,58.0
639,36047036700,3.1,81.4,14.1,12.5
640,36047036900,2.5,88.4,28.8,2.4
641,36047037000,3.9,97.7,15.5,38.8
642,36047037100,5.7,93.8,13.9,4.1
643,36047037300,6.0,93.4,27.3,3.7
644,36047037401,4.9,93.1,17.1,31.2
645,36047037402,5.6,88.1,14.5,54.0
646,36047037500,7.6,85.4,16.7,5.8
647,36047037700,6.0,92.7,23.1,3.7
648,36047037900,2.4,90.7,19.5,2.3
649,36047038100,4.5,91.9,20.5,3.0
650,36047038200,17.4,96.4,36.5,31.6
651,36047038300,6.1,92.8,19.1,3.3
652,36047038500,5.1,94.3,8.7,3.2
653,36047038600,8.1,95.8,12.1,29.6
654,36047038700,7.6,90.9,21.1,1.7
655,36047038800,3.2,95.5,15.3,27.6
656,36047038900,5.7,89.7,17.4,20.6
657,36047039000,4.6,95.3,13.4,36.3
658,36047039100,9.3,90.1,20.4,27.4
659,36047039200,5.0,92.4,12.0,29.3
660,36047039300,7.4,84.8,24.2,12.4
661,36047039400,0.6,94.8,24.3,22.7
662,36047039500,13.0,86.7,24.7,15.0
663,36047039600,4.5,93.3,11.1,12.7
664,36047039700,4.3,89.8,22.6,15.4
665,36047039800,11.7,89.9,14.0,40.0
666,36047039900,7.5,84.9,21.6,15.8
667,36047040000,5.0,91.4,7.4,40.3
668,36047040100,5.0,89.5,28.8,8.5
669,36047040200,8.4,95.7,18.8,44.5
670,36047040300,2.4,89.0,23.6,7.3
671,36047040400,7.3,96.3,16.0,42.5
672,36047040500,1.9,92.9,16.3,5.5
673,36047040600,4.7,92.0,20.7,39.4
674,36047040800,7.7,87.9,8.3,37.6
675,36047040900,6.4,83.3,23.6,24.0
676,36047041000,6.1,93.9,23.0,24.8
677,36047041100,8.7,93.6,27.1,8.7
678,36047041200,4.0,92.5,20.3,40.4
679,36047041300,3.1,90.9,18.6,16.0
680,36047041401,13.2,98.4,24.9,30.2
681,36047041402,7.7,95.0,12.4,28.3
682,36047041500,6.4,92.8,18.9,14.3
683,36047041600,4.6,96.7,16.6,24.5
684,36047041700,4.3,89.9,26.7,31.2
685,36047041800,14.1,96.1,21.1,28.3
686,36047041900,4.3,90.3,20.5,18.1
687,36047042000,10.1,95.2,15.3,21.0
688,36047042100,5.7,87.3,21.3,24.7
689,36047042200,11.5,88.6,13.2,23.3
690,36047042300,8.0,73.1,19.2,17.1
691,36047042400,5.1,87.7,13.2,46.2
692,36047042500,0.0,80.9,18.5,13.5
693,36047042600,3.4,90.9,23.5,52.4
694,36047042700,4.5,85.3,25.4,17.3
695,36047042800,7.9,97.0,11.7,47.8
696,36047042900,4.6,80.5,24.7,14.4
697,36047043000,11.4,91.7,26.9,50.4
698,36047043100,4.1,77.4,22.7,20.7
699,36047043200,7.2,88.4,14.9,39.5
700,36047043300,6.8,87.5,30.2,24.5
701,36047043400,6.4,89.3,27.3,44.8
702,36047043500,3.1,90.8,17.7,23.2
703,36047043600,3.4,87.6,14.7,39.2
704,36047043700,4.6,92.5,16.5,11.1
705,36047043800,4.0,93.7,21.4,29.9
706,36047043900,10.4,92.2,26.0,31.3
707,36047044000,9.4,92.6,19.2,20.7
708,36047044100,7.9,85.7,22.9,20.9
709,36047044200,4.1,95.9,9.7,11.9
710,36047044300,4.1,91.3,18.3,24.7
711,36047044400,2.4,94.1,13.1,26.6
712,36047044500,4.4,81.2,20.1,15.0
713,36047044600,5.8,88.2,20.8,36.5
714,36047044700,3.1,84.8,31.3,14.8
715,36047044800,2.1,98.5,13.9,16.8
716,36047044900,15.2,91.0,44.9,19.6
717,36047045000,0.0,98.1,38.8,0.0
718,36047045200,3.3,98.5,9.3,8.4
719,36047045300,12.0,89.0,40.3,2.6
720,36047045400,2.2,95.3,19.5,12.9
721,36047045600,7.8,97.6,22.5,30.6
722,36047045800,4.2,98.9,6.9,15.0
723,36047046000,5.5,91.2,17.5,24.1
724,36047046201,3.5,95.4,21.0,36.5
725,36047046202,5.5,93.2,19.4,9.7
726,36047046400,2.3,93.7,21.1,20.8
727,36047046800,2.5,97.1,15.9,16.4
728,36047047000,2.7,95.4,14.1,21.0
729,36047047200,3.6,99.7,22.7,23.7
730,36047047400,6.2,97.3,24.2,15.0
731,36047047600,7.9,99.5,19.9,20.2
732,36047047700,2.2,91.8,6.5,2.3
733,36047047800,2.9,95.8,20.4,19.3
734,36047048000,3.1,88.9,26.6,22.0
735,36047048100,4.2,88.1,14.9,16.9
736,36047048200,4.8,93.3,18.6,39.3
737,36047048400,2.7,94.6,22.5,25.1
738,36047048500,4.8,89.1,19.7,11.5
739,36047048600,7.2,89.4,23.2,41.2
740,36047048800,9.2,95.4,13.2,19.4
741,36047048900,18.8,96.8,29.8,26.4
742,36047049000,9.8,96.9,12.9,19.1
743,36047049100,4.0,92.9,19.7,33.0
744,36047049200,6.1,92.4,21.0,28.4
745,36047049300,12.5,92.5,33.6,20.6
746,36047049400,6.7,92.5,14.2,25.9
747,36047049500,6.2,97.0,14.0,6.1
748,36047049600,4.4,85.9,16.4,22.2
749,36047049700,1.8,95.5,7.5,4.9
750,36047049800,7.9,93.2,4.9,26.2
751,36047049900,2.2,95.4,7.0,12.5
752,36047050000,6.4,97.3,2.7,11.0
753,36047050100,6.2,89.7,10.8,7.6
754,36047050202,3.7,99.4,10.3,2.5
755,36047050300,5.0,92.9,11.2,6.3
756,36047050400,2.8,96.4,11.7,8.2
757,36047050500,9.4,92.9,23.3,21.0
758,36047050600,4.6,86.2,18.0,19.6
759,36047050700,8.9,97.1,39.4,17.2
760,36047050801,7.6,81.4,21.5,12.0
761,36047050803,6.7,92.7,23.1,6.5
762,36047050804,1.7,87.1,13.1,13.2
763,36047050900,2.7,97.5,44.6,27.8
764,36047051001,7.4,84.7,15.1,12.9
765,36047051002,3.1,95.3,10.4,13.3
766,36047051100,9.4,94.9,24.1,29.1
767,36047051200,4.9,94.9,16.2,3.2
768,36047051300,3.3,89.2,13.2,9.5
769,36047051400,4.8,82.3,17.4,12.3
770,36047051500,1.2,94.3,6.0,2.8
771,36047051601,5.9,90.1,14.4,8.4
772,36047051602,7.1,87.3,13.3,15.6
773,36047051700,1.8,90.3,9.6,5.8
774,36047051800,4.6,92.4,12.0,12.0
775,36047051900,4.7,96.7,4.9,2.4
776,36047052000,6.4,93.1,13.6,25.8
777,36047052300,5.8,87.5,25.3,15.4
778,36047052500,6.4,96.6,25.3,24.4
779,36047052600,8.4,93.3,13.3,24.3
780,36047052700,10.8,90.7,19.5,18.1
781,36047052800,2.7,94.7,10.9,11.1
782,36047052900,0.9,97.1,44.5,29.8
783,36047053000,7.8,94.8,22.4,31.6
784,36047053100,0.5,95.7,38.4,20.4
785,36047053200,9.8,96.4,16.2,18.2
786,36047053300,3.2,98.3,44.6,37.0
787,36047053400,9.6,93.7,24.9,31.9
788,36047053500,4.5,99.1,40.9,26.0
789,36047053700,7.7,98.3,40.3,20.6
790,36047053800,3.7,90.8,15.7,28.5
791,36047053900,2.7,98.1,36.8,34.2
792,36047054200,3.5,92.9,15.7,34.3
793,36047054300,6.0,82.0,12.4,4.8
794,36047054400,6.2,92.6,17.3,30.7
795,36047054500,7.0,98.4,38.0,36.8
796,36047054600,8.2,94.7,25.1,35.2
797,36047054700,3.3,97.3,31.0,25.3
798,36047054800,5.7,96.2,13.5,25.4
799,36047054900,4.1,95.3,12.0,5.9
800,36047055000,5.4,90.7,14.4,32.7
801,36047055100,4.7,91.3,9.8,12.4
802,36047055200,4.3,83.7,9.2,36.1
803,36047055300,5.1,95.4,10.7,11.6
804,36047055400,6.5,90.0,19.3,36.8
805,36047055500,3.1,97.2,7.4,5.3
806,36047055600,0.9,94.7,17.9,32.2
807,36047055700,4.1,94.7,15.2,8.4
808,36047055800,4.1,95.8,12.2,34.1
809,36047056000,7.6,91.2,11.5,35.4
810,36047056100,2.7,95.6,6.2,5.4
811,36047056200,6.3,98.2,3.7,12.7
812,36047056300,6.3,91.1,15.1,15.2
813,36047056400,4.7,97.0,9.4,29.1
814,36047056500,1.1,94.3,7.3,14.0
815,36047056600,4.2,96.0,7.6,26.6
816,36047056800,3.9,97.1,6.0,23.4
817,36047056900,3.4,93.0,8.0,7.2
818,36047057000,3.6,95.8,5.2,23.2
819,36047057100,5.8,93.2,9.3,17.9
820,36047057200,15.1,95.6,29.9,18.3
821,36047057300,1.7,91.4,11.3,7.0
822,36047057400,4.3,96.4,9.5,34.2
823,36047057500,2.3,91.5,13.0,11.6
824,36047057600,5.5,94.5,9.0,40.7
825,36047057800,6.1,85.4,25.4,38.8
826,36047057900,3.2,87.1,23.9,10.7
827,36047058000,2.2,92.0,15.7,47.4
828,36047058200,2.1,89.8,16.9,39.8
829,36047058400,6.7,95.5,8.7,46.6
830,36047058600,2.6,89.6,12.5,45.8
831,36047058800,5.3,95.1,8.9,50.4
832,36047058900,1.5,93.4,6.2,14.4
833,36047059000,4.6,88.5,17.4,41.2
834,36047059100,4.0,91.5,7.9,12.2
835,36047059200,3.1,91.4,12.8,50.0
836,36047059300,4.6,93.5,14.9,9.4
837,36047059401,5.1,93.8,17.9,45.1
838,36047059402,4.9,94.1,8.5,43.0
839,36047059600,3.9,92.8,10.2,42.0
840,36047059800,7.9,93.6,17.1,38.1
841,36047060000,5.0,94.4,6.1,38.6
842,36047060600,5.3,91.7,15.0,57.3
843,36047060800,8.4,93.1,14.4,43.0
844,36047061002,0.6,91.6,11.2,51.0
845,36047061003,6.6,83.2,24.9,41.6
846,36047061004,2.2,91.1,18.6,69.9
847,36047061200,3.3,93.8,3.6,21.2
848,36047061600,11.4,99.0,13.3,38.7
849,36047062000,6.2,92.6,6.7,24.4
850,36047062200,5.7,91.5,13.6,31.5
851,36047062600,3.6,95.2,13.4,34.0
852,36047062800,8.1,97.8,8.5,6.6
853,36047063200,11.0,93.4,10.7,16.9
854,36047063600,6.5,98.3,10.0,16.9
855,36047063800,5.8,98.5,6.9,18.0
856,36047064000,0.8,99.5,3.6,12.0
857,36047064200,5.0,95.5,15.0,28.2
858,36047064400,0.7,97.5,8.0,10.6
859,36047064600,3.1,98.9,4.8,16.7
860,36047064800,2.3,94.3,3.7,10.7
861,36047065000,8.3,92.1,12.6,24.8
862,36047065200,3.3,99.5,2.8,2.0
863,36047065400,11.8,97.0,9.4,11.7
864,36047065600,0.0,95.7,3.8,8.6
865,36047065800,4.7,98.4,5.0,17.0
866,36047066000,4.5,94.8,1.5,10.9
867,36047066200,8.4,98.7,6.9,13.4
868,36047067000,7.4,94.8,8.6,11.7
869,36047067200,10.9,95.7,2.1,25.8
870,36047067400,3.4,93.7,7.4,8.7
871,36047067600,7.6,92.2,6.0,7.9
872,36047067800,11.1,96.1,2.8,12.8
873,36047068000,4.5,86.2,1.0,10.4
874,36047068200,3.3,90.6,4.1,10.0
875,36047068600,5.3,92.4,6.7,7.2
876,36047068800,3.1,99.3,4.2,6.1
877,36047069000,5.7,93.5,8.3,9.4
878,36047069200,7.1,94.5,0.7,11.0
879,36047069601,4.5,94.3,6.6,15.6
880,36047069602,1.7,95.2,11.3,22.0
881,36047069800,0.5,98.6,0.4,16.7
882,36047070000,2.7,94.8,7.4,6.5
883,36047070201,1.1,98.6,2.7,14.4
884,36047070600,3.6,98.7,3.5,6.5
885,36047072000,7.1,91.3,11.0,19.0
886,36047072200,8.2,91.8,4.6,9.2
887,36047072400,7.2,95.8,6.3,6.6
888,36047072600,6.1,92.6,2.4,17.1
889,36047072800,10.3,95.0,5.3,8.7
890,36047073000,9.1,92.4,2.1,5.8
891,36047073200,5.8,96.2,9.4,8.0
892,36047073400,7.2,94.5,2.4,4.2
893,36047073600,7.0,92.2,13.1,15.5
894,36047073800,3.1,95.6,13.7,18.2
895,36047074000,4.0,97.8,6.6,18.0
896,36047074200,5.9,96.0,10.4,9.0
897,36047074400,5.4,96.1,6.5,5.1
898,36047074600,2.4,93.4,5.5,9.3
899,36047074800,1.5,99.1,12.8,5.8
900,36047075000,7.2,95.0,10.5,8.4
901,36047075200,2.3,100.0,2.4,6.9
902,36047075400,4.6,97.5,3.4,2.9
903,36047075600,5.6,94.2,4.2,22.7
904,36047075800,12.6,96.0,6.5,16.3
905,36047076000,3.0,91.2,22.2,22.2
906,36047076200,1.8,87.8,25.1,25.7
907,36047076400,4.4,89.3,18.4,23.0
908,36047076600,7.7,94.9,9.6,19.8
909,36047076800,4.2,90.2,23.1,21.8
910,36047077000,8.4,91.6,23.1,9.3
911,36047077200,6.1,91.9,8.3,7.5
912,36047077400,8.7,93.6,8.5,11.8
913,36047077600,7.8,94.7,9.1,4.6
914,36047078000,5.5,96.6,5.6,4.6
915,36047078200,7.7,88.0,11.0,8.6
916,36047078400,4.6,83.7,9.5,12.0
917,36047078600,7.6,91.6,16.9,10.5
918,36047078800,8.6,84.9,25.0,10.9
919,36047079000,4.8,89.8,16.1,16.2
920,36047079200,8.7,91.3,16.5,8.0
921,36047079400,4.7,90.7,19.0,10.3
922,36047079601,7.4,92.0,18.3,6.7
923,36047079602,5.1,91.9,13.8,7.5
924,36047079801,5.9,94.0,6.6,3.4
925,36047079802,4.4,87.6,11.0,10.8
926,36047080000,12.3,93.8,11.6,3.1
927,36047080200,6.5,85.7,17.1,5.5
928,36047080400,7.2,91.4,14.3,1.1
929,36047080600,7.9,94.9,17.5,2.5
930,36047080800,29.0,100.0,60.2,18.4
931,36047081000,7.5,90.9,15.0,3.7
932,36047081400,9.5,96.9,16.8,5.0
933,36047081600,4.3,94.3,14.2,10.7
934,36047081800,5.9,88.8,10.2,2.3
935,36047082000,6.1,90.5,22.7,7.1
936,36047082200,6.1,90.2,15.4,10.9
937,36047082400,6.6,86.8,12.0,8.2
938,36047082600,7.5,92.3,8.7,11.9
939,36047082800,5.6,91.6,8.9,5.7
940,36047083000,6.1,91.9,11.0,12.0
941,36047083200,7.1,93.2,8.2,6.3
942,36047083400,7.1,94.3,11.3,7.6
943,36047083600,8.9,94.6,8.4,5.3
944,36047083800,3.4,90.4,3.7,2.0
945,36047084000,6.6,96.4,7.8,5.0
946,36047084600,3.1,95.4,6.7,7.9
947,36047084800,6.2,95.0,7.8,7.0
948,36047085000,8.1,94.8,8.2,5.3
949,36047085200,0.0,76.9,0.0,0.0
950,36047085400,3.0,98.1,13.8,5.9
951,36047085600,5.8,87.6,12.8,10.3
952,36047085800,3.0,93.7,6.3,10.4
953,36047086000,2.7,84.9,9.3,2.8
954,36047086200,1.3,91.5,16.2,5.3
955,36047086400,3.9,92.4,8.9,4.2
956,36047086600,3.5,92.8,14.4,6.1
957,36047086800,5.0,90.8,14.2,1.5
958,36047087000,6.7,94.9,20.2,5.0
959,36047087200,5.0,91.8,17.9,4.4
960,36047087401,14.8,98.0,23.3,7.3
961,36047087600,3.1,98.7,20.6,5.0
962,36047087800,6.3,90.1,12.8,1.4
963,36047088000,3.2,93.1,10.7,3.6
964,36047088200,6.3,94.5,11.6,6.6
965,36047088400,7.4,87.5,15.9,3.2
966,36047088600,18.2,88.2,23.4,6.1
967,36047088800,3.9,89.0,11.9,4.8
968,36047089000,6.8,88.9,20.0,2.6
969,36047089200,14.6,93.9,37.8,2.9
970,36047089400,11.7,87.6,28.3,5.6
971,36047089600,18.2,93.0,27.6,3.1
972,36047089800,15.1,95.0,16.6,2.6
973,36047090000,12.5,96.0,34.7,9.1
974,36047090200,8.6,91.8,40.8,11.8
975,36047090600,30.6,97.2,50.4,12.7
976,36047090800,31.8,86.6,69.8,6.0
977,36047091000,33.5,96.0,53.6,13.0
978,36047091200,20.4,94.5,38.5,10.8
979,36047091600,14.6,93.8,40.0,4.4
980,36047091800,17.5,94.9,33.2,10.0
981,36047092000,16.3,94.5,30.6,8.9
982,36047092200,13.7,98.8,15.1,2.1
983,36047092400,12.4,88.0,21.4,4.0
984,36047092800,4.6,91.6,12.7,6.1
985,36047093000,7.5,91.8,12.6,2.2
986,36047093200,13.1,92.4,6.9,6.3
987,36047093400,4.7,95.8,6.7,0.2
988,36047093600,2.0,94.3,5.6,3.9
989,36047093800,5.8,93.4,7.8,7.1
990,36047094401,7.4,91.9,9.0,6.2
991,36047094402,13.8,97.5,29.8,10.8
992,36047094600,3.5,97.9,9.7,3.6
993,36047095000,5.9,91.9,7.5,9.5
994,36047095400,5.2,94.5,9.1,4.5
995,36047095600,3.4,92.5,11.3,15.8
996,36047095800,3.1,93.5,10.1,10.0
997,36047096200,3.3,93.4,11.5,14.7
998,36047096400,2.4,93.1,10.3,14.2
999,36047096600,3.5,90.8,7.8,10.6
1000,36047096800,5.8,91.0,9.2,8.1
1001,36047097000,8.4,90.8,8.8,16.7
1002,36047097400,4.0,92.1,25.3,7.6
1003,36047098200,12.9,94.5,42.5,8.7
1004,36047098400,4.5,93.5,2.8,8.4
1005,36047098600,8.8,93.7,10.7,7.4
1006,36047098800,5.2,95.3,5.3,8.7
1007,36047099000,3.1,92.8,14.6,8.3
1008,36047099200,6.0,94.7,8.7,14.3
1009,36047099400,3.6,90.6,6.3,7.0
1010,36047099600,5.6,91.4,6.4,13.3
1011,36047099800,2.6,92.0,3.7,6.9
1012,36047100400,2.7,93.9,8.9,6.6
1013,36047100600,5.3,90.6,6.3,5.6
1014,36047100800,7.7,91.2,9.1,9.9
1015,36047101000,2.3,97.4,11.4,8.7
1016,36047101200,4.1,95.3,12.1,8.4
1017,36047101400,6.2,92.8,8.1,10.3
1018,36047101600,8.1,93.3,1.2,8.1
1019,36047101800,8.5,91.5,8.4,4.9
1020,36047102000,6.7,93.4,4.5,7.3
1021,36047102200,3.3,93.0,6.3,8.7
1022,36047102400,6.1,96.0,2.5,6.1
1023,36047102600,0.7,94.3,6.5,2.8
1024,36047102800,2.9,93.2,2.6,9.6
1025,36047103400,7.9,94.4,32.4,2.2
1026,36047105801,4.2,92.7,28.7,27.2
1027,36047105804,7.2,98.3,22.6,21.4
1028,36047107000,7.2,95.2,13.1,7.6
1029,36047107800,5.2,96.1,13.1,1.4
1030,36047109800,7.0,93.0,25.2,5.8
1031,36047110400,17.9,96.3,20.9,4.3
1032,36047110600,14.6,98.1,37.0,7.8
1033,36047111000,22.7,94.7,32.9,6.5
1034,36047111600,8.4,96.4,23.6,6.6
1035,36047111800,6.3,94.6,32.6,11.8
1036,36047112000,9.2,94.9,31.0,7.7
1037,36047112200,11.4,95.3,28.5,12.5
1038,36047112400,4.9,98.0,25.1,7.3
1039,36047112600,9.4,94.2,29.4,5.8
1040,36047112800,11.7,92.7,32.1,2.5
1041,36047113000,6.5,89.4,14.9,6.0
1042,36047113200,0.8,95.1,12.1,6.1
1043,36047113400,10.4,93.7,41.6,9.8
1044,36047114201,1.6,92.0,27.7,23.8
1045,36047114202,4.8,94.1,16.4,20.4
1046,36047114400,10.6,95.0,29.8,8.9
1047,36047114600,6.8,89.3,24.0,17.6
1048,36047115000,5.6,93.4,23.9,12.4
1049,36047115200,10.6,84.3,28.3,11.4
1050,36047115600,14.2,92.5,36.7,11.0
1051,36047115800,9.7,93.8,25.2,9.0
1052,36047116000,8.6,93.0,22.1,7.6
1053,36047116200,12.6,96.4,22.7,2.0
1054,36047116400,5.3,95.2,17.0,9.2
1055,36047116600,4.7,92.9,10.5,10.0
1056,36047116800,2.5,93.7,16.3,10.7
1057,36047117000,4.1,95.5,24.6,18.8
1058,36047117201,7.5,92.6,17.5,22.0
1059,36047117202,0.8,93.2,13.7,17.8
1060,36047117400,2.8,93.5,18.9,18.1
1061,36047117601,4.1,91.8,16.5,19.9
1062,36047117602,4.1,89.4,21.0,18.4
1063,36047117800,7.9,96.8,18.8,18.5
1064,36047118201,5.1,96.8,13.4,11.5
1065,36047118202,2.8,95.9,14.1,16.1
1066,36047118400,5.8,95.8,20.9,23.3
1067,36047118600,4.2,95.1,12.5,10.1
1068,36047118800,4.4,89.4,20.0,14.5
1069,36047119000,3.1,94.4,22.6,11.2
1070,36047119200,5.3,90.4,20.1,16.2
1071,36047119400,11.4,95.2,24.5,9.8
1072,36047119600,2.7,91.3,23.7,16.9
1073,36047119800,11.8,92.2,38.1,14.3
1074,36047120000,9.4,93.1,29.3,18.1
1075,36047120200,11.2,97.9,28.3,19.0
1076,36047120800,5.8,96.9,19.8,4.3
1077,36047121000,6.4,96.6,47.9,13.5
1078,36047121400,9.5,95.4,52.4,14.4
1079,36047122000,6.0,97.5,21.3,4.8
1080,36047123700,2.2,96.3,39.5,19.8
1081,36047150200,2.5,91.6,9.7,5.2
1082,36047152200,7.2,94.4,9.1,4.6
1083,36061000201,5.4,92.6,33.1,43.4
1084,36061000202,9.7,99.5,29.6,24.1
1085,36061000600,7.4,90.4,40.5,48.6
1086,36061000700,3.4,96.8,10.0,1.6
1087,36061000800,7.4,93.1,25.9,59.2
1088,36061000900,1.8,97.3,4.6,1.2
1089,36061001001,4.7,99.0,3.5,5.6
1090,36061001002,5.9,96.7,31.7,35.3
1091,36061001200,4.0,98.5,18.9,23.7
1092,36061001300,5.1,96.7,2.9,0.9
1093,36061001401,2.5,98.7,7.7,5.0
1094,36061001402,4.1,95.3,27.0,34.8
1095,36061001501,3.5,97.7,11.1,15.6
1096,36061001502,3.6,95.4,9.9,3.7
1097,36061001600,7.5,91.8,20.9,46.5
1098,36061001800,3.9,92.4,21.2,29.5
1099,36061002000,5.2,97.5,42.7,35.1
1100,36061002100,0.2,99.2,2.4,3.2
1101,36061002201,5.8,93.5,28.7,24.3
1102,36061002202,4.3,91.3,22.5,10.9
1103,36061002400,8.4,91.4,45.9,29.4
1104,36061002500,12.3,96.5,40.7,42.7
1105,36061002601,5.8,97.0,30.3,20.0
1106,36061002602,3.2,93.1,21.0,8.3
1107,36061002700,8.6,88.9,28.0,26.2
1108,36061002800,2.2,98.3,20.2,13.0
1109,36061002900,3.8,94.8,27.6,40.0
1110,36061003001,6.5,93.7,17.5,9.6
1111,36061003002,0.1,96.7,22.6,17.4
1112,36061003100,4.6,97.7,11.6,5.0
1113,36061003200,4.9,93.3,15.4,6.0
1114,36061003300,7.4,98.6,3.2,1.1
1115,36061003400,7.1,96.3,29.9,12.2
1116,36061003601,7.1,96.8,19.8,32.1
1117,36061003602,8.3,94.5,28.0,4.9
1118,36061003700,2.0,93.1,5.2,1.7
1119,36061003800,4.5,91.5,14.6,4.7
1120,36061003900,4.3,96.4,4.2,3.2
1121,36061004000,3.6,94.8,10.6,1.2
1122,36061004100,1.7,95.7,16.9,28.0
1123,36061004200,7.0,96.2,8.9,1.7
1124,36061004300,2.8,89.8,10.9,10.6
1125,36061004400,2.8,95.5,11.2,4.4
1126,36061004500,3.5,95.3,10.2,11.7
1127,36061004700,2.1,94.9,7.4,3.1
1128,36061004800,3.0,97.2,7.0,0.7
1129,36061004900,4.2,94.9,12.6,2.3
1130,36061005000,6.6,96.3,7.7,2.0
1131,36061005200,3.4,99.8,4.7,3.4
1132,36061005400,2.3,99.4,6.5,2.1
1133,36061005501,2.3,99.2,9.6,3.0
1134,36061005502,8.7,96.1,15.2,2.0
1135,36061005600,2.8,97.3,19.2,1.9
1136,36061005700,5.2,99.7,3.4,1.6
1137,36061005800,4.4,97.6,4.6,5.0
1138,36061005900,3.6,99.8,2.9,1.2
1139,36061006000,2.8,99.7,5.1,3.0
1140,36061006100,4.3,98.6,3.2,0.6
1141,36061006200,5.1,93.2,28.7,6.1
1142,36061006300,2.1,96.8,8.2,0.6
1143,36061006400,2.6,93.1,10.5,6.4
1144,36061006500,5.1,96.4,8.1,2.9
1145,36061006600,2.4,96.4,12.5,11.6
1146,36061006700,3.4,95.3,3.5,0.0
1147,36061006800,5.8,97.1,9.3,0.5
1148,36061006900,4.7,99.3,7.4,2.3
1149,36061007000,2.1,94.5,7.7,0.5
1150,36061007100,3.3,98.5,8.6,0.7
1151,36061007200,3.5,98.3,13.2,6.6
1152,36061007300,7.2,94.5,7.5,0.4
1153,36061007400,2.7,98.8,5.3,0.5
1154,36061007500,5.1,97.4,5.5,2.6
1155,36061007600,5.7,97.6,15.1,4.7
1156,36061007700,3.8,96.0,7.7,0.3
1157,36061007800,4.3,95.7,5.7,1.9
1158,36061007900,7.7,99.0,11.1,0.0
1159,36061008000,1.0,97.4,4.7,3.1
1160,36061008100,2.7,98.7,7.6,4.3
1161,36061008200,1.5,98.2,4.1,4.7
1162,36061008300,7.1,92.5,18.5,9.6
1163,36061008400,3.6,94.4,15.0,1.9
1164,36061008601,2.3,94.5,3.8,0.5
1165,36061008603,3.4,99.6,5.1,0.5
1166,36061008700,2.3,96.6,6.6,0.0
1167,36061008800,3.9,96.1,3.7,6.8
1168,36061008900,8.9,97.0,14.3,4.7
1169,36061009000,1.7,95.7,9.1,3.8
1170,36061009100,2.1,98.4,14.1,2.0
1171,36061009200,2.2,96.5,4.3,3.5
1172,36061009300,6.5,97.9,12.4,15.7
1173,36061009400,0.0,83.1,0.0,0.0
1174,36061009500,7.0,98.1,8.7,1.2
1175,36061009600,3.0,100.0,0.0,9.0
1176,36061009700,5.8,95.9,16.7,10.9
1177,36061009800,1.6,96.4,5.6,1.6
1178,36061009900,4.3,95.0,7.3,5.1
1179,36061010000,4.3,97.4,6.9,6.8
1180,36061010100,6.1,96.3,13.1,8.6
1181,36061010200,0.0,99.2,20.6,0.0
1182,36061010300,0.5,97.2,11.8,3.6
1183,36061010400,3.7,98.8,8.7,1.4
1184,36061010601,2.1,99.4,3.6,4.4
1185,36061010602,0.9,98.9,2.9,3.9
1186,36061010800,2.0,99.4,3.6,3.4
1187,36061010900,2.8,93.6,18.8,5.4
1188,36061011000,4.6,95.6,7.0,2.5
1189,36061011100,1.6,97.1,13.6,9.1
1190,36061011201,1.7,96.9,8.2,6.9
1191,36061011202,2.0,98.3,4.2,0.0
1192,36061011203,5.0,95.4,5.0,2.5
1193,36061011300,5.6,74.5,50.0,6.4
1194,36061011401,6.4,95.1,6.5,3.4
1195,36061011402,4.3,99.5,5.8,0.5
1196,36061011500,4.9,91.3,16.1,15.2
1197,36061011600,2.8,99.3,2.5,4.9
1198,36061011700,1.6,97.2,5.5,7.1
1199,36061011800,0.9,97.9,7.4,3.3
1200,36061011900,10.9,90.0,46.5,13.7
1201,36061012000,1.3,97.3,9.2,4.8
1202,36061012100,8.5,95.5,13.1,8.2
1203,36061012200,1.1,100.0,3.4,0.0
1204,36061012400,2.4,99.2,5.0,4.3
1205,36061012500,4.6,96.7,15.3,7.1
1206,36061012600,2.1,95.4,5.9,4.4
1207,36061012700,1.8,97.7,14.9,9.4
1208,36061012800,2.0,99.6,6.3,0.5
1209,36061012900,1.5,94.0,13.3,5.4
1210,36061013000,5.4,96.7,1.7,1.3
1211,36061013100,2.5,94.4,13.3,9.8
1212,36061013200,0.0,88.8,4.2,3.8
1213,36061013300,3.3,95.1,16.6,6.6
1214,36061013400,0.1,97.3,8.2,2.6
1215,36061013500,8.0,96.1,20.4,13.6
1216,36061013600,1.4,97.7,4.4,4.9
1217,36061013700,5.1,98.3,7.2,2.4
1218,36061013800,3.4,97.1,8.4,2.1
1219,36061013900,6.9,95.8,10.8,7.0
1220,36061014000,2.6,100.0,3.2,1.2
1221,36061014200,2.0,99.2,4.3,0.9
1222,36061014401,5.5,98.3,4.2,1.6
1223,36061014402,2.9,96.2,4.3,0.5
1224,36061014500,8.0,97.9,7.1,4.3
1225,36061014601,0.5,94.4,4.2,2.4
1226,36061014602,5.0,98.4,5.0,4.1
1227,36061014700,3.0,98.1,5.7,3.5
1228,36061014801,4.9,99.8,3.5,1.2
1229,36061014802,2.6,96.3,4.9,3.2
1230,36061014900,1.2,97.4,9.7,2.4
1231,36061015001,4.3,98.2,7.3,2.5
1232,36061015002,3.1,98.3,4.3,4.4
1233,36061015100,4.5,97.7,17.4,10.4
1234,36061015200,4.0,96.6,14.1,6.2
1235,36061015300,2.2,99.0,3.3,0.8
1236,36061015400,2.1,97.7,5.3,2.3
1237,36061015500,1.0,98.5,5.2,2.3
1238,36061015601,3.5,94.2,7.4,3.1
1239,36061015602,5.8,99.9,30.1,11.0
1240,36061015700,5.4,97.5,7.7,1.3
1241,36061015801,4.5,99.6,3.1,1.4
1242,36061015802,5.0,91.3,10.6,3.2
1243,36061015900,3.9,97.5,9.2,4.2
1244,36061016001,2.2,99.1,4.0,1.3
1245,36061016002,3.4,97.5,5.2,7.3
1246,36061016100,4.2,94.7,7.0,1.6
1247,36061016200,8.8,93.6,23.0,16.6
1248,36061016300,4.4,95.0,6.3,3.0
1249,36061016400,13.7,97.5,37.1,20.2
1250,36061016500,1.7,98.4,8.4,3.3
1251,36061016600,4.7,95.6,28.6,17.8
1252,36061016700,4.4,97.9,8.2,1.8
1253,36061016800,14.0,93.2,42.4,14.9
1254,36061016900,2.4,97.0,6.7,4.3
1255,36061017000,6.3,91.5,17.7,25.7
1256,36061017100,3.3,97.7,11.4,4.6
1257,36061017200,16.9,89.3,26.0,11.4
1258,36061017300,3.5,95.9,7.2,11.3
1259,36061017401,12.5,97.9,36.8,15.6
1260,36061017402,5.3,96.3,24.2,8.6
1261,36061017500,0.4,96.6,4.3,1.0
1262,36061017700,6.0,96.5,12.0,6.2
1263,36061017800,4.6,81.9,18.1,4.4
1264,36061017900,6.3,95.9,10.4,5.4
1265,36061018000,8.8,88.6,34.9,16.7
1266,36061018100,5.1,95.7,8.9,6.2
1267,36061018200,10.2,88.6,29.9,14.0
1268,36061018300,3.1,98.7,9.5,7.2
1269,36061018400,13.3,96.2,37.3,20.1
1270,36061018500,2.0,98.8,8.0,1.0
1271,36061018600,7.5,95.0,32.6,10.3
1272,36061018700,6.5,97.9,6.7,5.0
1273,36061018800,5.8,83.2,24.5,20.1
1274,36061018900,10.1,93.5,30.6,27.6
1275,36061019000,6.5,92.4,21.6,7.8
1276,36061019100,4.4,93.4,13.3,10.9
1277,36061019200,10.6,96.0,42.5,15.5
1278,36061019300,4.8,92.8,19.3,18.4
1279,36061019400,6.2,91.1,42.8,11.6
1280,36061019500,4.8,97.5,14.7,10.6
1281,36061019600,20.4,96.8,41.2,10.4
1282,36061019701,7.0,91.2,25.2,7.1
1283,36061019702,1.6,95.0,30.1,11.0
1284,36061019800,8.5,96.7,23.4,2.8
1285,36061019900,5.0,98.0,18.2,1.9
1286,36061020000,0.8,91.5,10.6,4.8
1287,36061020101,7.5,97.3,12.5,0.4
1288,36061020102,5.1,96.2,14.5,7.2
1289,36061020300,7.3,97.7,33.2,3.9
1290,36061020500,6.9,97.2,5.5,2.3
1291,36061020600,6.0,93.8,25.3,6.1
1292,36061020701,6.0,96.0,34.1,2.2
1293,36061020800,4.8,92.2,18.8,4.7
1294,36061020901,8.3,96.2,26.3,11.5
1295,36061021000,11.7,95.4,26.9,3.9
1296,36061021100,6.3,94.0,25.1,5.8
1297,36061021200,12.8,96.0,14.2,3.4
1298,36061021303,9.2,92.3,23.9,11.8
1299,36061021400,10.6,92.6,9.0,2.1
1300,36061021500,3.3,89.5,21.9,6.3
1301,36061021600,7.3,95.2,19.3,2.5
1302,36061021703,0.0,100.0,0.0,0.0
1303,36061021800,6.1,96.9,24.3,5.5
1304,36061021900,9.6,92.3,44.0,20.1
1305,36061022000,6.3,91.9,15.2,7.1
1306,36061022102,7.5,93.8,6.5,5.6
1307,36061022200,3.9,97.1,27.0,4.7
1308,36061022301,6.0,89.2,14.4,24.2
1309,36061022302,7.2,90.1,36.3,31.6
1310,36061022400,7.0,94.4,35.4,8.4
1311,36061022500,7.5,92.5,20.3,19.5
1312,36061022600,4.9,95.2,25.0,3.7
1313,36061022700,6.6,91.1,24.6,9.6
1314,36061022800,13.8,92.0,23.2,2.6
1315,36061022900,6.8,84.2,22.2,16.0
1316,36061023000,10.8,94.9,26.7,8.5
1317,36061023100,5.2,86.8,19.3,8.6
1318,36061023200,12.8,87.5,25.3,7.3
1319,36061023300,3.8,91.3,15.9,11.1
1320,36061023400,12.6,89.0,19.0,7.0
1321,36061023501,7.3,83.5,17.8,5.9
1322,36061023502,2.2,84.6,18.2,5.0
1323,36061023600,11.4,96.0,15.8,4.6
1324,36061023700,6.5,90.3,21.1,19.7
1325,36061023801,8.3,90.2,9.2,8.1
1326,36061023802,6.6,95.6,15.3,4.8
1327,36061023900,15.2,84.1,22.6,23.1
1328,36061024000,36.8,87.4,80.0,12.3
1329,36061024100,4.2,83.5,20.2,27.9
1330,36061024200,4.9,88.6,31.1,8.5
1331,36061024301,6.4,91.0,15.7,11.7
1332,36061024302,30.9,93.7,39.4,25.7
1333,36061024500,10.0,84.2,20.3,25.8
1334,36061024700,4.4,89.3,11.6,26.9
1335,36061024900,4.5,90.9,21.8,18.4
1336,36061025100,15.0,91.8,26.7,32.2
1337,36061025300,8.6,86.5,17.3,30.3
1338,36061025500,2.1,95.4,25.8,22.5
1339,36061025700,3.8,95.9,10.9,4.9
1340,36061025900,3.6,92.1,11.9,13.0
1341,36061026100,11.6,88.6,20.8,42.5
1342,36061026300,7.6,89.7,20.8,28.7
1343,36061026500,6.9,94.6,13.7,25.1
1344,36061026700,5.9,94.8,15.9,15.7
1345,36061026900,10.6,88.6,19.7,38.7
1346,36061027100,9.8,93.7,19.8,24.5
1347,36061027300,1.5,96.3,4.9,10.5
1348,36061027500,5.5,98.2,4.9,10.3
1349,36061027700,16.2,90.1,32.0,40.9
1350,36061027900,12.9,92.4,19.8,31.7
1351,36061028100,0.9,96.5,7.8,3.3
1352,36061028300,8.6,92.9,17.1,28.2
1353,36061028500,12.4,94.7,17.8,36.2
1354,36061028700,6.6,92.3,17.7,31.2
1355,36061029100,5.0,89.5,19.9,33.3
1356,36061029300,3.7,90.1,14.7,37.0
1357,36061029500,7.8,91.8,8.3,19.0
1358,36061029900,9.4,95.9,42.0,47.2
1359,36061030300,3.9,92.6,11.0,16.8
1360,36061030700,2.1,97.7,10.1,7.9
1361,36061030900,7.2,93.8,21.2,20.5
1362,36061031703,2.8,98.3,2.9,3.5
1363,36061031704,2.5,97.4,5.0,3.9
1364,36081000100,3.6,97.3,5.1,5.6
1365,36081000200,5.1,85.1,12.8,21.3
1366,36081000400,4.7,89.7,12.4,33.5
1367,36081000600,7.2,86.0,8.9,23.8
1368,36081000700,6.5,97.8,6.0,10.2
1369,36081000800,8.4,90.2,10.0,32.4
1370,36081001000,3.7,82.6,11.5,31.1
1371,36081001200,7.2,92.0,7.6,29.6
1372,36081001400,4.6,91.9,5.8,26.8
1373,36081001600,9.1,94.5,4.7,23.6
1374,36081001800,5.2,92.1,5.4,22.1
1375,36081001900,4.0,96.7,11.2,5.2
1376,36081002000,7.0,91.6,6.0,22.6
1377,36081002200,10.8,87.2,12.8,25.6
1378,36081002400,7.7,90.1,11.6,23.4
1379,36081002500,16.2,98.1,37.3,30.1
1380,36081002600,3.8,89.2,9.1,24.4
1381,36081002800,3.9,87.0,12.7,23.3
1382,36081003000,7.0,96.0,15.2,22.2
1383,36081003100,4.5,93.1,12.5,24.9
1384,36081003200,9.2,85.7,15.6,24.6
1385,36081003300,5.1,96.8,16.9,18.1
1386,36081003400,8.5,90.8,19.3,14.0
1387,36081003600,5.7,89.3,10.1,18.0
1388,36081003800,6.3,93.9,10.9,23.8
1389,36081003900,7.3,87.7,18.3,15.8
1390,36081004001,4.9,90.5,13.7,21.8
1391,36081004002,7.2,89.5,13.7,27.0
1392,36081004200,5.6,92.6,19.0,22.5
1393,36081004300,9.0,94.2,40.5,25.3
1394,36081004401,5.4,96.4,15.2,23.5
1395,36081004500,5.0,95.6,6.6,20.6
1396,36081004700,4.1,95.4,18.2,18.6
1397,36081005000,0.0,77.6,25.0,25.0
1398,36081005100,12.3,86.4,17.7,32.2
1399,36081005200,14.3,93.3,10.2,19.0
1400,36081005300,4.6,94.5,9.6,14.0
1401,36081005400,7.6,95.7,11.2,18.5
1402,36081005500,1.4,86.2,15.3,37.0
1403,36081005700,7.0,89.8,12.5,20.5
1404,36081005800,5.3,91.6,9.2,18.4
1405,36081005900,4.6,90.8,9.7,14.2
1406,36081006100,3.6,96.1,7.4,14.7
1407,36081006201,4.6,97.4,7.7,6.9
1408,36081006202,6.7,97.4,21.4,11.5
1409,36081006300,6.4,92.9,13.5,11.1
1410,36081006501,4.6,93.1,11.8,8.2
1411,36081006502,5.3,91.4,11.3,16.5
1412,36081006900,4.5,94.2,13.8,16.2
1413,36081007100,1.9,90.7,10.2,15.9
1414,36081007300,2.0,93.7,13.3,18.5
1415,36081007500,6.7,95.7,12.9,18.8
1416,36081007700,3.9,94.1,9.5,12.2
1417,36081007900,5.4,93.3,11.9,24.0
1418,36081008100,3.9,84.0,7.5,8.8
1419,36081008300,2.6,81.9,11.3,21.4
1420,36081008500,4.5,92.6,33.0,19.3
1421,36081008600,6.9,92.4,9.9,9.0
1422,36081008700,14.9,93.7,34.3,20.0
1423,36081008800,7.6,93.1,11.4,12.6
1424,36081009100,4.7,94.5,11.1,22.3
1425,36081009400,5.5,90.7,12.7,10.3
1426,36081009500,5.7,94.2,8.9,15.8
1427,36081009600,6.4,94.4,8.1,14.5
1428,36081009700,3.1,97.1,5.5,10.3
1429,36081009800,9.7,86.4,15.1,12.2
1430,36081010000,9.6,93.5,3.6,19.7
1431,36081010100,4.5,92.1,8.8,15.8
1432,36081010200,10.8,94.9,13.5,10.1
1433,36081010300,5.2,93.7,10.1,14.2
1434,36081010400,9.2,85.3,8.1,7.7
1435,36081010500,5.4,96.8,14.4,26.1
1436,36081010600,7.3,93.9,15.4,14.1
1437,36081010800,11.1,90.6,16.6,19.0
1438,36081011000,4.1,91.2,7.7,19.2
1439,36081011100,2.1,91.8,6.8,14.7
1440,36081011200,7.4,96.0,12.4,11.5
1441,36081011300,5.4,89.5,7.6,22.2
1442,36081011400,13.5,94.2,5.0,7.5
1443,36081011500,0.8,90.5,5.8,12.2
1444,36081011600,4.0,90.5,11.1,19.1
1445,36081011700,1.7,93.4,11.7,14.6
1446,36081011800,5.6,83.4,14.8,16.0
1447,36081011900,1.4,89.9,10.9,12.8
1448,36081012000,7.1,81.9,16.9,18.8
1449,36081012100,1.8,93.1,5.8,10.3
1450,36081012200,4.0,88.6,17.8,22.4
1451,36081012301,1.8,92.8,7.5,7.7
1452,36081012400,6.0,91.1,9.7,19.1
1453,36081012500,3.8,91.6,5.1,18.2
1454,36081012601,3.7,79.0,9.2,21.4
1455,36081012602,6.2,90.6,12.1,21.7
1456,36081012800,5.5,85.0,8.2,18.4
1457,36081013000,4.9,95.9,13.1,11.3
1458,36081013200,6.9,87.5,22.4,13.9
1459,36081013400,4.9,95.6,15.0,16.3
1460,36081013500,3.0,96.2,5.1,8.1
1461,36081013600,2.4,93.3,7.8,15.1
1462,36081013700,2.9,97.2,3.3,17.2
1463,36081013800,3.8,95.6,13.7,23.5
1464,36081014000,0.9,90.1,10.1,20.2
1465,36081014100,5.4,88.8,7.0,21.2
1466,36081014201,2.7,84.1,21.8,28.0
1467,36081014202,6.9,85.2,22.2,20.5
1468,36081014300,7.5,84.5,11.9,17.1
1469,36081014400,2.7,84.3,15.2,25.7
1470,36081014500,7.2,93.3,13.4,22.5
1471,36081014700,5.9,92.3,5.8,17.5
1472,36081014800,9.9,91.3,9.1,21.6
1473,36081014900,5.5,92.4,4.3,14.5
1474,36081015000,5.8,87.6,13.4,15.6
1475,36081015100,5.0,91.5,11.4,19.2
1476,36081015200,5.0,85.2,9.7,17.3
1477,36081015300,2.6,89.8,8.7,21.0
1478,36081015400,9.1,85.9,12.6,17.3
1479,36081015500,3.8,94.5,7.6,15.6
1480,36081015600,7.0,92.0,9.6,13.9
1481,36081015700,3.6,92.0,10.2,23.8
1482,36081015801,12.2,89.8,10.9,12.2
1483,36081015802,5.7,88.4,3.0,9.5
1484,36081015900,3.6,85.5,16.6,12.3
1485,36081016100,8.0,86.4,10.8,24.7
1486,36081016300,10.1,96.5,20.8,22.3
1487,36081016400,9.2,93.3,8.8,7.5
1488,36081016600,6.0,89.6,7.1,12.0
1489,36081016800,3.5,95.6,13.0,15.0
1490,36081016900,5.9,93.9,6.5,13.0
1491,36081017000,8.4,91.6,11.0,10.0
1492,36081017100,0.0,100.0,18.4,0.0
1493,36081017200,4.4,96.6,8.7,5.0
1494,36081017400,4.9,92.1,9.3,6.6
1495,36081017600,5.5,92.2,12.9,5.3
1496,36081017800,4.8,91.9,7.1,3.0
1497,36081017900,6.5,87.5,21.7,13.5
1498,36081018000,28.2,95.9,24.0,4.6
1499,36081018101,3.6,87.9,11.5,22.5
1500,36081018102,3.8,93.4,9.4,12.4
1501,36081018200,5.4,91.5,13.0,6.1
1502,36081018300,5.8,93.3,8.5,20.6
1503,36081018401,7.0,94.5,15.9,1.3
1504,36081018402,8.8,94.0,12.2,2.1
1505,36081018501,2.2,92.6,15.5,23.3
1506,36081018502,2.9,91.8,11.2,15.3
1507,36081018600,7.9,90.2,9.3,2.4
1508,36081018700,1.2,91.8,5.6,31.2
1509,36081018800,4.9,94.2,12.7,7.7
1510,36081018900,1.7,93.7,9.7,27.4
1511,36081019000,10.8,85.7,7.1,7.4
1512,36081019200,6.5,89.8,3.5,7.1
1513,36081019400,11.2,92.8,11.2,7.1
1514,36081019600,9.6,91.1,9.5,2.9
1515,36081019800,11.1,92.5,12.7,19.2
1516,36081019900,17.0,91.1,33.3,19.5
1517,36081020200,20.5,95.6,3.4,7.9
1518,36081020400,7.7,88.6,17.8,18.8
1519,36081020500,4.7,82.9,7.9,24.1
1520,36081020600,8.3,86.5,8.3,25.4
1521,36081020800,10.0,93.8,8.0,19.4
1522,36081021200,11.8,81.6,30.1,38.3
1523,36081021400,10.1,89.9,14.8,43.5
1524,36081021600,3.3,90.3,7.7,16.7
1525,36081022001,5.4,92.8,11.6,15.8
1526,36081022002,6.7,90.7,7.8,29.5
1527,36081023000,5.4,82.2,10.7,28.5
1528,36081023200,5.4,96.5,9.0,20.8
1529,36081023500,2.2,83.3,9.4,29.0
1530,36081023600,4.2,90.0,14.3,32.1
1531,36081023800,9.3,82.9,18.5,35.0
1532,36081024000,9.2,84.5,14.7,35.8
1533,36081024300,3.8,91.9,5.8,28.1
1534,36081024500,3.8,92.9,8.8,17.4
1535,36081024700,0.7,89.8,10.1,17.6
1536,36081024900,9.2,94.8,13.4,38.8
1537,36081025100,4.0,89.2,6.9,17.7
1538,36081025301,6.6,89.2,8.8,15.4
1539,36081025302,2.8,80.6,9.6,22.8
1540,36081025400,17.5,91.8,14.8,12.7
1541,36081025500,7.1,96.1,11.4,21.5
1542,36081025700,2.5,88.8,9.6,27.8
1543,36081025800,12.3,92.0,14.7,15.1
1544,36081025900,4.7,90.5,11.2,28.6
1545,36081026000,13.7,95.1,10.9,21.3
1546,36081026100,2.9,86.7,14.4,30.7
1547,36081026200,9.1,92.4,6.0,4.7
1548,36081026300,5.8,91.2,11.1,31.9
1549,36081026400,15.6,89.7,18.0,15.2
1550,36081026500,2.7,82.5,9.4,40.9
1551,36081026600,17.1,93.4,23.3,11.3
1552,36081026700,4.1,77.0,15.6,40.7
1553,36081026901,3.1,79.8,9.3,53.3
1554,36081026902,5.4,81.8,13.9,40.7
1555,36081027000,18.5,93.2,9.9,7.6
1556,36081027100,1.0,84.6,13.4,54.3
1557,36081027200,5.8,96.8,3.8,6.2
1558,36081027300,4.9,78.9,9.8,36.3
1559,36081027400,4.2,95.9,8.8,0.9
1560,36081027500,3.6,81.4,15.5,33.4
1561,36081027600,5.9,91.1,2.6,3.7
1562,36081027700,3.1,83.6,13.1,41.2
1563,36081027800,6.8,92.2,20.9,4.9
1564,36081027900,4.9,90.1,15.3,37.7
1565,36081028000,7.7,94.0,2.9,3.3
1566,36081028100,4.9,92.1,11.1,28.1
1567,36081028200,5.9,98.0,7.2,1.8
1568,36081028300,4.8,89.3,13.3,18.3
1569,36081028400,6.5,92.8,4.5,1.4
1570,36081028500,11.7,92.6,16.8,27.2
1571,36081028700,3.2,94.0,10.8,30.1
1572,36081028800,6.3,93.1,7.3,1.9
1573,36081028900,3.8,93.8,8.6,33.0
1574,36081029100,6.0,90.0,8.3,27.1
1575,36081029300,0.8,89.5,4.2,25.6
1576,36081029400,3.1,97.4,9.8,2.3
1577,36081029500,1.8,92.8,5.0,15.7
1578,36081029700,3.9,92.3,7.0,22.2
1579,36081030600,3.7,96.4,8.1,3.8
1580,36081030902,3.0,91.2,13.0,34.0
1581,36081030903,3.7,91.5,6.8,45.8
1582,36081030904,3.0,93.4,8.3,34.9
1583,36081031700,3.3,99.4,6.1,20.8
1584,36081032000,9.8,97.2,19.4,2.2
1585,36081032700,10.8,87.4,19.9,36.6
1586,36081032800,6.3,95.1,6.1,3.0
1587,36081032900,4.5,95.5,11.2,39.0
1588,36081033000,4.5,97.0,5.2,3.7
1589,36081033401,3.6,96.3,6.0,1.8
1590,36081033402,5.5,95.0,7.1,6.4
1591,36081033700,4.8,84.2,5.5,42.5
1592,36081033900,0.2,91.4,21.3,36.5
1593,36081034700,6.6,89.6,12.5,44.0
1594,36081035100,9.8,92.4,9.2,43.0
1595,36081035200,3.8,95.2,11.5,1.0
1596,36081035300,4.5,82.2,15.0,38.9
1597,36081035700,5.0,89.2,14.2,16.1
1598,36081035800,7.4,95.1,6.5,5.1
1599,36081036100,7.7,86.0,11.3,35.7
1600,36081036300,6.5,89.9,14.4,35.3
1601,36081036500,4.4,74.5,16.1,36.9
1602,36081036600,5.6,92.5,14.4,1.0
1603,36081036700,9.6,90.3,13.6,17.8
1604,36081036800,8.4,93.2,11.1,1.0
1605,36081037100,4.1,92.3,12.2,29.2
1606,36081037300,2.9,90.0,10.3,41.4
1607,36081037500,2.9,75.5,16.2,40.1
1608,36081037600,5.8,93.1,5.1,4.0
1609,36081037700,2.2,62.9,10.2,42.7
1610,36081037900,2.9,72.3,11.6,45.3
1611,36081038100,4.7,72.0,17.2,41.7
1612,36081038400,5.0,88.3,9.1,1.1
1613,36081039400,9.6,90.7,10.8,3.3
1614,36081039800,3.5,97.0,4.4,3.2
1615,36081039900,2.9,79.0,7.7,19.0
1616,36081040000,4.7,94.0,4.3,6.6
1617,36081040100,4.5,67.3,13.0,53.2
1618,36081040200,4.2,94.6,9.3,2.1
1619,36081040300,5.1,75.6,15.5,43.8
1620,36081040400,9.8,95.1,7.1,5.5
1621,36081040500,6.9,69.7,13.4,43.7
1622,36081040700,2.6,68.6,15.5,53.6
1623,36081040900,4.2,70.3,18.7,44.9
1624,36081041100,3.3,68.2,12.6,50.8
1625,36081041300,2.6,72.4,18.8,40.9
1626,36081041400,12.4,88.8,17.3,3.1
1627,36081041500,3.8,76.4,19.1,45.8
1628,36081042400,8.8,91.3,7.5,4.6
1629,36081042600,0.0,82.8,100.0,8.4
1630,36081042700,1.0,75.9,18.4,52.0
1631,36081043200,11.3,88.1,3.4,1.7
1632,36081043400,7.4,91.6,4.5,0.0
1633,36081043701,4.9,84.6,19.0,30.6
1634,36081043702,5.2,82.7,20.1,42.0
1635,36081043900,6.5,78.0,25.5,55.6
1636,36081044000,16.1,83.1,14.7,9.9
1637,36081044301,16.2,84.7,33.8,51.0
1638,36081044302,4.7,80.4,18.0,54.4
1639,36081044400,7.6,85.6,19.0,25.0
1640,36081044601,4.8,92.9,15.1,20.7
1641,36081044602,13.9,90.0,27.9,34.9
1642,36081044800,7.7,88.3,18.8,28.5
1643,36081045000,7.3,90.0,9.9,24.1
1644,36081045200,5.5,97.0,14.6,29.4
1645,36081045400,6.1,91.9,18.3,36.6
1646,36081045500,3.4,94.5,19.2,22.9
1647,36081045600,6.4,93.0,13.6,29.3
1648,36081045700,3.6,85.4,9.7,40.7
1649,36081045800,6.7,93.8,4.7,29.1
1650,36081045900,5.2,82.9,11.3,40.7
1651,36081046000,5.0,91.5,12.5,35.3
1652,36081046100,7.8,76.5,14.3,37.4
1653,36081046200,5.4,88.7,9.5,25.4
1654,36081046300,1.6,82.7,10.6,44.0
1655,36081046400,9.7,93.0,9.0,12.4
1656,36081046500,2.7,72.4,13.8,41.1
1657,36081046600,8.8,87.5,10.8,18.5
1658,36081046700,6.0,84.3,11.0,53.9
1659,36081046800,5.4,84.0,11.6,17.2
1660,36081046900,4.5,89.9,13.3,52.3
1661,36081047000,6.1,86.8,11.9,21.3
1662,36081047100,4.9,89.4,13.4,50.1
1663,36081047200,4.4,95.1,5.2,18.9
1664,36081047300,4.9,90.0,11.6,41.2
1665,36081047500,6.4,83.4,12.0,36.4
1666,36081047600,12.3,94.1,3.9,22.1
1667,36081047800,12.7,90.2,8.0,11.4
1668,36081047900,3.0,85.5,14.8,44.2
1669,36081048000,12.3,93.4,7.1,17.0
1670,36081048100,3.9,85.3,11.8,47.5
1671,36081048200,8.1,93.3,13.7,13.2
1672,36081048300,2.6,86.0,12.4,38.6
1673,36081048400,8.3,94.3,5.2,14.7
1674,36081048500,2.2,82.7,8.7,41.7
1675,36081048900,2.8,86.0,11.9,28.9
1676,36081049200,5.7,92.4,6.9,20.0
1677,36081049301,6.2,94.4,8.9,30.3
1678,36081049302,3.4,88.2,5.2,19.9
1679,36081049500,9.4,92.1,6.2,22.2
1680,36081049600,4.2,91.4,5.4,8.5
1681,36081049700,3.5,91.8,5.3,21.8
1682,36081049900,7.6,90.8,6.9,41.6
1683,36081050000,7.1,86.7,13.0,15.6
1684,36081050201,2.0,89.7,5.0,7.6
1685,36081050202,11.5,92.5,10.4,3.6
1686,36081050400,12.7,85.2,5.1,13.8
1687,36081050500,3.4,91.9,9.1,28.4
1688,36081050600,1.4,89.7,5.2,9.8
1689,36081050700,8.1,85.0,12.3,26.0
1690,36081050800,9.4,94.0,12.5,11.2
1691,36081051000,4.7,96.2,7.0,6.5
1692,36081051100,3.7,95.9,4.8,17.2
1693,36081051200,10.3,93.6,4.3,13.7
1694,36081051300,3.9,95.2,6.1,17.7
1695,36081051500,4.1,92.2,5.6,16.8
1696,36081051600,17.0,92.9,11.1,10.4
1697,36081051700,3.4,95.1,8.6,20.9
1698,36081051800,8.0,94.0,7.6,8.3
1699,36081052000,4.9,89.3,7.2,3.4
1700,36081052100,5.8,91.7,12.5,14.4
1701,36081052200,5.0,98.7,3.2,3.9
1702,36081052400,2.9,93.9,14.2,6.1
1703,36081052500,6.8,91.5,11.4,18.1
1704,36081052600,3.7,90.1,5.7,7.8
1705,36081052800,4.0,97.2,4.3,5.2
1706,36081053000,3.8,95.8,3.6,2.7
1707,36081053100,11.6,89.0,10.6,22.4
1708,36081053200,6.7,94.5,9.1,1.3
1709,36081053401,4.6,90.3,3.4,5.5
1710,36081053500,5.0,82.9,8.3,13.7
1711,36081053601,16.8,88.8,5.9,13.5
1712,36081053800,12.1,95.2,9.6,15.2
1713,36081053900,5.4,89.8,10.9,16.8
1714,36081054000,11.6,92.4,13.0,12.4
1715,36081054200,5.9,91.7,8.1,17.9
1716,36081054500,3.3,79.5,16.2,18.6
1717,36081054700,4.8,81.6,9.6,25.1
1718,36081054800,4.1,94.6,6.6,29.5
1719,36081054900,4.2,72.5,11.1,28.2
1720,36081055100,6.5,87.3,11.9,14.9
1721,36081055200,3.7,87.8,6.1,18.9
1722,36081055300,2.5,86.1,16.4,20.6
1723,36081055400,6.3,92.4,12.2,25.2
1724,36081055500,2.3,79.5,16.3,17.0
1725,36081055600,6.8,90.0,7.5,21.6
1726,36081055700,2.8,93.5,10.8,20.2
1727,36081055800,3.7,87.2,6.9,22.8
1728,36081055900,2.9,79.1,10.1,11.2
1729,36081056000,5.9,93.6,0.7,30.5
1730,36081056100,0.0,100.0,0.0,0.0
1731,36081056200,9.0,96.0,5.4,25.7
1732,36081056400,2.3,91.3,3.9,16.8
1733,36081056500,4.7,89.8,9.3,17.7
1734,36081056600,2.1,97.8,9.4,17.2
1735,36081056700,1.4,93.3,2.0,20.9
1736,36081056800,15.9,95.8,4.4,17.1
1737,36081057700,7.4,92.4,13.5,19.3
1738,36081057900,6.3,88.1,8.6,7.6
1739,36081058000,10.9,96.9,8.0,11.2
1740,36081058100,1.9,94.2,9.5,21.8
1741,36081058200,8.5,90.6,4.0,8.3
1742,36081058300,2.2,92.0,3.7,20.4
1743,36081058500,5.2,90.4,7.6,15.5
1744,36081058700,0.9,83.6,6.0,25.7
1745,36081058900,3.3,87.0,19.0,17.9
1746,36081059000,8.0,89.7,3.2,4.4
1747,36081059100,3.9,89.6,4.2,11.9
1748,36081059200,8.2,95.4,2.6,3.9
1749,36081059300,3.8,87.3,8.1,21.7
1750,36081059400,4.6,89.3,1.5,3.5
1751,36081059500,7.8,90.8,15.1,17.5
1752,36081059600,8.6,97.8,7.3,10.1
1753,36081059800,1.5,96.1,4.6,6.9
1754,36081059900,3.0,93.1,8.3,19.4
1755,36081060000,5.6,97.9,1.9,3.2
1756,36081060100,1.1,91.0,7.5,28.0
1757,36081060300,4.6,92.1,9.5,17.7
1758,36081060600,2.2,94.6,6.4,2.0
1759,36081060701,0.0,100.0,0.0,0.0
1760,36081060800,0.1,89.8,4.4,3.9
1761,36081061000,8.1,90.7,2.3,2.2
1762,36081061200,6.7,97.0,1.3,3.2
1763,36081061301,6.9,90.9,8.1,20.2
1764,36081061400,10.0,94.6,6.6,4.5
1765,36081061601,5.1,93.1,5.0,5.0
1766,36081061602,1.5,93.8,2.5,8.3
1767,36081061800,6.2,97.8,5.0,3.8
1768,36081061900,3.0,94.8,4.4,17.8
1769,36081062000,2.1,95.5,1.4,1.9
1770,36081062100,4.3,91.3,10.5,20.2
1771,36081062200,7.5,91.4,6.4,6.1
1772,36081062300,0.8,96.9,5.0,11.0
1773,36081062500,5.3,92.8,4.2,15.3
1774,36081062600,5.1,94.0,9.8,3.8
1775,36081062700,6.4,90.3,8.3,12.8
1776,36081062900,7.1,90.3,5.2,21.7
1777,36081063000,1.7,96.6,2.9,2.2
1778,36081063200,5.8,95.4,4.4,3.0
1779,36081063301,6.6,92.6,7.2,6.0
1780,36081063302,2.3,93.7,6.6,3.4
1781,36081063500,7.0,97.1,16.6,10.4
1782,36081063700,2.7,95.0,9.4,4.7
1783,36081063800,6.8,94.5,5.7,4.9
1784,36081063900,1.3,97.3,7.5,19.3
1785,36081064101,4.1,90.6,5.6,25.0
1786,36081064500,11.0,94.9,11.9,9.5
1787,36081064600,8.9,96.3,5.9,3.1
1788,36081065000,4.8,96.6,7.3,4.6
1789,36081065400,4.7,94.4,4.0,4.4
1790,36081065600,8.5,97.5,7.3,5.7
1791,36081065702,8.6,94.1,7.1,11.8
1792,36081065703,0.6,97.5,4.6,12.8
1793,36081065900,4.5,97.1,3.3,11.3
1794,36081066000,3.9,92.3,4.0,13.1
1795,36081066100,2.4,95.3,4.6,10.0
1796,36081066300,4.2,96.4,2.8,13.0
1797,36081066400,6.8,96.2,7.8,6.0
1798,36081066501,1.5,99.2,8.9,9.4
1799,36081066701,4.9,96.9,6.7,12.0
1800,36081066900,4.9,96.3,4.1,5.2
1801,36081067100,4.9,96.8,6.0,14.0
1802,36081067700,5.1,94.7,3.1,9.3
1803,36081067900,5.4,82.6,11.5,27.2
1804,36081068000,5.2,90.4,4.1,4.1
1805,36081068200,4.0,97.7,9.2,6.7
1806,36081068300,3.7,90.2,13.5,38.3
1807,36081068700,5.0,91.7,12.1,34.2
1808,36081069000,5.3,95.9,5.3,8.8
1809,36081069300,4.5,82.9,17.2,26.2
1810,36081069400,4.3,90.6,15.5,6.3
1811,36081069500,4.9,89.7,10.3,26.3
1812,36081069701,2.5,95.9,15.8,19.7
1813,36081069702,1.5,94.4,6.9,33.1
1814,36081070300,3.2,96.2,3.2,19.9
1815,36081070700,2.3,97.7,6.0,17.6
1816,36081070900,6.8,93.7,6.0,26.3
1817,36081071100,1.9,98.7,5.2,16.0
1818,36081071303,0.9,97.1,6.6,13.2
1819,36081071304,1.5,95.9,15.0,31.6
1820,36081071305,3.6,93.4,7.2,13.9
1821,36081071306,4.7,96.8,8.1,21.9
1822,36081071701,1.9,96.1,15.9,31.7
1823,36081071702,5.1,96.8,14.6,25.2
1824,36081071900,5.9,89.1,14.7,49.2
1825,36081072100,7.7,93.6,23.4,33.5
1826,36081072300,6.2,96.7,9.9,12.3
1827,36081072900,5.6,95.7,4.9,25.5
1828,36081073100,4.2,96.5,2.8,16.6
1829,36081073700,3.1,97.3,6.7,8.5
1830,36081073900,5.2,95.9,6.4,12.5
1831,36081074100,4.5,97.2,7.1,19.9
1832,36081074300,6.7,93.9,11.6,31.7
1833,36081074500,5.9,96.8,15.3,34.9
1834,36081074700,6.0,92.0,9.4,38.5
1835,36081074900,3.9,96.9,7.2,7.1
1836,36081075701,2.1,96.0,8.1,11.6
1837,36081075702,5.2,98.5,9.9,11.3
1838,36081076901,2.9,98.8,3.7,11.6
1839,36081076902,5.7,97.0,9.6,17.5
1840,36081077300,3.2,95.4,7.0,14.3
1841,36081077500,3.7,96.3,8.0,18.7
1842,36081077902,5.7,97.6,11.1,10.9
1843,36081077903,9.6,95.2,8.7,31.2
1844,36081077904,6.6,97.9,5.5,20.3
1845,36081077905,9.2,98.2,6.0,12.0
1846,36081077906,4.7,95.5,8.2,27.6
1847,36081077907,3.7,95.5,17.4,9.1
1848,36081077908,8.1,96.0,27.2,20.6
1849,36081078800,16.6,89.9,11.1,0.2
1850,36081079000,7.2,91.5,9.6,6.4
1851,36081079200,8.6,94.7,6.3,10.7
1852,36081079701,1.3,89.0,28.4,62.8
1853,36081079702,2.8,83.0,28.2,62.7
1854,36081079900,8.3,75.7,20.3,53.0
1855,36081080301,1.4,79.6,10.7,51.2
1856,36081080302,5.8,87.6,9.7,43.1
1857,36081080900,2.0,95.5,12.7,24.8
1858,36081081400,6.5,92.8,7.1,7.4
1859,36081081800,5.4,93.7,12.7,9.5
1860,36081083700,2.6,81.4,12.0,57.9
1861,36081083800,3.4,94.3,4.0,17.2
1862,36081084000,8.0,95.2,10.5,10.5
1863,36081084500,0.0,83.3,25.0,50.3
1864,36081084601,8.7,93.2,7.5,10.6
1865,36081084602,14.1,94.7,28.3,6.7
1866,36081084900,4.2,65.4,31.7,53.4
1867,36081085300,4.5,83.9,25.1,70.0
1868,36081085500,2.1,82.1,15.2,53.3
1869,36081085700,3.0,80.0,18.5,44.5
1870,36081085900,2.5,84.6,19.2,65.6
1871,36081086100,2.6,85.9,22.9,57.6
1872,36081086300,1.9,79.2,16.8,65.1
1873,36081086400,3.4,90.0,13.6,15.0
1874,36081086500,5.4,64.8,24.9,45.1
1875,36081086900,2.5,58.0,25.8,80.7
1876,36081087100,2.8,86.1,20.1,46.3
1877,36081088400,6.4,96.6,6.0,11.6
1878,36081088901,1.9,89.8,16.1,48.0
1879,36081089200,1.0,95.4,6.6,6.1
1880,36081090700,1.7,90.9,13.1,42.2
1881,36081091601,5.8,100.0,2.8,0.3
1882,36081091900,5.8,82.6,13.9,44.2
1883,36081092200,2.2,99.1,3.8,3.5
1884,36081092500,9.9,89.1,15.3,41.6
1885,36081092800,3.4,96.7,2.9,0.5
1886,36081092900,2.2,88.9,5.5,39.0
1887,36081093401,6.0,93.7,6.1,2.4
1888,36081093402,6.7,94.3,11.1,2.2
1889,36081093800,6.0,97.6,23.6,6.7
1890,36081093900,1.7,91.4,6.1,31.9
1891,36081094201,6.1,90.7,9.5,11.7
1892,36081094202,11.9,95.2,16.4,8.5
1893,36081094203,2.0,94.6,10.0,26.9
1894,36081094500,3.3,90.5,4.1,25.5
1895,36081094700,3.5,87.2,11.3,38.5
1896,36081095400,12.6,95.8,19.3,5.0
1897,36081096400,6.3,94.9,14.3,9.1
1898,36081097202,10.0,94.1,39.4,7.1
1899,36081097203,18.4,91.0,33.0,16.9
1900,36081097204,11.6,94.8,15.6,14.4
1901,36081097300,6.3,94.7,1.8,21.1
1902,36081098100,2.9,96.0,6.2,24.4
1903,36081098700,4.7,95.9,6.4,10.2
1904,36081099100,3.3,95.4,4.6,17.0
1905,36081099200,17.4,88.7,19.5,15.3
1906,36081099701,3.9,94.6,4.6,17.7
1907,36081099703,6.6,96.5,3.2,18.3
1908,36081099704,4.5,97.3,9.6,13.5
1909,36081099705,1.4,97.2,6.3,34.1
1910,36081099801,5.9,90.6,5.7,5.5
1911,36081099802,12.9,94.5,26.7,21.8
1912,36081100801,10.6,94.3,5.5,6.9
1913,36081100802,10.7,89.6,12.4,7.5
1914,36081101001,4.3,92.0,16.2,14.2
1915,36081101002,1.6,96.8,24.8,10.6
1916,36081101700,5.5,97.3,7.1,14.6
1917,36081102900,0.7,97.0,2.0,24.0
1918,36081103201,9.9,89.7,21.4,11.6
1919,36081103202,7.5,89.4,16.6,6.8
1920,36081103300,9.0,91.7,6.7,19.1
1921,36081103900,9.4,94.2,7.4,28.1
1922,36081104700,4.6,88.5,8.0,39.3
1923,36081105900,6.7,94.1,6.5,26.8
1924,36081107201,3.6,93.1,9.1,2.7
1925,36081108500,2.7,90.5,6.9,26.2
1926,36081109300,3.7,94.6,11.7,27.4
1927,36081109700,1.2,96.5,1.8,11.8
1928,36081109900,6.6,89.6,8.4,29.1
1929,36081111300,7.2,95.4,11.6,19.6
1930,36081112300,3.9,97.6,9.0,15.3
1931,36081112900,2.6,94.0,4.9,23.3
1932,36081113300,3.8,97.8,4.9,12.2
1933,36081113900,6.6,90.4,12.6,37.9
1934,36081114100,2.1,99.2,8.9,27.7
1935,36081114700,9.0,95.9,6.0,34.2
1936,36081115100,0.0,92.2,1.2,29.1
1937,36081115500,3.4,81.9,11.0,45.8
1938,36081115700,3.4,83.5,17.4,52.8
1939,36081115900,5.8,87.7,14.8,57.9
1940,36081116100,7.0,76.8,31.4,53.1
1941,36081116300,3.4,79.3,28.3,54.7
1942,36081116700,8.2,72.1,29.4,60.5
1943,36081117100,4.3,78.4,12.9,38.8
1944,36081117500,6.6,88.8,9.3,34.9
1945,36081118100,2.7,88.6,12.3,26.3
1946,36081118500,4.7,79.9,16.7,54.5
1947,36081118700,6.7,80.5,9.2,51.9
1948,36081118900,3.6,79.4,12.1,51.2
1949,36081119100,1.9,82.8,17.6,55.5
1950,36081119300,3.2,80.5,13.1,35.3
1951,36081119500,4.4,85.7,5.5,24.8
1952,36081119900,5.1,82.2,16.0,41.5
1953,36081120100,0.7,77.4,17.2,54.7
1954,36081120300,4.5,90.3,23.4,50.1
1955,36081120500,6.1,79.1,28.4,61.7
1956,36081120700,6.6,86.6,4.5,36.0
1957,36081121500,4.6,88.4,15.0,36.2
1958,36081122300,4.9,87.3,10.8,29.6
1959,36081122701,16.2,92.0,5.2,15.5
1960,36081122702,11.1,88.5,33.4,18.2
1961,36081124100,4.4,92.7,12.0,28.8
1962,36081124700,7.4,94.3,13.4,29.8
1963,36081125700,9.1,88.2,17.8,21.6
1964,36081126500,6.9,90.3,12.5,15.7
1965,36081126700,16.6,94.6,32.1,14.4
1966,36081127700,4.2,96.6,1.6,19.6
1967,36081129102,2.3,90.9,2.8,20.1
1968,36081129103,4.0,93.7,11.1,15.4
1969,36081129104,4.7,98.0,4.3,14.3
1970,36081130100,4.9,98.8,4.9,16.7
1971,36081133300,7.5,91.4,7.1,28.7
1972,36081133900,0.5,95.3,7.3,23.5
1973,36081134100,5.2,93.1,10.6,28.5
1974,36081134700,6.5,92.3,11.2,18.0
1975,36081136700,5.3,94.1,11.5,27.3
1976,36081137700,7.3,88.1,9.5,31.7
1977,36081138501,2.8,93.1,8.4,29.7
1978,36081138502,0.0,100.0,61.5,20.5
1979,36081139900,1.8,91.8,5.5,37.7
1980,36081140300,5.7,86.5,3.4,41.7
1981,36081140901,1.5,96.4,4.5,37.7
1982,36081140902,4.7,91.3,8.9,32.5
1983,36081141700,7.6,97.1,12.0,35.0
1984,36081142900,5.0,90.3,2.4,35.0
1985,36081143500,2.6,96.3,3.0,19.7
1986,36081144100,0.8,91.4,9.9,18.7
1987,36081144700,7.5,91.4,10.1,29.7
1988,36081145101,2.3,93.6,11.1,41.3
1989,36081145102,1.4,93.7,6.9,39.8
1990,36081145900,2.6,93.0,6.4,37.3
1991,36081146300,0.8,96.0,6.4,25.1
1992,36081146700,1.2,97.6,8.1,23.7
1993,36081147100,3.3,90.9,6.1,28.3
1994,36081147900,3.1,96.4,7.9,17.9
1995,36081148300,3.9,96.0,2.9,9.6
1996,36081150701,7.2,97.7,1.5,18.6
1997,36081150702,3.2,94.2,3.0,25.5
1998,36081152901,4.0,93.6,7.3,26.4
1999,36081152902,3.2,98.2,9.7,22.9
2000,36081155101,0.0,100.0,13.5,1.3
2001,36081155102,4.7,97.4,7.3,7.6
2002,36081156700,10.1,91.1,40.5,16.1
2003,36081157101,3.4,92.2,4.4,18.9
2004,36081157102,8.4,91.8,11.6,27.3
2005,36081157901,4.0,98.3,6.7,15.7
2006,36081157902,3.0,98.6,0.9,15.0
2007,36081157903,5.8,94.2,5.0,25.4
2008,36081161700,1.6,95.0,8.1,10.6
2009,36081162100,6.4,93.3,8.9,20.3
2010,36085000300,3.8,91.0,15.8,8.5
2011,36085000600,8.8,97.3,18.1,23.0
2012,36085000700,5.2,93.1,25.5,8.8
2013,36085000800,6.5,94.7,11.0,17.0
2014,36085000900,12.6,96.2,26.8,8.0
2015,36085001100,1.7,88.2,17.2,3.0
2016,36085001700,7.8,92.2,32.4,2.7
2017,36085001800,0.0,99.1,0.0,1.3
2018,36085002001,5.9,93.6,8.1,15.6
2019,36085002002,3.4,94.6,11.7,13.6
2020,36085002100,1.9,94.4,19.4,12.0
2021,36085002700,3.1,93.0,30.1,9.6
2022,36085002900,3.5,92.0,39.4,9.4
2023,36085003300,7.0,91.4,6.0,6.8
2024,36085003600,7.2,95.0,4.6,11.7
2025,36085003900,2.2,93.0,8.7,6.2
2026,36085004000,10.8,92.3,25.6,14.8
2027,36085004700,1.1,96.1,10.4,4.2
2028,36085005000,8.1,93.6,13.6,18.8
2029,36085005900,4.2,94.3,10.3,7.9
2030,36085006400,13.8,98.8,14.5,18.4
2031,36085006700,1.2,98.8,3.3,1.2
2032,36085007000,1.8,98.6,15.4,12.9
2033,36085007400,3.8,96.0,10.7,26.3
2034,36085007500,3.0,95.8,24.1,4.0
2035,36085007700,6.9,90.6,24.4,7.7
2036,36085008100,5.7,91.9,21.4,12.5
2037,36085009601,2.7,96.2,10.7,10.8
2038,36085009602,9.1,94.1,6.7,4.9
2039,36085009700,2.5,96.3,6.8,2.8
2040,36085010500,6.1,96.0,16.0,8.9
2041,36085011201,3.7,91.3,7.6,17.6
2042,36085011202,4.0,87.2,14.0,18.9
2043,36085011401,5.7,97.2,26.4,9.5
2044,36085011402,5.5,95.8,8.9,12.8
2045,36085012100,3.9,95.4,6.7,2.2
2046,36085012200,7.8,95.6,4.9,9.0
2047,36085012500,3.2,93.0,15.7,6.1
2048,36085012804,1.9,99.1,9.6,14.3
2049,36085012805,6.2,96.0,7.1,8.0
2050,36085012806,5.2,97.5,12.9,14.5
2051,36085013201,2.9,94.9,3.8,8.7
2052,36085013203,7.5,98.4,8.0,6.4
2053,36085013204,5.3,98.2,4.2,4.1
2054,36085013301,11.3,91.7,60.5,23.5
2055,36085013302,4.3,83.8,20.8,8.9
2056,36085013400,5.4,96.0,9.3,4.1
2057,36085013800,3.7,99.4,6.9,6.4
2058,36085014100,4.5,96.6,11.2,9.7
2059,36085014604,3.9,98.1,2.7,5.4
2060,36085014605,3.2,97.0,4.6,3.9
2061,36085014606,4.4,97.4,3.9,16.0
2062,36085014607,2.3,97.6,5.3,7.2
2063,36085014608,7.0,97.6,3.3,7.7
2064,36085014700,1.2,97.5,4.1,1.7
2065,36085015100,5.2,96.1,5.8,3.3
2066,36085015601,5.4,99.5,2.6,4.1
2067,36085015602,3.0,99.8,3.7,2.6
2068,36085015603,6.6,97.3,10.9,11.7
2069,36085016901,6.9,89.1,7.6,16.0
2070,36085017005,3.3,97.1,3.8,10.2
2071,36085017007,3.4,96.3,4.7,7.7
2072,36085017008,7.2,99.1,5.9,6.9
2073,36085017009,4.1,98.1,2.8,7.8
2074,36085017010,6.6,95.4,7.8,5.2
2075,36085017011,3.3,97.8,6.0,2.3
2076,36085017012,4.0,98.4,9.5,6.0
2077,36085017300,6.2,96.2,23.9,15.8
2078,36085017600,4.2,98.7,4.5,4.1
2079,36085017700,4.0,97.8,1.8,12.3
2080,36085018100,2.9,97.0,11.1,6.9
2081,36085018701,4.7,97.1,16.2,9.5
2082,36085018702,5.3,96.1,6.8,10.0
2083,36085018901,2.5,94.6,10.9,8.2
2084,36085018902,5.8,99.1,10.5,9.8
2085,36085019700,2.3,99.6,8.1,4.0
2086,36085019800,0.0,99.4,4.1,5.6
2087,36085020100,1.9,90.2,7.6,5.6
2088,36085020700,5.4,82.5,31.1,7.4
2089,36085020801,3.3,99.0,10.0,7.0
2090,36085020803,3.6,97.2,10.4,5.4
2091,36085020804,0.8,97.8,2.1,6.1
2092,36085021300,4.4,93.8,11.0,4.1
2093,36085022300,7.4,95.2,23.8,8.4
2094,36085022600,2.7,97.6,2.6,6.7
2095,36085022800,0.0,100.0,0.0,0.0
2096,36085023100,2.4,90.2,15.3,13.1
2097,36085023900,4.8,91.4,13.2,7.0
2098,36085024401,2.5,95.1,5.6,2.6
2099,36085024402,6.0,98.1,3.3,2.8
2100,36085024700,5.5,93.4,10.6,6.0
2101,36085024800,3.2,96.8,4.3,5.1
2102,36085025100,5.2,96.7,4.1,7.0
2103,36085027301,4.7,95.0,12.1,13.6
2104,36085027302,1.9,97.2,11.5,9.7
2105,36085027702,5.5,98.8,11.3,7.6
2106,36085027704,5.3,95.1,6.9,9.8
2107,36085027705,5.2,93.0,6.3,14.9
2108,36085027706,2.6,97.6,6.1,12.8
2109,36085027900,2.7,97.3,5.9,4.8
2110,36085029102,0.0,90.7,11.9,7.3
2111,36085029103,4.7,97.9,6.8,6.6
2112,36085029104,5.9,97.1,4.1,10.1
2113,36085030301,4.3,94.5,5.2,12.4
2114,36085030302,5.5,94.9,15.0,8.1
2115,36085031901,5.9,96.2,34.8,8.8
2116,36085031902,2.1,94.9,28.1,6.8
2117,36085032300,3.2,95.6,21.8,7.7
